vin_diff,decisions,code_nominal,code_physical,residual_v,clip_low_nom,clip_high_nom,clip_low_phy,clip_high_phy
-0.85968269,11111101100000,0,0,-4.199718e-04,0,0,0,0
-0.85926292,11111101011111,1,1,2.052767e-07,0,0,0,0
-0.85884315,11111101011110,2,2,-4.195617e-04,0,0,0,0
-0.85842339,11111101011101,3,3,6.154054e-07,0,0,0,0
-0.85800362,11111101011100,4,4,-4.191515e-04,0,0,0,0
-0.85758385,11111101011011,5,5,1.025534e-06,0,0,0,0
-0.85716409,11111101011010,6,6,-4.187414e-04,0,0,0,0
-0.85674432,11111101011001,7,7,1.435663e-06,0,0,0,0
-0.85632455,11111101011000,8,8,-4.183313e-04,0,0,0,0
-0.85590479,11111101010111,9,9,1.845792e-06,0,0,0,0
-0.85548502,11111101010110,10,10,-4.179211e-04,0,0,0,0
-0.85506525,11111101010101,11,11,2.255920e-06,0,0,0,0
-0.85464548,11111101010100,12,12,-4.175110e-04,0,0,0,0
-0.85422572,11111101010011,13,13,2.666049e-06,0,0,0,0
-0.85380595,11111101010010,14,14,-4.171009e-04,0,0,0,0
-0.85338618,11111101010001,15,15,3.076178e-06,0,0,0,0
-0.85296642,11111101010000,16,16,-4.166908e-04,0,0,0,0
-0.85254665,11111101001111,17,17,3.486306e-06,0,0,0,0
-0.85212688,11111101001110,18,18,-4.162806e-04,0,0,0,0
-0.85170712,11111101001101,19,19,3.896435e-06,0,0,0,0
-0.85128735,11111101001100,20,20,-4.158705e-04,0,0,0,0
-0.85086758,11111101001011,21,21,4.306564e-06,0,0,0,0
-0.85044782,11111101001010,22,22,-4.154604e-04,0,0,0,0
-0.85002805,11111101001001,23,23,4.716692e-06,0,0,0,0
-0.84960828,11111101001000,24,24,-4.150502e-04,0,0,0,0
-0.84918851,11111101000111,25,25,5.126821e-06,0,0,0,0
-0.84876875,11111101000110,26,26,-4.146401e-04,0,0,0,0
-0.84834898,11111101000101,27,27,5.536950e-06,0,0,0,0
-0.84792921,11111101000100,28,28,-4.142300e-04,0,0,0,0
-0.84750945,11111101000011,29,29,5.947079e-06,0,0,0,0
-0.84708968,11111101000010,30,30,-4.138199e-04,0,0,0,0
-0.84666991,11111101000001,31,31,6.357207e-06,0,0,0,0
-0.84625015,11111101000000,32,32,-4.134097e-04,0,0,0,0
-0.84583038,11111010111111,33,33,6.767336e-06,0,0,0,0
-0.84541061,11111010111110,34,34,-4.129996e-04,0,0,0,0
-0.84499085,11111010111101,35,35,7.177465e-06,0,0,0,0
-0.84457108,11111010111100,36,36,-4.125895e-04,0,0,0,0
-0.84415131,11111010111011,37,37,7.587593e-06,0,0,0,0
-0.84373154,11111010111010,38,38,-4.121793e-04,0,0,0,0
-0.84331178,11111010111001,39,39,7.997722e-06,0,0,0,0
-0.84289201,11111010111000,40,40,-4.117692e-04,0,0,0,0
-0.84247224,11111010110111,41,41,8.407851e-06,0,0,0,0
-0.84205248,11111010110110,42,42,-4.113591e-04,0,0,0,0
-0.84163271,11111010110101,43,43,8.817979e-06,0,0,0,0
-0.84121294,11111010110100,44,44,-4.109490e-04,0,0,0,0
-0.84079318,11111010110011,45,45,9.228108e-06,0,0,0,0
-0.84037341,11111010110010,46,46,-4.105388e-04,0,0,0,0
-0.83995364,11111010110001,47,47,9.638237e-06,0,0,0,0
-0.83953388,11111010110000,48,48,-4.101287e-04,0,0,0,0
-0.83911411,11111010101111,49,49,1.004837e-05,0,0,0,0
-0.83869434,11111010101110,50,50,-4.097186e-04,0,0,0,0
-0.83827457,11111010101101,51,51,1.045849e-05,0,0,0,0
-0.83785481,11111010101100,52,52,-4.093084e-04,0,0,0,0
-0.83743504,11111010101011,53,53,1.086862e-05,0,0,0,0
-0.83701527,11111010101010,54,54,-4.088983e-04,0,0,0,0
-0.83659551,11111010101001,55,55,1.127875e-05,0,0,0,0
-0.83617574,11111010101000,56,56,-4.084882e-04,0,0,0,0
-0.83575597,11111010100111,57,57,1.168888e-05,0,0,0,0
-0.83533621,11111010100110,58,58,-4.080781e-04,0,0,0,0
-0.83491644,11111010100101,59,59,1.209901e-05,0,0,0,0
-0.83449667,11111010100100,60,60,-4.076679e-04,0,0,0,0
-0.8340769,11111010100011,61,61,1.250914e-05,0,0,0,0
-0.83365714,11111010100010,62,62,-4.072578e-04,0,0,0,0
-0.83323737,11111010100001,63,63,1.291927e-05,0,0,0,0
-0.8328176,11111010100000,64,64,-4.068477e-04,0,0,0,0
-0.83239784,11111001100000,65,65,-4.066426e-04,0,0,0,0
-0.83197807,11111001011111,66,66,1.353446e-05,0,0,0,0
-0.8315583,11111001011110,67,67,-4.062325e-04,0,0,0,0
-0.83113854,11111001011101,68,68,1.394459e-05,0,0,0,0
-0.83071877,11111001011100,69,69,-4.058223e-04,0,0,0,0
-0.830299,11111001011011,70,70,1.435472e-05,0,0,0,0
-0.82987924,11111001011010,71,71,-4.054122e-04,0,0,0,0
-0.82945947,11111001011001,72,72,1.476485e-05,0,0,0,0
-0.8290397,11111001011000,73,73,-4.050021e-04,0,0,0,0
-0.82861993,11111001010111,74,74,1.517497e-05,0,0,0,0
-0.82820017,11111001010110,75,75,-4.045920e-04,0,0,0,0
-0.8277804,11111001010101,76,76,1.558510e-05,0,0,0,0
-0.82736063,11111001010100,77,77,-4.041818e-04,0,0,0,0
-0.82694087,11111001010011,78,78,1.599523e-05,0,0,0,0
-0.8265211,11111001010010,79,79,-4.037717e-04,0,0,0,0
-0.82610133,11111001010001,80,80,1.640536e-05,0,0,0,0
-0.82568157,11111001010000,81,81,-4.033616e-04,0,0,0,0
-0.8252618,11111001001111,82,82,1.681549e-05,0,0,0,0
-0.82484203,11111001001110,83,83,-4.029514e-04,0,0,0,0
-0.82442227,11111001001101,84,84,1.722562e-05,0,0,0,0
-0.8240025,11111001001100,85,85,-4.025413e-04,0,0,0,0
-0.82358273,11111001001011,86,86,1.763575e-05,0,0,0,0
-0.82316296,11111001001010,87,87,-4.021312e-04,0,0,0,0
-0.8227432,11111001001001,88,88,1.804588e-05,0,0,0,0
-0.82232343,11111001001000,89,89,-4.017211e-04,0,0,0,0
-0.82190366,11111001000111,90,90,1.845600e-05,0,0,0,0
-0.8214839,11111001000110,91,91,-4.013109e-04,0,0,0,0
-0.82106413,11111001000101,92,92,1.886613e-05,0,0,0,0
-0.82064436,11111001000100,93,93,-4.009008e-04,0,0,0,0
-0.8202246,11111001000011,94,94,1.927626e-05,0,0,0,0
-0.81980483,11111001000010,95,95,-4.004907e-04,0,0,0,0
-0.81938506,11111001000001,96,96,1.968639e-05,0,0,0,0
-0.8189653,11111001000000,97,97,-4.000805e-04,0,0,0,0
-0.81854553,11110110111111,98,98,2.009652e-05,0,0,0,0
-0.81812576,11110110111110,99,99,-3.996704e-04,0,0,0,0
-0.81770599,11110110111101,100,100,2.050665e-05,0,0,0,0
-0.81728623,11110110111100,101,101,-3.992603e-04,0,0,0,0
-0.81686646,11110110111011,102,102,2.091678e-05,0,0,0,0
-0.81644669,11110110111010,103,103,-3.988502e-04,0,0,0,0
-0.81602693,11110110111001,104,104,2.132690e-05,0,0,0,0
-0.81560716,11110110111000,105,105,-3.984400e-04,0,0,0,0
-0.81518739,11110110110111,106,106,2.173703e-05,0,0,0,0
-0.81476763,11110110110110,107,107,-3.980299e-04,0,0,0,0
-0.81434786,11110110110101,108,108,2.214716e-05,0,0,0,0
-0.81392809,11110110110100,109,109,-3.976198e-04,0,0,0,0
-0.81350832,11110110110011,110,110,2.255729e-05,0,0,0,0
-0.81308856,11110110110010,111,111,-3.972096e-04,0,0,0,0
-0.81266879,11110110110001,112,112,2.296742e-05,0,0,0,0
-0.81224902,11110110110000,113,113,-3.967995e-04,0,0,0,0
-0.81182926,11110110101111,114,114,2.337755e-05,0,0,0,0
-0.81140949,11110110101110,115,115,-3.963894e-04,0,0,0,0
-0.81098972,11110110101101,116,116,2.378768e-05,0,0,0,0
-0.81056996,11110110101100,117,117,-3.959793e-04,0,0,0,0
-0.81015019,11110110101011,118,118,2.419781e-05,0,0,0,0
-0.80973042,11110110101010,119,119,-3.955691e-04,0,0,0,0
-0.80931066,11110110101001,120,120,2.460793e-05,0,0,0,0
-0.80889089,11110110101000,121,121,-3.951590e-04,0,0,0,0
-0.80847112,11110110100111,122,122,2.501806e-05,0,0,0,0
-0.80805135,11110110100110,123,123,-3.947489e-04,0,0,0,0
-0.80763159,11110110100101,124,124,2.542819e-05,0,0,0,0
-0.80721182,11110110100100,125,125,-3.943387e-04,0,0,0,0
-0.80679205,11110110100011,126,126,2.583832e-05,0,0,0,0
-0.80637229,11110110100010,127,127,-3.939286e-04,0,0,0,0
-0.80595252,11110110100001,128,128,2.624845e-05,0,0,0,0
-0.80553275,11110110100000,129,129,-3.935185e-04,0,0,0,0
-0.80511299,11110101100000,130,130,-3.933134e-04,0,0,0,0
-0.80469322,11110101011111,131,131,2.686364e-05,0,0,0,0
-0.80427345,11110101011110,132,132,-3.929033e-04,0,0,0,0
-0.80385369,11110101011101,133,133,2.727377e-05,0,0,0,0
-0.80343392,11110101011100,134,134,-3.924932e-04,0,0,0,0
-0.80301415,11110101011011,135,135,2.768390e-05,0,0,0,0
-0.80259438,11110101011010,136,136,-3.920830e-04,0,0,0,0
-0.80217462,11110101011001,137,137,2.809403e-05,0,0,0,0
-0.80175485,11110101011000,138,138,-3.916729e-04,0,0,0,0
-0.80133508,11110101010111,139,139,2.850416e-05,0,0,0,0
-0.80091532,11110101010110,140,140,-3.912628e-04,0,0,0,0
-0.80049555,11110101010101,141,141,2.891429e-05,0,0,0,0
-0.80007578,11110101010100,142,142,-3.908527e-04,0,0,0,0
-0.79965602,11110101010011,143,143,2.932441e-05,0,0,0,0
-0.79923625,11110101010010,144,144,-3.904425e-04,0,0,0,0
-0.79881648,11110101010001,145,145,2.973454e-05,0,0,0,0
-0.79839672,11110101010000,146,146,-3.900324e-04,0,0,0,0
-0.79797695,11110101001111,147,147,3.014467e-05,0,0,0,0
-0.79755718,11110101001110,148,148,-3.896223e-04,0,0,0,0
-0.79713741,11110101001101,149,149,3.055480e-05,0,0,0,0
-0.79671765,11110101001100,150,150,-3.892121e-04,0,0,0,0
-0.79629788,11110101001011,151,151,3.096493e-05,0,0,0,0
-0.79587811,11110101001010,152,152,-3.888020e-04,0,0,0,0
-0.79545835,11110101001001,153,153,3.137506e-05,0,0,0,0
-0.79503858,11110101001000,154,154,-3.883919e-04,0,0,0,0
-0.79461881,11110101000111,155,155,3.178519e-05,0,0,0,0
-0.79419905,11110101000110,156,156,-3.879818e-04,0,0,0,0
-0.79377928,11110101000101,157,157,3.219532e-05,0,0,0,0
-0.79335951,11110101000100,158,158,-3.875716e-04,0,0,0,0
-0.79293974,11110101000011,159,159,3.260544e-05,0,0,0,0
-0.79251998,11110101000010,160,160,-3.871615e-04,0,0,0,0
-0.79210021,11110101000001,161,161,3.301557e-05,0,0,0,0
-0.79168044,11110101000000,162,162,-3.867514e-04,0,0,0,0
-0.79126068,11110010111111,163,163,3.342570e-05,0,0,0,0
-0.79084091,11110010111110,164,164,-3.863412e-04,0,0,0,0
-0.79042114,11110010111101,165,165,3.383583e-05,0,0,0,0
-0.79000138,11110010111100,166,166,-3.859311e-04,0,0,0,0
-0.78958161,11110010111011,167,167,3.424596e-05,0,0,0,0
-0.78916184,11110010111010,168,168,-3.855210e-04,0,0,0,0
-0.78874208,11110010111001,169,169,3.465609e-05,0,0,0,0
-0.78832231,11110010111000,170,170,-3.851108e-04,0,0,0,0
-0.78790254,11110010110111,171,171,3.506622e-05,0,0,0,0
-0.78748277,11110010110110,172,172,-3.847007e-04,0,0,0,0
-0.78706301,11110010110101,173,173,3.547635e-05,0,0,0,0
-0.78664324,11110010110100,174,174,-3.842906e-04,0,0,0,0
-0.78622347,11110010110011,175,175,3.588647e-05,0,0,0,0
-0.78580371,11110010110010,176,176,-3.838805e-04,0,0,0,0
-0.78538394,11110010110001,177,177,3.629660e-05,0,0,0,0
-0.78496417,11110010110000,178,178,-3.834703e-04,0,0,0,0
-0.78454441,11110010101111,179,179,3.670673e-05,0,0,0,0
-0.78412464,11110010101110,180,180,-3.830602e-04,0,0,0,0
-0.78370487,11110010101101,181,181,3.711686e-05,0,0,0,0
-0.78328511,11110010101100,182,182,-3.826501e-04,0,0,0,0
-0.78286534,11110010101011,183,183,3.752699e-05,0,0,0,0
-0.78244557,11110010101010,184,184,-3.822399e-04,0,0,0,0
-0.7820258,11110010101001,185,185,3.793712e-05,0,0,0,0
-0.78160604,11110010101000,186,186,-3.818298e-04,0,0,0,0
-0.78118627,11110010100111,187,187,3.834725e-05,0,0,0,0
-0.7807665,11110010100110,188,188,-3.814197e-04,0,0,0,0
-0.78034674,11110010100101,189,189,3.875737e-05,0,0,0,0
-0.77992697,11110010100100,190,190,-3.810096e-04,0,0,0,0
-0.7795072,11110010100011,191,191,3.916750e-05,0,0,0,0
-0.77908744,11110010100010,192,192,-3.805994e-04,0,0,0,0
-0.77866767,11110010100001,193,193,3.957763e-05,0,0,0,0
-0.7782479,11110010100000,194,194,-3.801893e-04,0,0,0,0
-0.77782814,11110001100000,195,195,-3.799842e-04,0,0,0,0
-0.77740837,11110001011111,196,196,4.019283e-05,0,0,0,0
-0.7769886,11110001011110,197,197,-3.795741e-04,0,0,0,0
-0.77656883,11110001011101,198,198,4.060295e-05,0,0,0,0
-0.77614907,11110001011100,199,199,-3.791640e-04,0,0,0,0
-0.7757293,11110001011011,200,200,4.101308e-05,0,0,0,0
-0.77530953,11110001011010,201,201,-3.787539e-04,0,0,0,0
-0.77488977,11110001011001,202,202,4.142321e-05,0,0,0,0
-0.77447,11110001011000,203,203,-3.783437e-04,0,0,0,0
-0.77405023,11110001010111,204,204,4.183334e-05,0,0,0,0
-0.77363047,11110001010110,205,205,-3.779336e-04,0,0,0,0
-0.7732107,11110001010101,206,206,4.224347e-05,0,0,0,0
-0.77279093,11110001010100,207,207,-3.775235e-04,0,0,0,0
-0.77237117,11110001010011,208,208,4.265360e-05,0,0,0,0
-0.7719514,11110001010010,209,209,-3.771133e-04,0,0,0,0
-0.77153163,11110001010001,210,210,4.306373e-05,0,0,0,0
-0.77111186,11110001010000,211,211,-3.767032e-04,0,0,0,0
-0.7706921,11110001001111,212,212,4.347385e-05,0,0,0,0
-0.77027233,11110001001110,213,213,-3.762931e-04,0,0,0,0
-0.76985256,11110001001101,214,214,4.388398e-05,0,0,0,0
-0.7694328,11110001001100,215,215,-3.758830e-04,0,0,0,0
-0.76901303,11110001001011,216,216,4.429411e-05,0,0,0,0
-0.76859326,11110001001010,217,217,-3.754728e-04,0,0,0,0
-0.7681735,11110001001001,218,218,4.470424e-05,0,0,0,0
-0.76775373,11110001001000,219,219,-3.750627e-04,0,0,0,0
-0.76733396,11110001000111,220,220,4.511437e-05,0,0,0,0
-0.76691419,11110001000110,221,221,-3.746526e-04,0,0,0,0
-0.76649443,11110001000101,222,222,4.552450e-05,0,0,0,0
-0.76607466,11110001000100,223,223,-3.742424e-04,0,0,0,0
-0.76565489,11110001000011,224,224,4.593463e-05,0,0,0,0
-0.76523513,11110001000010,225,225,-3.738323e-04,0,0,0,0
-0.76481536,11110001000001,226,226,4.634476e-05,0,0,0,0
-0.76439559,11110001000000,227,227,-3.734222e-04,0,0,0,0
-0.76397583,11101110111111,228,228,4.675488e-05,0,0,0,0
-0.76355606,11101110111110,229,229,-3.730121e-04,0,0,0,0
-0.76313629,11101110111101,230,230,4.716501e-05,0,0,0,0
-0.76271653,11101110111100,231,231,-3.726019e-04,0,0,0,0
-0.76229676,11101110111011,232,232,4.757514e-05,0,0,0,0
-0.76187699,11101110111010,233,233,-3.721918e-04,0,0,0,0
-0.76145722,11101110111001,234,234,4.798527e-05,0,0,0,0
-0.76103746,11101110111000,235,235,-3.717817e-04,0,0,0,0
-0.76061769,11101110110111,236,236,4.839540e-05,0,0,0,0
-0.76019792,11101110110110,237,237,-3.713715e-04,0,0,0,0
-0.75977816,11101110110101,238,238,4.880553e-05,0,0,0,0
-0.75935839,11101110110100,239,239,-3.709614e-04,0,0,0,0
-0.75893862,11101110110011,240,240,4.921566e-05,0,0,0,0
-0.75851886,11101110110010,241,241,-3.705513e-04,0,0,0,0
-0.75809909,11101110110001,242,242,4.962579e-05,0,0,0,0
-0.75767932,11101110110000,243,243,-3.701412e-04,0,0,0,0
-0.75725956,11101110101111,244,244,5.003591e-05,0,0,0,0
-0.75683979,11101110101110,245,245,-3.697310e-04,0,0,0,0
-0.75642002,11101110101101,246,246,5.044604e-05,0,0,0,0
-0.75600025,11101110101100,247,247,-3.693209e-04,0,0,0,0
-0.75558049,11101110101011,248,248,5.085617e-05,0,0,0,0
-0.75516072,11101110101010,249,249,-3.689108e-04,0,0,0,0
-0.75474095,11101110101001,250,250,5.126630e-05,0,0,0,0
-0.75432119,11101110101000,251,251,-3.685006e-04,0,0,0,0
-0.75390142,11101110100111,252,252,5.167643e-05,0,0,0,0
-0.75348165,11101110100110,253,253,-3.680905e-04,0,0,0,0
-0.75306189,11101110100101,254,254,5.208656e-05,0,0,0,0
-0.75264212,11101110100100,255,255,-3.676804e-04,0,0,0,0
-0.75222235,11101110100011,256,256,5.249669e-05,0,0,0,0
-0.75180259,11101110100010,257,257,-3.672703e-04,0,0,0,0
-0.75138282,11101110100001,258,258,5.290681e-05,0,0,0,0
-0.75096305,11101110100000,259,259,-3.668601e-04,0,0,0,0
-0.75054328,11101101100000,260,260,-3.666551e-04,0,0,0,0
-0.75012352,11101101011111,261,261,5.352201e-05,0,0,0,0
-0.74970375,11101101011110,262,262,-3.662449e-04,0,0,0,0
-0.74928398,11101101011101,263,263,5.393214e-05,0,0,0,0
-0.74886422,11101101011100,264,264,-3.658348e-04,0,0,0,0
-0.74844445,11101101011011,265,265,5.434227e-05,0,0,0,0
-0.74802468,11101101011010,266,266,-3.654247e-04,0,0,0,0
-0.74760492,11101101011001,267,267,5.475239e-05,0,0,0,0
-0.74718515,11101101011000,268,268,-3.650145e-04,0,0,0,0
-0.74676538,11101101010111,269,269,5.516252e-05,0,0,0,0
-0.74634561,11101101010110,270,270,-3.646044e-04,0,0,0,0
-0.74592585,11101101010101,271,271,5.557265e-05,0,0,0,0
-0.74550608,11101101010100,272,272,-3.641943e-04,0,0,0,0
-0.74508631,11101101010011,273,273,5.598278e-05,0,0,0,0
-0.74466655,11101101010010,274,274,-3.637842e-04,0,0,0,0
-0.74424678,11101101010001,275,275,5.639291e-05,0,0,0,0
-0.74382701,11101101010000,276,276,-3.633740e-04,0,0,0,0
-0.74340725,11101101001111,277,277,5.680304e-05,0,0,0,0
-0.74298748,11101101001110,278,278,-3.629639e-04,0,0,0,0
-0.74256771,11101101001101,279,279,5.721317e-05,0,0,0,0
-0.74214795,11101101001100,280,280,-3.625538e-04,0,0,0,0
-0.74172818,11101101001011,281,281,5.762329e-05,0,0,0,0
-0.74130841,11101101001010,282,282,-3.621436e-04,0,0,0,0
-0.74088864,11101101001001,283,283,5.803342e-05,0,0,0,0
-0.74046888,11101101001000,284,284,-3.617335e-04,0,0,0,0
-0.74004911,11101101000111,285,285,5.844355e-05,0,0,0,0
-0.73962934,11101101000110,286,286,-3.613234e-04,0,0,0,0
-0.73920958,11101101000101,287,287,5.885368e-05,0,0,0,0
-0.73878981,11101101000100,288,288,-3.609133e-04,0,0,0,0
-0.73837004,11101101000011,289,289,5.926381e-05,0,0,0,0
-0.73795028,11101101000010,290,290,-3.605031e-04,0,0,0,0
-0.73753051,11101101000001,291,291,5.967394e-05,0,0,0,0
-0.73711074,11101101000000,292,292,-3.600930e-04,0,0,0,0
-0.73669098,11101010111111,293,293,6.008407e-05,0,0,0,0
-0.73627121,11101010111110,294,294,-3.596829e-04,0,0,0,0
-0.73585144,11101010111101,295,295,6.049420e-05,0,0,0,0
-0.73543167,11101010111100,296,296,-3.592727e-04,0,0,0,0
-0.73501191,11101010111011,297,297,6.090432e-05,0,0,0,0
-0.73459214,11101010111010,298,298,-3.588626e-04,0,0,0,0
-0.73417237,11101010111001,299,299,6.131445e-05,0,0,0,0
-0.73375261,11101010111000,300,300,-3.584525e-04,0,0,0,0
-0.73333284,11101010110111,301,301,6.172458e-05,0,0,0,0
-0.73291307,11101010110110,302,302,-3.580424e-04,0,0,0,0
-0.73249331,11101010110101,303,303,6.213471e-05,0,0,0,0
-0.73207354,11101010110100,304,304,-3.576322e-04,0,0,0,0
-0.73165377,11101010110011,305,305,6.254484e-05,0,0,0,0
-0.73123401,11101010110010,306,306,-3.572221e-04,0,0,0,0
-0.73081424,11101010110001,307,307,6.295497e-05,0,0,0,0
-0.73039447,11101010110000,308,308,-3.568120e-04,0,0,0,0
-0.7299747,11101010101111,309,309,6.336510e-05,0,0,0,0
-0.72955494,11101010101110,310,310,-3.564018e-04,0,0,0,0
-0.72913517,11101010101101,311,311,6.377523e-05,0,0,0,0
-0.7287154,11101010101100,312,312,-3.559917e-04,0,0,0,0
-0.72829564,11101010101011,313,313,6.418535e-05,0,0,0,0
-0.72787587,11101010101010,314,314,-3.555816e-04,0,0,0,0
-0.7274561,11101010101001,315,315,6.459548e-05,0,0,0,0
-0.72703634,11101010101000,316,316,-3.551715e-04,0,0,0,0
-0.72661657,11101010100111,317,317,6.500561e-05,0,0,0,0
-0.7261968,11101010100110,318,318,-3.547613e-04,0,0,0,0
-0.72577703,11101010100101,319,319,6.541574e-05,0,0,0,0
-0.72535727,11101010100100,320,320,-3.543512e-04,0,0,0,0
-0.7249375,11101010100011,321,321,6.582587e-05,0,0,0,0
-0.72451773,11101010100010,322,322,-3.539411e-04,0,0,0,0
-0.72409797,11101010100001,323,323,6.623600e-05,0,0,0,0
-0.7236782,11101010100000,324,324,-3.535309e-04,0,0,0,0
-0.72325843,11101001100000,325,325,-3.533259e-04,0,0,0,0
-0.72283867,11101001011111,326,326,6.685119e-05,0,0,0,0
-0.7224189,11101001011110,327,327,-3.529157e-04,0,0,0,0
-0.72199913,11101001011101,328,328,6.726132e-05,0,0,0,0
-0.72157937,11101001011100,329,329,-3.525056e-04,0,0,0,0
-0.7211596,11101001011011,330,330,6.767145e-05,0,0,0,0
-0.72073983,11101001011010,331,331,-3.520955e-04,0,0,0,0
-0.72032006,11101001011001,332,332,6.808158e-05,0,0,0,0
-0.7199003,11101001011000,333,333,-3.516854e-04,0,0,0,0
-0.71948053,11101001010111,334,334,6.849171e-05,0,0,0,0
-0.71906076,11101001010110,335,335,-3.512752e-04,0,0,0,0
-0.718641,11101001010101,336,336,6.890183e-05,0,0,0,0
-0.71822123,11101001010100,337,337,-3.508651e-04,0,0,0,0
-0.71780146,11101001010011,338,338,6.931196e-05,0,0,0,0
-0.7173817,11101001010010,339,339,-3.504550e-04,0,0,0,0
-0.71696193,11101001010001,340,340,6.972209e-05,0,0,0,0
-0.71654216,11101001010000,341,341,-3.500448e-04,0,0,0,0
-0.7161224,11101001001111,342,342,7.013222e-05,0,0,0,0
-0.71570263,11101001001110,343,343,-3.496347e-04,0,0,0,0
-0.71528286,11101001001101,344,344,7.054235e-05,0,0,0,0
-0.71486309,11101001001100,345,345,-3.492246e-04,0,0,0,0
-0.71444333,11101001001011,346,346,7.095248e-05,0,0,0,0
-0.71402356,11101001001010,347,347,-3.488145e-04,0,0,0,0
-0.71360379,11101001001001,348,348,7.136261e-05,0,0,0,0
-0.71318403,11101001001000,349,349,-3.484043e-04,0,0,0,0
-0.71276426,11101001000111,350,350,7.177274e-05,0,0,0,0
-0.71234449,11101001000110,351,351,-3.479942e-04,0,0,0,0
-0.71192473,11101001000101,352,352,7.218286e-05,0,0,0,0
-0.71150496,11101001000100,353,353,-3.475841e-04,0,0,0,0
-0.71108519,11101001000011,354,354,7.259299e-05,0,0,0,0
-0.71066543,11101001000010,355,355,-3.471739e-04,0,0,0,0
-0.71024566,11101001000001,356,356,7.300312e-05,0,0,0,0
-0.70982589,11101001000000,357,357,-3.467638e-04,0,0,0,0
-0.70940612,11100110111111,358,358,7.341325e-05,0,0,0,0
-0.70898636,11100110111110,359,359,-3.463537e-04,0,0,0,0
-0.70856659,11100110111101,360,360,7.382338e-05,0,0,0,0
-0.70814682,11100110111100,361,361,-3.459436e-04,0,0,0,0
-0.70772706,11100110111011,362,362,7.423351e-05,0,0,0,0
-0.70730729,11100110111010,363,363,-3.455334e-04,0,0,0,0
-0.70688752,11100110111001,364,364,7.464364e-05,0,0,0,0
-0.70646776,11100110111000,365,365,-3.451233e-04,0,0,0,0
-0.70604799,11100110110111,366,366,7.505376e-05,0,0,0,0
-0.70562822,11100110110110,367,367,-3.447132e-04,0,0,0,0
-0.70520846,11100110110101,368,368,7.546389e-05,0,0,0,0
-0.70478869,11100110110100,369,369,-3.443030e-04,0,0,0,0
-0.70436892,11100110110011,370,370,7.587402e-05,0,0,0,0
-0.70394915,11100110110010,371,371,-3.438929e-04,0,0,0,0
-0.70352939,11100110110001,372,372,7.628415e-05,0,0,0,0
-0.70310962,11100110110000,373,373,-3.434828e-04,0,0,0,0
-0.70268985,11100110101111,374,374,7.669428e-05,0,0,0,0
-0.70227009,11100110101110,375,375,-3.430727e-04,0,0,0,0
-0.70185032,11100110101101,376,376,7.710441e-05,0,0,0,0
-0.70143055,11100110101100,377,377,-3.426625e-04,0,0,0,0
-0.70101079,11100110101011,378,378,7.751454e-05,0,0,0,0
-0.70059102,11100110101010,379,379,-3.422524e-04,0,0,0,0
-0.70017125,11100110101001,380,380,7.792467e-05,0,0,0,0
-0.69975148,11100110101000,381,381,-3.418423e-04,0,0,0,0
-0.69933172,11100110100111,382,382,7.833479e-05,0,0,0,0
-0.69891195,11100110100110,383,383,-3.414321e-04,0,0,0,0
-0.69849218,11100110100101,384,384,7.874492e-05,0,0,0,0
-0.69807242,11100110100100,385,385,-3.410220e-04,0,0,0,0
-0.69765265,11100110100011,386,386,7.915505e-05,0,0,0,0
-0.69723288,11100110100010,387,387,-3.406119e-04,0,0,0,0
-0.69681312,11100110100001,388,388,7.956518e-05,0,0,0,0
-0.69639335,11100110100000,389,389,-3.402018e-04,0,0,0,0
-0.69597358,11100101100000,390,390,-3.399967e-04,0,0,0,0
-0.69555382,11100101011111,391,391,8.018037e-05,0,0,0,0
-0.69513405,11100101011110,392,392,-3.395866e-04,0,0,0,0
-0.69471428,11100101011101,393,393,8.059050e-05,0,0,0,0
-0.69429451,11100101011100,394,394,-3.391764e-04,0,0,0,0
-0.69387475,11100101011011,395,395,8.100063e-05,0,0,0,0
-0.69345498,11100101011010,396,396,-3.387663e-04,0,0,0,0
-0.69303521,11100101011001,397,397,8.141076e-05,0,0,0,0
-0.69261545,11100101011000,398,398,-3.383562e-04,0,0,0,0
-0.69219568,11100101010111,399,399,8.182089e-05,0,0,0,0
-0.69177591,11100101010110,400,400,-3.379460e-04,0,0,0,0
-0.69135615,11100101010101,401,401,8.223102e-05,0,0,0,0
-0.69093638,11100101010100,402,402,-3.375359e-04,0,0,0,0
-0.69051661,11100101010011,403,403,8.264115e-05,0,0,0,0
-0.69009685,11100101010010,404,404,-3.371258e-04,0,0,0,0
-0.68967708,11100101010001,405,405,8.305127e-05,0,0,0,0
-0.68925731,11100101010000,406,406,-3.367157e-04,0,0,0,0
-0.68883754,11100101001111,407,407,8.346140e-05,0,0,0,0
-0.68841778,11100101001110,408,408,-3.363055e-04,0,0,0,0
-0.68799801,11100101001101,409,409,8.387153e-05,0,0,0,0
-0.68757824,11100101001100,410,410,-3.358954e-04,0,0,0,0
-0.68715848,11100101001011,411,411,8.428166e-05,0,0,0,0
-0.68673871,11100101001010,412,412,-3.354853e-04,0,0,0,0
-0.68631894,11100101001001,413,413,8.469179e-05,0,0,0,0
-0.68589918,11100101001000,414,414,-3.350751e-04,0,0,0,0
-0.68547941,11100101000111,415,415,8.510192e-05,0,0,0,0
-0.68505964,11100101000110,416,416,-3.346650e-04,0,0,0,0
-0.68463988,11100101000101,417,417,8.551205e-05,0,0,0,0
-0.68422011,11100101000100,418,418,-3.342549e-04,0,0,0,0
-0.68380034,11100101000011,419,419,8.592218e-05,0,0,0,0
-0.68338057,11100101000010,420,420,-3.338448e-04,0,0,0,0
-0.68296081,11100101000001,421,421,8.633230e-05,0,0,0,0
-0.68254104,11100101000000,422,422,-3.334346e-04,0,0,0,0
-0.68212127,11100010111111,423,423,8.674243e-05,0,0,0,0
-0.68170151,11100010111110,424,424,-3.330245e-04,0,0,0,0
-0.68128174,11100010111101,425,425,8.715256e-05,0,0,0,0
-0.68086197,11100010111100,426,426,-3.326144e-04,0,0,0,0
-0.68044221,11100010111011,427,427,8.756269e-05,0,0,0,0
-0.68002244,11100010111010,428,428,-3.322042e-04,0,0,0,0
-0.67960267,11100010111001,429,429,8.797282e-05,0,0,0,0
-0.6791829,11100010111000,430,430,-3.317941e-04,0,0,0,0
-0.67876314,11100010110111,431,431,8.838295e-05,0,0,0,0
-0.67834337,11100010110110,432,432,-3.313840e-04,0,0,0,0
-0.6779236,11100010110101,433,433,8.879308e-05,0,0,0,0
-0.67750384,11100010110100,434,434,-3.309739e-04,0,0,0,0
-0.67708407,11100010110011,435,435,8.920320e-05,0,0,0,0
-0.6766643,11100010110010,436,436,-3.305637e-04,0,0,0,0
-0.67624454,11100010110001,437,437,8.961333e-05,0,0,0,0
-0.67582477,11100010110000,438,438,-3.301536e-04,0,0,0,0
-0.675405,11100010101111,439,439,9.002346e-05,0,0,0,0
-0.67498524,11100010101110,440,440,-3.297435e-04,0,0,0,0
-0.67456547,11100010101101,441,441,9.043359e-05,0,0,0,0
-0.6741457,11100010101100,442,442,-3.293333e-04,0,0,0,0
-0.67372593,11100010101011,443,443,9.084372e-05,0,0,0,0
-0.67330617,11100010101010,444,444,-3.289232e-04,0,0,0,0
-0.6728864,11100010101001,445,445,9.125385e-05,0,0,0,0
-0.67246663,11100010101000,446,446,-3.285131e-04,0,0,0,0
-0.67204687,11100010100111,447,447,9.166398e-05,0,0,0,0
-0.6716271,11100010100110,448,448,-3.281030e-04,0,0,0,0
-0.67120733,11100010100101,449,449,9.207411e-05,0,0,0,0
-0.67078757,11100010100100,450,450,-3.276928e-04,0,0,0,0
-0.6703678,11100010100011,451,451,9.248423e-05,0,0,0,0
-0.66994803,11100010100010,452,452,-3.272827e-04,0,0,0,0
-0.66952827,11100010100001,453,453,9.289436e-05,0,0,0,0
-0.6691085,11100010100000,454,454,-3.268726e-04,0,0,0,0
-0.66868873,11100001100000,455,455,-3.266675e-04,0,0,0,0
-0.66826896,11100001011111,456,456,9.350956e-05,0,0,0,0
-0.6678492,11100001011110,457,457,-3.262574e-04,0,0,0,0
-0.66742943,11100001011101,458,458,9.391968e-05,0,0,0,0
-0.66700966,11100001011100,459,459,-3.258473e-04,0,0,0,0
-0.6665899,11100001011011,460,460,9.432981e-05,0,0,0,0
-0.66617013,11100001011010,461,461,-3.254371e-04,0,0,0,0
-0.66575036,11100001011001,462,462,9.473994e-05,0,0,0,0
-0.6653306,11100001011000,463,463,-3.250270e-04,0,0,0,0
-0.66491083,11100001010111,464,464,9.515007e-05,0,0,0,0
-0.66449106,11100001010110,465,465,-3.246169e-04,0,0,0,0
-0.6640713,11100001010101,466,466,9.556020e-05,0,0,0,0
-0.66365153,11100001010100,467,467,-3.242067e-04,0,0,0,0
-0.66323176,11100001010011,468,468,9.597033e-05,0,0,0,0
-0.66281199,11100001010010,469,469,-3.237966e-04,0,0,0,0
-0.66239223,11100001010001,470,470,9.638046e-05,0,0,0,0
-0.66197246,11100001010000,471,471,-3.233865e-04,0,0,0,0
-0.66155269,11100001001111,472,472,9.679059e-05,0,0,0,0
-0.66113293,11100001001110,473,473,-3.229764e-04,0,0,0,0
-0.66071316,11100001001101,474,474,9.720071e-05,0,0,0,0
-0.66029339,11100001001100,475,475,-3.225662e-04,0,0,0,0
-0.65987363,11100001001011,476,476,9.761084e-05,0,0,0,0
-0.65945386,11100001001010,477,477,-3.221561e-04,0,0,0,0
-0.65903409,11100001001001,478,478,9.802097e-05,0,0,0,0
-0.65861432,11100001001000,479,479,-3.217460e-04,0,0,0,0
-0.65819456,11100001000111,480,480,9.843110e-05,0,0,0,0
-0.65777479,11100001000110,481,481,-3.213358e-04,0,0,0,0
-0.65735502,11100001000101,482,482,9.884123e-05,0,0,0,0
-0.65693526,11100001000100,483,483,-3.209257e-04,0,0,0,0
-0.65651549,11100001000011,484,484,9.925136e-05,0,0,0,0
-0.65609572,11100001000010,485,485,-3.205156e-04,0,0,0,0
-0.65567596,11100001000001,486,486,9.966149e-05,0,0,0,0
-0.65525619,11100001000000,487,487,-3.201055e-04,0,0,0,0
-0.65483642,11011110111111,488,488,1.000716e-04,0,0,0,0
-0.65441666,11011110111110,489,489,-3.196953e-04,0,0,0,0
-0.65399689,11011110111101,490,490,1.004817e-04,0,0,0,0
-0.65357712,11011110111100,491,491,-3.192852e-04,0,0,0,0
-0.65315735,11011110111011,492,492,1.008919e-04,0,0,0,0
-0.65273759,11011110111010,493,493,-3.188751e-04,0,0,0,0
-0.65231782,11011110111001,494,494,1.013020e-04,0,0,0,0
-0.65189805,11011110111000,495,495,-3.184649e-04,0,0,0,0
-0.65147829,11011110110111,496,496,1.017121e-04,0,0,0,0
-0.65105852,11011110110110,497,497,-3.180548e-04,0,0,0,0
-0.65063875,11011110110101,498,498,1.021223e-04,0,0,0,0
-0.65021899,11011110110100,499,499,-3.176447e-04,0,0,0,0
-0.64979922,11011110110011,500,500,1.025324e-04,0,0,0,0
-0.64937945,11011110110010,501,501,-3.172345e-04,0,0,0,0
-0.64895969,11011110110001,502,502,1.029425e-04,0,0,0,0
-0.64853992,11011110110000,503,503,-3.168244e-04,0,0,0,0
-0.64812015,11011110101111,504,504,1.033526e-04,0,0,0,0
-0.64770038,11011110101110,505,505,-3.164143e-04,0,0,0,0
-0.64728062,11011110101101,506,506,1.037628e-04,0,0,0,0
-0.64686085,11011110101100,507,507,-3.160042e-04,0,0,0,0
-0.64644108,11011110101011,508,508,1.041729e-04,0,0,0,0
-0.64602132,11011110101010,509,509,-3.155940e-04,0,0,0,0
-0.64560155,11011110101001,510,510,1.045830e-04,0,0,0,0
-0.64518178,11011110101000,511,511,-3.151839e-04,0,0,0,0
-0.64476202,11011110100111,512,512,1.049932e-04,0,0,0,0
-0.64434225,11011110100110,513,513,-3.147738e-04,0,0,0,0
-0.64392248,11011110100101,514,514,1.054033e-04,0,0,0,0
-0.64350272,11011110100100,515,515,-3.143636e-04,0,0,0,0
-0.64308295,11011110100011,516,516,1.058134e-04,0,0,0,0
-0.64266318,11011110100010,517,517,-3.139535e-04,0,0,0,0
-0.64224341,11011110100001,518,518,1.062235e-04,0,0,0,0
-0.64182365,11011110100000,519,519,-3.135434e-04,0,0,0,0
-0.64140388,11011101100000,520,520,-3.133383e-04,0,0,0,0
-0.64098411,11011101011111,521,521,1.068387e-04,0,0,0,0
-0.64056435,11011101011110,522,522,-3.129282e-04,0,0,0,0
-0.64014458,11011101011101,523,523,1.072489e-04,0,0,0,0
-0.63972481,11011101011100,524,524,-3.125181e-04,0,0,0,0
-0.63930505,11011101011011,525,525,1.076590e-04,0,0,0,0
-0.63888528,11011101011010,526,526,-3.121079e-04,0,0,0,0
-0.63846551,11011101011001,527,527,1.080691e-04,0,0,0,0
-0.63804575,11011101011000,528,528,-3.116978e-04,0,0,0,0
-0.63762598,11011101010111,529,529,1.084793e-04,0,0,0,0
-0.63720621,11011101010110,530,530,-3.112877e-04,0,0,0,0
-0.63678644,11011101010101,531,531,1.088894e-04,0,0,0,0
-0.63636668,11011101010100,532,532,-3.108776e-04,0,0,0,0
-0.63594691,11011101010011,533,533,1.092995e-04,0,0,0,0
-0.63552714,11011101010010,534,534,-3.104674e-04,0,0,0,0
-0.63510738,11011101010001,535,535,1.097096e-04,0,0,0,0
-0.63468761,11011101010000,536,536,-3.100573e-04,0,0,0,0
-0.63426784,11011101001111,537,537,1.101198e-04,0,0,0,0
-0.63384808,11011101001110,538,538,-3.096472e-04,0,0,0,0
-0.63342831,11011101001101,539,539,1.105299e-04,0,0,0,0
-0.63300854,11011101001100,540,540,-3.092370e-04,0,0,0,0
-0.63258877,11011101001011,541,541,1.109400e-04,0,0,0,0
-0.63216901,11011101001010,542,542,-3.088269e-04,0,0,0,0
-0.63174924,11011101001001,543,543,1.113502e-04,0,0,0,0
-0.63132947,11011101001000,544,544,-3.084168e-04,0,0,0,0
-0.63090971,11011101000111,545,545,1.117603e-04,0,0,0,0
-0.63048994,11011101000110,546,546,-3.080067e-04,0,0,0,0
-0.63007017,11011101000101,547,547,1.121704e-04,0,0,0,0
-0.62965041,11011101000100,548,548,-3.075965e-04,0,0,0,0
-0.62923064,11011101000011,549,549,1.125805e-04,0,0,0,0
-0.62881087,11011101000010,550,550,-3.071864e-04,0,0,0,0
-0.62839111,11011101000001,551,551,1.129907e-04,0,0,0,0
-0.62797134,11011101000000,552,552,-3.067763e-04,0,0,0,0
-0.62755157,11011010111111,553,553,1.134008e-04,0,0,0,0
-0.6271318,11011010111110,554,554,-3.063661e-04,0,0,0,0
-0.62671204,11011010111101,555,555,1.138109e-04,0,0,0,0
-0.62629227,11011010111100,556,556,-3.059560e-04,0,0,0,0
-0.6258725,11011010111011,557,557,1.142211e-04,0,0,0,0
-0.62545274,11011010111010,558,558,-3.055459e-04,0,0,0,0
-0.62503297,11011010111001,559,559,1.146312e-04,0,0,0,0
-0.6246132,11011010111000,560,560,-3.051358e-04,0,0,0,0
-0.62419344,11011010110111,561,561,1.150413e-04,0,0,0,0
-0.62377367,11011010110110,562,562,-3.047256e-04,0,0,0,0
-0.6233539,11011010110101,563,563,1.154514e-04,0,0,0,0
-0.62293414,11011010110100,564,564,-3.043155e-04,0,0,0,0
-0.62251437,11011010110011,565,565,1.158616e-04,0,0,0,0
-0.6220946,11011010110010,566,566,-3.039054e-04,0,0,0,0
-0.62167483,11011010110001,567,567,1.162717e-04,0,0,0,0
-0.62125507,11011010110000,568,568,-3.034952e-04,0,0,0,0
-0.6208353,11011010101111,569,569,1.166818e-04,0,0,0,0
-0.62041553,11011010101110,570,570,-3.030851e-04,0,0,0,0
-0.61999577,11011010101101,571,571,1.170920e-04,0,0,0,0
-0.619576,11011010101100,572,572,-3.026750e-04,0,0,0,0
-0.61915623,11011010101011,573,573,1.175021e-04,0,0,0,0
-0.61873647,11011010101010,574,574,-3.022649e-04,0,0,0,0
-0.6183167,11011010101001,575,575,1.179122e-04,0,0,0,0
-0.61789693,11011010101000,576,576,-3.018547e-04,0,0,0,0
-0.61747717,11011010100111,577,577,1.183223e-04,0,0,0,0
-0.6170574,11011010100110,578,578,-3.014446e-04,0,0,0,0
-0.61663763,11011010100101,579,579,1.187325e-04,0,0,0,0
-0.61621786,11011010100100,580,580,-3.010345e-04,0,0,0,0
-0.6157981,11011010100011,581,581,1.191426e-04,0,0,0,0
-0.61537833,11011010100010,582,582,-3.006243e-04,0,0,0,0
-0.61495856,11011010100001,583,583,1.195527e-04,0,0,0,0
-0.6145388,11011010100000,584,584,-3.002142e-04,0,0,0,0
-0.61411903,11011001100000,585,585,-3.000091e-04,0,0,0,0
-0.61369926,11011001011111,586,586,1.201679e-04,0,0,0,0
-0.6132795,11011001011110,587,587,-2.995990e-04,0,0,0,0
-0.61285973,11011001011101,588,588,1.205781e-04,0,0,0,0
-0.61243996,11011001011100,589,589,-2.991889e-04,0,0,0,0
-0.61202019,11011001011011,590,590,1.209882e-04,0,0,0,0
-0.61160043,11011001011010,591,591,-2.987788e-04,0,0,0,0
-0.61118066,11011001011001,592,592,1.213983e-04,0,0,0,0
-0.61076089,11011001011000,593,593,-2.983686e-04,0,0,0,0
-0.61034113,11011001010111,594,594,1.218084e-04,0,0,0,0
-0.60992136,11011001010110,595,595,-2.979585e-04,0,0,0,0
-0.60950159,11011001010101,596,596,1.222186e-04,0,0,0,0
-0.60908183,11011001010100,597,597,-2.975484e-04,0,0,0,0
-0.60866206,11011001010011,598,598,1.226287e-04,0,0,0,0
-0.60824229,11011001010010,599,599,-2.971382e-04,0,0,0,0
-0.60782253,11011001010001,600,600,1.230388e-04,0,0,0,0
-0.60740276,11011001010000,601,601,-2.967281e-04,0,0,0,0
-0.60698299,11011001001111,602,602,1.234490e-04,0,0,0,0
-0.60656322,11011001001110,603,603,-2.963180e-04,0,0,0,0
-0.60614346,11011001001101,604,604,1.238591e-04,0,0,0,0
-0.60572369,11011001001100,605,605,-2.959079e-04,0,0,0,0
-0.60530392,11011001001011,606,606,1.242692e-04,0,0,0,0
-0.60488416,11011001001010,607,607,-2.954977e-04,0,0,0,0
-0.60446439,11011001001001,608,608,1.246793e-04,0,0,0,0
-0.60404462,11011001001000,609,609,-2.950876e-04,0,0,0,0
-0.60362486,11011001000111,610,610,1.250895e-04,0,0,0,0
-0.60320509,11011001000110,611,611,-2.946775e-04,0,0,0,0
-0.60278532,11011001000101,612,612,1.254996e-04,0,0,0,0
-0.60236556,11011001000100,613,613,-2.942673e-04,0,0,0,0
-0.60194579,11011001000011,614,614,1.259097e-04,0,0,0,0
-0.60152602,11011001000010,615,615,-2.938572e-04,0,0,0,0
-0.60110625,11011001000001,616,616,1.263199e-04,0,0,0,0
-0.60068649,11011001000000,617,617,-2.934471e-04,0,0,0,0
-0.60026672,11010110111111,618,618,1.267300e-04,0,0,0,0
-0.59984695,11010110111110,619,619,-2.930370e-04,0,0,0,0
-0.59942719,11010110111101,620,620,1.271401e-04,0,0,0,0
-0.59900742,11010110111100,621,621,-2.926268e-04,0,0,0,0
-0.59858765,11010110111011,622,622,1.275502e-04,0,0,0,0
-0.59816789,11010110111010,623,623,-2.922167e-04,0,0,0,0
-0.59774812,11010110111001,624,624,1.279604e-04,0,0,0,0
-0.59732835,11010110111000,625,625,-2.918066e-04,0,0,0,0
-0.59690859,11010110110111,626,626,1.283705e-04,0,0,0,0
-0.59648882,11010110110110,627,627,-2.913964e-04,0,0,0,0
-0.59606905,11010110110101,628,628,1.287806e-04,0,0,0,0
-0.59564928,11010110110100,629,629,-2.909863e-04,0,0,0,0
-0.59522952,11010110110011,630,630,1.291908e-04,0,0,0,0
-0.59480975,11010110110010,631,631,-2.905762e-04,0,0,0,0
-0.59438998,11010110110001,632,632,1.296009e-04,0,0,0,0
-0.59397022,11010110110000,633,633,-2.901661e-04,0,0,0,0
-0.59355045,11010110101111,634,634,1.300110e-04,0,0,0,0
-0.59313068,11010110101110,635,635,-2.897559e-04,0,0,0,0
-0.59271092,11010110101101,636,636,1.304211e-04,0,0,0,0
-0.59229115,11010110101100,637,637,-2.893458e-04,0,0,0,0
-0.59187138,11010110101011,638,638,1.308313e-04,0,0,0,0
-0.59145161,11010110101010,639,639,-2.889357e-04,0,0,0,0
-0.59103185,11010110101001,640,640,1.312414e-04,0,0,0,0
-0.59061208,11010110101000,641,641,-2.885255e-04,0,0,0,0
-0.59019231,11010110100111,642,642,1.316515e-04,0,0,0,0
-0.58977255,11010110100110,643,643,-2.881154e-04,0,0,0,0
-0.58935278,11010110100101,644,644,1.320617e-04,0,0,0,0
-0.58893301,11010110100100,645,645,-2.877053e-04,0,0,0,0
-0.58851325,11010110100011,646,646,1.324718e-04,0,0,0,0
-0.58809348,11010110100010,647,647,-2.872952e-04,0,0,0,0
-0.58767371,11010110100001,648,648,1.328819e-04,0,0,0,0
-0.58725395,11010110100000,649,649,-2.868850e-04,0,0,0,0
-0.58683418,11010101100000,650,650,-2.866800e-04,0,0,0,0
-0.58641441,11010101011111,651,651,1.334971e-04,0,0,0,0
-0.58599464,11010101011110,652,652,-2.862698e-04,0,0,0,0
-0.58557488,11010101011101,653,653,1.339072e-04,0,0,0,0
-0.58515511,11010101011100,654,654,-2.858597e-04,0,0,0,0
-0.58473534,11010101011011,655,655,1.343174e-04,0,0,0,0
-0.58431558,11010101011010,656,656,-2.854496e-04,0,0,0,0
-0.58389581,11010101011001,657,657,1.347275e-04,0,0,0,0
-0.58347604,11010101011000,658,658,-2.850394e-04,0,0,0,0
-0.58305628,11010101010111,659,659,1.351376e-04,0,0,0,0
-0.58263651,11010101010110,660,660,-2.846293e-04,0,0,0,0
-0.58221674,11010101010101,661,661,1.355477e-04,0,0,0,0
-0.58179698,11010101010100,662,662,-2.842192e-04,0,0,0,0
-0.58137721,11010101010011,663,663,1.359579e-04,0,0,0,0
-0.58095744,11010101010010,664,664,-2.838091e-04,0,0,0,0
-0.58053767,11010101010001,665,665,1.363680e-04,0,0,0,0
-0.58011791,11010101010000,666,666,-2.833989e-04,0,0,0,0
-0.57969814,11010101001111,667,667,1.367781e-04,0,0,0,0
-0.57927837,11010101001110,668,668,-2.829888e-04,0,0,0,0
-0.57885861,11010101001101,669,669,1.371883e-04,0,0,0,0
-0.57843884,11010101001100,670,670,-2.825787e-04,0,0,0,0
-0.57801907,11010101001011,671,671,1.375984e-04,0,0,0,0
-0.57759931,11010101001010,672,672,-2.821685e-04,0,0,0,0
-0.57717954,11010101001001,673,673,1.380085e-04,0,0,0,0
-0.57675977,11010101001000,674,674,-2.817584e-04,0,0,0,0
-0.57634001,11010101000111,675,675,1.384186e-04,0,0,0,0
-0.57592024,11010101000110,676,676,-2.813483e-04,0,0,0,0
-0.57550047,11010101000101,677,677,1.388288e-04,0,0,0,0
-0.5750807,11010101000100,678,678,-2.809382e-04,0,0,0,0
-0.57466094,11010101000011,679,679,1.392389e-04,0,0,0,0
-0.57424117,11010101000010,680,680,-2.805280e-04,0,0,0,0
-0.5738214,11010101000001,681,681,1.396490e-04,0,0,0,0
-0.57340164,11010101000000,682,682,-2.801179e-04,0,0,0,0
-0.57298187,11010010111111,683,683,1.400592e-04,0,0,0,0
-0.5725621,11010010111110,684,684,-2.797078e-04,0,0,0,0
-0.57214234,11010010111101,685,685,1.404693e-04,0,0,0,0
-0.57172257,11010010111100,686,686,-2.792976e-04,0,0,0,0
-0.5713028,11010010111011,687,687,1.408794e-04,0,0,0,0
-0.57088304,11010010111010,688,688,-2.788875e-04,0,0,0,0
-0.57046327,11010010111001,689,689,1.412895e-04,0,0,0,0
-0.5700435,11010010111000,690,690,-2.784774e-04,0,0,0,0
-0.56962373,11010010110111,691,691,1.416997e-04,0,0,0,0
-0.56920397,11010010110110,692,692,-2.780673e-04,0,0,0,0
-0.5687842,11010010110101,693,693,1.421098e-04,0,0,0,0
-0.56836443,11010010110100,694,694,-2.776571e-04,0,0,0,0
-0.56794467,11010010110011,695,695,1.425199e-04,0,0,0,0
-0.5675249,11010010110010,696,696,-2.772470e-04,0,0,0,0
-0.56710513,11010010110001,697,697,1.429301e-04,0,0,0,0
-0.56668537,11010010110000,698,698,-2.768369e-04,0,0,0,0
-0.5662656,11010010101111,699,699,1.433402e-04,0,0,0,0
-0.56584583,11010010101110,700,700,-2.764267e-04,0,0,0,0
-0.56542606,11010010101101,701,701,1.437503e-04,0,0,0,0
-0.5650063,11010010101100,702,702,-2.760166e-04,0,0,0,0
-0.56458653,11010010101011,703,703,1.441605e-04,0,0,0,0
-0.56416676,11010010101010,704,704,-2.756065e-04,0,0,0,0
-0.563747,11010010101001,705,705,1.445706e-04,0,0,0,0
-0.56332723,11010010101000,706,706,-2.751964e-04,0,0,0,0
-0.56290746,11010010100111,707,707,1.449807e-04,0,0,0,0
-0.5624877,11010010100110,708,708,-2.747862e-04,0,0,0,0
-0.56206793,11010010100101,709,709,1.453908e-04,0,0,0,0
-0.56164816,11010010100100,710,710,-2.743761e-04,0,0,0,0
-0.5612284,11010010100011,711,711,1.458010e-04,0,0,0,0
-0.56080863,11010010100010,712,712,-2.739660e-04,0,0,0,0
-0.56038886,11010010100001,713,713,1.462111e-04,0,0,0,0
-0.55996909,11010010100000,714,714,-2.735558e-04,0,0,0,0
-0.55954933,11010001100000,715,715,-2.733508e-04,0,0,0,0
-0.55912956,11010001011111,716,716,1.468263e-04,0,0,0,0
-0.55870979,11010001011110,717,717,-2.729407e-04,0,0,0,0
-0.55829003,11010001011101,718,718,1.472364e-04,0,0,0,0
-0.55787026,11010001011100,719,719,-2.725305e-04,0,0,0,0
-0.55745049,11010001011011,720,720,1.476465e-04,0,0,0,0
-0.55703073,11010001011010,721,721,-2.721204e-04,0,0,0,0
-0.55661096,11010001011001,722,722,1.480567e-04,0,0,0,0
-0.55619119,11010001011000,723,723,-2.717103e-04,0,0,0,0
-0.55577143,11010001010111,724,724,1.484668e-04,0,0,0,0
-0.55535166,11010001010110,725,725,-2.713001e-04,0,0,0,0
-0.55493189,11010001010101,726,726,1.488769e-04,0,0,0,0
-0.55451212,11010001010100,727,727,-2.708900e-04,0,0,0,0
-0.55409236,11010001010011,728,728,1.492871e-04,0,0,0,0
-0.55367259,11010001010010,729,729,-2.704799e-04,0,0,0,0
-0.55325282,11010001010001,730,730,1.496972e-04,0,0,0,0
-0.55283306,11010001010000,731,731,-2.700697e-04,0,0,0,0
-0.55241329,11010001001111,732,732,1.501073e-04,0,0,0,0
-0.55199352,11010001001110,733,733,-2.696596e-04,0,0,0,0
-0.55157376,11010001001101,734,734,1.505174e-04,0,0,0,0
-0.55115399,11010001001100,735,735,-2.692495e-04,0,0,0,0
-0.55073422,11010001001011,736,736,1.509276e-04,0,0,0,0
-0.55031446,11010001001010,737,737,-2.688394e-04,0,0,0,0
-0.54989469,11010001001001,738,738,1.513377e-04,0,0,0,0
-0.54947492,11010001001000,739,739,-2.684292e-04,0,0,0,0
-0.54905515,11010001000111,740,740,1.517478e-04,0,0,0,0
-0.54863539,11010001000110,741,741,-2.680191e-04,0,0,0,0
-0.54821562,11010001000101,742,742,1.521580e-04,0,0,0,0
-0.54779585,11010001000100,743,743,-2.676090e-04,0,0,0,0
-0.54737609,11010001000011,744,744,1.525681e-04,0,0,0,0
-0.54695632,11010001000010,745,745,-2.671988e-04,0,0,0,0
-0.54653655,11010001000001,746,746,1.529782e-04,0,0,0,0
-0.54611679,11010001000000,747,747,-2.667887e-04,0,0,0,0
-0.54569702,11001110111111,748,748,1.533883e-04,0,0,0,0
-0.54527725,11001110111110,749,749,-2.663786e-04,0,0,0,0
-0.54485748,11001110111101,750,750,1.537985e-04,0,0,0,0
-0.54443772,11001110111100,751,751,-2.659685e-04,0,0,0,0
-0.54401795,11001110111011,752,752,1.542086e-04,0,0,0,0
-0.54359818,11001110111010,753,753,-2.655583e-04,0,0,0,0
-0.54317842,11001110111001,754,754,1.546187e-04,0,0,0,0
-0.54275865,11001110111000,755,755,-2.651482e-04,0,0,0,0
-0.54233888,11001110110111,756,756,1.550289e-04,0,0,0,0
-0.54191912,11001110110110,757,757,-2.647381e-04,0,0,0,0
-0.54149935,11001110110101,758,758,1.554390e-04,0,0,0,0
-0.54107958,11001110110100,759,759,-2.643279e-04,0,0,0,0
-0.54065982,11001110110011,760,760,1.558491e-04,0,0,0,0
-0.54024005,11001110110010,761,761,-2.639178e-04,0,0,0,0
-0.53982028,11001110110001,762,762,1.562592e-04,0,0,0,0
-0.53940051,11001110110000,763,763,-2.635077e-04,0,0,0,0
-0.53898075,11001110101111,764,764,1.566694e-04,0,0,0,0
-0.53856098,11001110101110,765,765,-2.630976e-04,0,0,0,0
-0.53814121,11001110101101,766,766,1.570795e-04,0,0,0,0
-0.53772145,11001110101100,767,767,-2.626874e-04,0,0,0,0
-0.53730168,11001110101011,768,768,1.574896e-04,0,0,0,0
-0.53688191,11001110101010,769,769,-2.622773e-04,0,0,0,0
-0.53646215,11001110101001,770,770,1.578998e-04,0,0,0,0
-0.53604238,11001110101000,771,771,-2.618672e-04,0,0,0,0
-0.53562261,11001110100111,772,772,1.583099e-04,0,0,0,0
-0.53520285,11001110100110,773,773,-2.614570e-04,0,0,0,0
-0.53478308,11001110100101,774,774,1.587200e-04,0,0,0,0
-0.53436331,11001110100100,775,775,-2.610469e-04,0,0,0,0
-0.53394354,11001110100011,776,776,1.591301e-04,0,0,0,0
-0.53352378,11001110100010,777,777,-2.606368e-04,0,0,0,0
-0.53310401,11001110100001,778,778,1.595403e-04,0,0,0,0
-0.53268424,11001110100000,779,779,-2.602267e-04,0,0,0,0
-0.53226448,11001101100000,780,780,-2.600216e-04,0,0,0,0
-0.53184471,11001101011111,781,781,1.601555e-04,0,0,0,0
-0.53142494,11001101011110,782,782,-2.596115e-04,0,0,0,0
-0.53100518,11001101011101,783,783,1.605656e-04,0,0,0,0
-0.53058541,11001101011100,784,784,-2.592013e-04,0,0,0,0
-0.53016564,11001101011011,785,785,1.609757e-04,0,0,0,0
-0.52974588,11001101011010,786,786,-2.587912e-04,0,0,0,0
-0.52932611,11001101011001,787,787,1.613859e-04,0,0,0,0
-0.52890634,11001101011000,788,788,-2.583811e-04,0,0,0,0
-0.52848657,11001101010111,789,789,1.617960e-04,0,0,0,0
-0.52806681,11001101010110,790,790,-2.579710e-04,0,0,0,0
-0.52764704,11001101010101,791,791,1.622061e-04,0,0,0,0
-0.52722727,11001101010100,792,792,-2.575608e-04,0,0,0,0
-0.52680751,11001101010011,793,793,1.626162e-04,0,0,0,0
-0.52638774,11001101010010,794,794,-2.571507e-04,0,0,0,0
-0.52596797,11001101010001,795,795,1.630264e-04,0,0,0,0
-0.52554821,11001101010000,796,796,-2.567406e-04,0,0,0,0
-0.52512844,11001101001111,797,797,1.634365e-04,0,0,0,0
-0.52470867,11001101001110,798,798,-2.563304e-04,0,0,0,0
-0.5242889,11001101001101,799,799,1.638466e-04,0,0,0,0
-0.52386914,11001101001100,800,800,-2.559203e-04,0,0,0,0
-0.52344937,11001101001011,801,801,1.642568e-04,0,0,0,0
-0.5230296,11001101001010,802,802,-2.555102e-04,0,0,0,0
-0.52260984,11001101001001,803,803,1.646669e-04,0,0,0,0
-0.52219007,11001101001000,804,804,-2.551001e-04,0,0,0,0
-0.5217703,11001101000111,805,805,1.650770e-04,0,0,0,0
-0.52135054,11001101000110,806,806,-2.546899e-04,0,0,0,0
-0.52093077,11001101000101,807,807,1.654871e-04,0,0,0,0
-0.520511,11001101000100,808,808,-2.542798e-04,0,0,0,0
-0.52009124,11001101000011,809,809,1.658973e-04,0,0,0,0
-0.51967147,11001101000010,810,810,-2.538697e-04,0,0,0,0
-0.5192517,11001101000001,811,811,1.663074e-04,0,0,0,0
-0.51883193,11001101000000,812,812,-2.534595e-04,0,0,0,0
-0.51841217,11001010111111,813,813,1.667175e-04,0,0,0,0
-0.5179924,11001010111110,814,814,-2.530494e-04,0,0,0,0
-0.51757263,11001010111101,815,815,1.671277e-04,0,0,0,0
-0.51715287,11001010111100,816,816,-2.526393e-04,0,0,0,0
-0.5167331,11001010111011,817,817,1.675378e-04,0,0,0,0
-0.51631333,11001010111010,818,818,-2.522292e-04,0,0,0,0
-0.51589357,11001010111001,819,819,1.679479e-04,0,0,0,0
-0.5154738,11001010111000,820,820,-2.518190e-04,0,0,0,0
-0.51505403,11001010110111,821,821,1.683580e-04,0,0,0,0
-0.51463427,11001010110110,822,822,-2.514089e-04,0,0,0,0
-0.5142145,11001010110101,823,823,1.687682e-04,0,0,0,0
-0.51379473,11001010110100,824,824,-2.509988e-04,0,0,0,0
-0.51337496,11001010110011,825,825,1.691783e-04,0,0,0,0
-0.5129552,11001010110010,826,826,-2.505886e-04,0,0,0,0
-0.51253543,11001010110001,827,827,1.695884e-04,0,0,0,0
-0.51211566,11001010110000,828,828,-2.501785e-04,0,0,0,0
-0.5116959,11001010101111,829,829,1.699986e-04,0,0,0,0
-0.51127613,11001010101110,830,830,-2.497684e-04,0,0,0,0
-0.51085636,11001010101101,831,831,1.704087e-04,0,0,0,0
-0.5104366,11001010101100,832,832,-2.493582e-04,0,0,0,0
-0.51001683,11001010101011,833,833,1.708188e-04,0,0,0,0
-0.50959706,11001010101010,834,834,-2.489481e-04,0,0,0,0
-0.5091773,11001010101001,835,835,1.712289e-04,0,0,0,0
-0.50875753,11001010101000,836,836,-2.485380e-04,0,0,0,0
-0.50833776,11001010100111,837,837,1.716391e-04,0,0,0,0
-0.50791799,11001010100110,838,838,-2.481279e-04,0,0,0,0
-0.50749823,11001010100101,839,839,1.720492e-04,0,0,0,0
-0.50707846,11001010100100,840,840,-2.477177e-04,0,0,0,0
-0.50665869,11001010100011,841,841,1.724593e-04,0,0,0,0
-0.50623893,11001010100010,842,842,-2.473076e-04,0,0,0,0
-0.50581916,11001010100001,843,843,1.728695e-04,0,0,0,0
-0.50539939,11001010100000,844,844,-2.468975e-04,0,0,0,0
-0.50497963,11001001100000,845,845,-2.466924e-04,0,0,0,0
-0.50455986,11001001011111,846,846,1.734847e-04,0,0,0,0
-0.50414009,11001001011110,847,847,-2.462823e-04,0,0,0,0
-0.50372033,11001001011101,848,848,1.738948e-04,0,0,0,0
-0.50330056,11001001011100,849,849,-2.458722e-04,0,0,0,0
-0.50288079,11001001011011,850,850,1.743049e-04,0,0,0,0
-0.50246102,11001001011010,851,851,-2.454620e-04,0,0,0,0
-0.50204126,11001001011001,852,852,1.747150e-04,0,0,0,0
-0.50162149,11001001011000,853,853,-2.450519e-04,0,0,0,0
-0.50120172,11001001010111,854,854,1.751252e-04,0,0,0,0
-0.50078196,11001001010110,855,855,-2.446418e-04,0,0,0,0
-0.50036219,11001001010101,856,856,1.755353e-04,0,0,0,0
-0.49994242,11001001010100,857,857,-2.442316e-04,0,0,0,0
-0.49952266,11001001010011,858,858,1.759454e-04,0,0,0,0
-0.49910289,11001001010010,859,859,-2.438215e-04,0,0,0,0
-0.49868312,11001001010001,860,860,1.763556e-04,0,0,0,0
-0.49826335,11001001010000,861,861,-2.434114e-04,0,0,0,0
-0.49784359,11001001001111,862,862,1.767657e-04,0,0,0,0
-0.49742382,11001001001110,863,863,-2.430013e-04,0,0,0,0
-0.49700405,11001001001101,864,864,1.771758e-04,0,0,0,0
-0.49658429,11001001001100,865,865,-2.425911e-04,0,0,0,0
-0.49616452,11001001001011,866,866,1.775859e-04,0,0,0,0
-0.49574475,11001001001010,867,867,-2.421810e-04,0,0,0,0
-0.49532499,11001001001001,868,868,1.779961e-04,0,0,0,0
-0.49490522,11001001001000,869,869,-2.417709e-04,0,0,0,0
-0.49448545,11001001000111,870,870,1.784062e-04,0,0,0,0
-0.49406569,11001001000110,871,871,-2.413607e-04,0,0,0,0
-0.49364592,11001001000101,872,872,1.788163e-04,0,0,0,0
-0.49322615,11001001000100,873,873,-2.409506e-04,0,0,0,0
-0.49280638,11001001000011,874,874,1.792265e-04,0,0,0,0
-0.49238662,11001001000010,875,875,-2.405405e-04,0,0,0,0
-0.49196685,11001001000001,876,876,1.796366e-04,0,0,0,0
-0.49154708,11001001000000,877,877,-2.401304e-04,0,0,0,0
-0.49112732,11000110111111,878,878,1.800467e-04,0,0,0,0
-0.49070755,11000110111110,879,879,-2.397202e-04,0,0,0,0
-0.49028778,11000110111101,880,880,1.804568e-04,0,0,0,0
-0.48986802,11000110111100,881,881,-2.393101e-04,0,0,0,0
-0.48944825,11000110111011,882,882,1.808670e-04,0,0,0,0
-0.48902848,11000110111010,883,883,-2.389000e-04,0,0,0,0
-0.48860872,11000110111001,884,884,1.812771e-04,0,0,0,0
-0.48818895,11000110111000,885,885,-2.384898e-04,0,0,0,0
-0.48776918,11000110110111,886,886,1.816872e-04,0,0,0,0
-0.48734941,11000110110110,887,887,-2.380797e-04,0,0,0,0
-0.48692965,11000110110101,888,888,1.820974e-04,0,0,0,0
-0.48650988,11000110110100,889,889,-2.376696e-04,0,0,0,0
-0.48609011,11000110110011,890,890,1.825075e-04,0,0,0,0
-0.48567035,11000110110010,891,891,-2.372595e-04,0,0,0,0
-0.48525058,11000110110001,892,892,1.829176e-04,0,0,0,0
-0.48483081,11000110110000,893,893,-2.368493e-04,0,0,0,0
-0.48441105,11000110101111,894,894,1.833277e-04,0,0,0,0
-0.48399128,11000110101110,895,895,-2.364392e-04,0,0,0,0
-0.48357151,11000110101101,896,896,1.837379e-04,0,0,0,0
-0.48315175,11000110101100,897,897,-2.360291e-04,0,0,0,0
-0.48273198,11000110101011,898,898,1.841480e-04,0,0,0,0
-0.48231221,11000110101010,899,899,-2.356189e-04,0,0,0,0
-0.48189244,11000110101001,900,900,1.845581e-04,0,0,0,0
-0.48147268,11000110101000,901,901,-2.352088e-04,0,0,0,0
-0.48105291,11000110100111,902,902,1.849683e-04,0,0,0,0
-0.48063314,11000110100110,903,903,-2.347987e-04,0,0,0,0
-0.48021338,11000110100101,904,904,1.853784e-04,0,0,0,0
-0.47979361,11000110100100,905,905,-2.343886e-04,0,0,0,0
-0.47937384,11000110100011,906,906,1.857885e-04,0,0,0,0
-0.47895408,11000110100010,907,907,-2.339784e-04,0,0,0,0
-0.47853431,11000110100001,908,908,1.861986e-04,0,0,0,0
-0.47811454,11000110100000,909,909,-2.335683e-04,0,0,0,0
-0.47769477,11000101100000,910,910,-2.333632e-04,0,0,0,0
-0.47727501,11000101011111,911,911,1.868138e-04,0,0,0,0
-0.47685524,11000101011110,912,912,-2.329531e-04,0,0,0,0
-0.47643547,11000101011101,913,913,1.872240e-04,0,0,0,0
-0.47601571,11000101011100,914,914,-2.325430e-04,0,0,0,0
-0.47559594,11000101011011,915,915,1.876341e-04,0,0,0,0
-0.47517617,11000101011010,916,916,-2.321328e-04,0,0,0,0
-0.47475641,11000101011001,917,917,1.880442e-04,0,0,0,0
-0.47433664,11000101011000,918,918,-2.317227e-04,0,0,0,0
-0.47391687,11000101010111,919,919,1.884544e-04,0,0,0,0
-0.47349711,11000101010110,920,920,-2.313126e-04,0,0,0,0
-0.47307734,11000101010101,921,921,1.888645e-04,0,0,0,0
-0.47265757,11000101010100,922,922,-2.309025e-04,0,0,0,0
-0.4722378,11000101010011,923,923,1.892746e-04,0,0,0,0
-0.47181804,11000101010010,924,924,-2.304923e-04,0,0,0,0
-0.47139827,11000101010001,925,925,1.896847e-04,0,0,0,0
-0.4709785,11000101010000,926,926,-2.300822e-04,0,0,0,0
-0.47055874,11000101001111,927,927,1.900949e-04,0,0,0,0
-0.47013897,11000101001110,928,928,-2.296721e-04,0,0,0,0
-0.4697192,11000101001101,929,929,1.905050e-04,0,0,0,0
-0.46929944,11000101001100,930,930,-2.292619e-04,0,0,0,0
-0.46887967,11000101001011,931,931,1.909151e-04,0,0,0,0
-0.4684599,11000101001010,932,932,-2.288518e-04,0,0,0,0
-0.46804014,11000101001001,933,933,1.913253e-04,0,0,0,0
-0.46762037,11000101001000,934,934,-2.284417e-04,0,0,0,0
-0.4672006,11000101000111,935,935,1.917354e-04,0,0,0,0
-0.46678083,11000101000110,936,936,-2.280316e-04,0,0,0,0
-0.46636107,11000101000101,937,937,1.921455e-04,0,0,0,0
-0.4659413,11000101000100,938,938,-2.276214e-04,0,0,0,0
-0.46552153,11000101000011,939,939,1.925556e-04,0,0,0,0
-0.46510177,11000101000010,940,940,-2.272113e-04,0,0,0,0
-0.464682,11000101000001,941,941,1.929658e-04,0,0,0,0
-0.46426223,11000101000000,942,942,-2.268012e-04,0,0,0,0
-0.46384247,11000010111111,943,943,1.933759e-04,0,0,0,0
-0.4634227,11000010111110,944,944,-2.263910e-04,0,0,0,0
-0.46300293,11000010111101,945,945,1.937860e-04,0,0,0,0
-0.46258317,11000010111100,946,946,-2.259809e-04,0,0,0,0
-0.4621634,11000010111011,947,947,1.941962e-04,0,0,0,0
-0.46174363,11000010111010,948,948,-2.255708e-04,0,0,0,0
-0.46132386,11000010111001,949,949,1.946063e-04,0,0,0,0
-0.4609041,11000010111000,950,950,-2.251607e-04,0,0,0,0
-0.46048433,11000010110111,951,951,1.950164e-04,0,0,0,0
-0.46006456,11000010110110,952,952,-2.247505e-04,0,0,0,0
-0.4596448,11000010110101,953,953,1.954265e-04,0,0,0,0
-0.45922503,11000010110100,954,954,-2.243404e-04,0,0,0,0
-0.45880526,11000010110011,955,955,1.958367e-04,0,0,0,0
-0.4583855,11000010110010,956,956,-2.239303e-04,0,0,0,0
-0.45796573,11000010110001,957,957,1.962468e-04,0,0,0,0
-0.45754596,11000010110000,958,958,-2.235201e-04,0,0,0,0
-0.45712619,11000010101111,959,959,1.966569e-04,0,0,0,0
-0.45670643,11000010101110,960,960,-2.231100e-04,0,0,0,0
-0.45628666,11000010101101,961,961,1.970671e-04,0,0,0,0
-0.45586689,11000010101100,962,962,-2.226999e-04,0,0,0,0
-0.45544713,11000010101011,963,963,1.974772e-04,0,0,0,0
-0.45502736,11000010101010,964,964,-2.222898e-04,0,0,0,0
-0.45460759,11000010101001,965,965,1.978873e-04,0,0,0,0
-0.45418783,11000010101000,966,966,-2.218796e-04,0,0,0,0
-0.45376806,11000010100111,967,967,1.982974e-04,0,0,0,0
-0.45334829,11000010100110,968,968,-2.214695e-04,0,0,0,0
-0.45292853,11000010100101,969,969,1.987076e-04,0,0,0,0
-0.45250876,11000010100100,970,970,-2.210594e-04,0,0,0,0
-0.45208899,11000010100011,971,971,1.991177e-04,0,0,0,0
-0.45166922,11000010100010,972,972,-2.206492e-04,0,0,0,0
-0.45124946,11000010100001,973,973,1.995278e-04,0,0,0,0
-0.45082969,11000010100000,974,974,-2.202391e-04,0,0,0,0
-0.45040992,11000001100000,975,975,-2.200340e-04,0,0,0,0
-0.44999016,11000001011111,976,976,2.001430e-04,0,0,0,0
-0.44957039,11000001011110,977,977,-2.196239e-04,0,0,0,0
-0.44915062,11000001011101,978,978,2.005531e-04,0,0,0,0
-0.44873086,11000001011100,979,979,-2.192138e-04,0,0,0,0
-0.44831109,11000001011011,980,980,2.009633e-04,0,0,0,0
-0.44789132,11000001011010,981,981,-2.188037e-04,0,0,0,0
-0.44747156,11000001011001,982,982,2.013734e-04,0,0,0,0
-0.44705179,11000001011000,983,983,-2.183935e-04,0,0,0,0
-0.44663202,11000001010111,984,984,2.017835e-04,0,0,0,0
-0.44621225,11000001010110,985,985,-2.179834e-04,0,0,0,0
-0.44579249,11000001010101,986,986,2.021937e-04,0,0,0,0
-0.44537272,11000001010100,987,987,-2.175733e-04,0,0,0,0
-0.44495295,11000001010011,988,988,2.026038e-04,0,0,0,0
-0.44453319,11000001010010,989,989,-2.171631e-04,0,0,0,0
-0.44411342,11000001010001,990,990,2.030139e-04,0,0,0,0
-0.44369365,11000001010000,991,991,-2.167530e-04,0,0,0,0
-0.44327389,11000001001111,992,992,2.034240e-04,0,0,0,0
-0.44285412,11000001001110,993,993,-2.163429e-04,0,0,0,0
-0.44243435,11000001001101,994,994,2.038342e-04,0,0,0,0
-0.44201459,11000001001100,995,995,-2.159328e-04,0,0,0,0
-0.44159482,11000001001011,996,996,2.042443e-04,0,0,0,0
-0.44117505,11000001001010,997,997,-2.155226e-04,0,0,0,0
-0.44075528,11000001001001,998,998,2.046544e-04,0,0,0,0
-0.44033552,11000001001000,999,999,-2.151125e-04,0,0,0,0
-0.43991575,11000001000111,1000,1000,2.050646e-04,0,0,0,0
-0.43949598,11000001000110,1001,1001,-2.147024e-04,0,0,0,0
-0.43907622,11000001000101,1002,1002,2.054747e-04,0,0,0,0
-0.43865645,11000001000100,1003,1003,-2.142922e-04,0,0,0,0
-0.43823668,11000001000011,1004,1004,2.058848e-04,0,0,0,0
-0.43781692,11000001000010,1005,1005,-2.138821e-04,0,0,0,0
-0.43739715,11000001000001,1006,1006,2.062949e-04,0,0,0,0
-0.43697738,11000001000000,1007,1007,-2.134720e-04,0,0,0,0
-0.43655762,10111110111111,1008,1008,2.067051e-04,0,0,0,0
-0.43613785,10111110111110,1009,1009,-2.130619e-04,0,0,0,0
-0.43571808,10111110111101,1010,1010,2.071152e-04,0,0,0,0
-0.43529831,10111110111100,1011,1011,-2.126517e-04,0,0,0,0
-0.43487855,10111110111011,1012,1012,2.075253e-04,0,0,0,0
-0.43445878,10111110111010,1013,1013,-2.122416e-04,0,0,0,0
-0.43403901,10111110111001,1014,1014,2.079355e-04,0,0,0,0
-0.43361925,10111110111000,1015,1015,-2.118315e-04,0,0,0,0
-0.43319948,10111110110111,1016,1016,2.083456e-04,0,0,0,0
-0.43277971,10111110110110,1017,1017,-2.114213e-04,0,0,0,0
-0.43235995,10111110110101,1018,1018,2.087557e-04,0,0,0,0
-0.43194018,10111110110100,1019,1019,-2.110112e-04,0,0,0,0
-0.43152041,10111110110011,1020,1020,2.091658e-04,0,0,0,0
-0.43110064,10111110110010,1021,1021,-2.106011e-04,0,0,0,0
-0.43068088,10111110110001,1022,1022,2.095760e-04,0,0,0,0
-0.43026111,10111110110000,1023,1023,-2.101910e-04,0,0,0,0
-0.42984134,10111110101111,1024,1024,2.099861e-04,0,0,0,0
-0.42942158,10111110101110,1025,1025,-2.097808e-04,0,0,0,0
-0.42900181,10111110101101,1026,1026,2.103962e-04,0,0,0,0
-0.42858204,10111110101100,1027,1027,-2.093707e-04,0,0,0,0
-0.42816228,10111110101011,1028,1028,2.108064e-04,0,0,0,0
-0.42774251,10111110101010,1029,1029,-2.089606e-04,0,0,0,0
-0.42732274,10111110101001,1030,1030,2.112165e-04,0,0,0,0
-0.42690298,10111110101000,1031,1031,-2.085504e-04,0,0,0,0
-0.42648321,10111110100111,1032,1032,2.116266e-04,0,0,0,0
-0.42606344,10111110100110,1033,1033,-2.081403e-04,0,0,0,0
-0.42564367,10111110100101,1034,1034,2.120368e-04,0,0,0,0
-0.42522391,10111110100100,1035,1035,-2.077302e-04,0,0,0,0
-0.42480414,10111110100011,1036,1036,2.124469e-04,0,0,0,0
-0.42438437,10111110100010,1037,1037,-2.073201e-04,0,0,0,0
-0.42396461,10111110100001,1038,1038,2.128570e-04,0,0,0,0
-0.42354484,10111110100000,1039,1039,-2.069099e-04,0,0,0,0
-0.42312507,10111110011111,1040,1040,2.132671e-04,0,0,0,0
-0.42270531,10111101011111,1041,1041,2.134722e-04,0,0,0,0
-0.42228554,10111101011110,1042,1042,-2.062947e-04,0,0,0,0
-0.42186577,10111101011101,1043,1043,2.138823e-04,0,0,0,0
-0.42144601,10111101011100,1044,1044,-2.058846e-04,0,0,0,0
-0.42102624,10111101011011,1045,1045,2.142925e-04,0,0,0,0
-0.42060647,10111101011010,1046,1046,-2.054745e-04,0,0,0,0
-0.4201867,10111101011001,1047,1047,2.147026e-04,0,0,0,0
-0.41976694,10111101011000,1048,1048,-2.050644e-04,0,0,0,0
-0.41934717,10111101010111,1049,1049,2.151127e-04,0,0,0,0
-0.4189274,10111101010110,1050,1050,-2.046542e-04,0,0,0,0
-0.41850764,10111101010101,1051,1051,2.155228e-04,0,0,0,0
-0.41808787,10111101010100,1052,1052,-2.042441e-04,0,0,0,0
-0.4176681,10111101010011,1053,1053,2.159330e-04,0,0,0,0
-0.41724834,10111101010010,1054,1054,-2.038340e-04,0,0,0,0
-0.41682857,10111101010001,1055,1055,2.163431e-04,0,0,0,0
-0.4164088,10111101010000,1056,1056,-2.034238e-04,0,0,0,0
-0.41598904,10111101001111,1057,1057,2.167532e-04,0,0,0,0
-0.41556927,10111101001110,1058,1058,-2.030137e-04,0,0,0,0
-0.4151495,10111101001101,1059,1059,2.171634e-04,0,0,0,0
-0.41472973,10111101001100,1060,1060,-2.026036e-04,0,0,0,0
-0.41430997,10111101001011,1061,1061,2.175735e-04,0,0,0,0
-0.4138902,10111101001010,1062,1062,-2.021934e-04,0,0,0,0
-0.41347043,10111101001001,1063,1063,2.179836e-04,0,0,0,0
-0.41305067,10111101001000,1064,1064,-2.017833e-04,0,0,0,0
-0.4126309,10111101000111,1065,1065,2.183937e-04,0,0,0,0
-0.41221113,10111101000110,1066,1066,-2.013732e-04,0,0,0,0
-0.41179137,10111101000101,1067,1067,2.188039e-04,0,0,0,0
-0.4113716,10111101000100,1068,1068,-2.009631e-04,0,0,0,0
-0.41095183,10111101000011,1069,1069,2.192140e-04,0,0,0,0
-0.41053206,10111101000010,1070,1070,-2.005529e-04,0,0,0,0
-0.4101123,10111101000001,1071,1071,2.196241e-04,0,0,0,0
-0.40969253,10111101000000,1072,1072,-2.001428e-04,0,0,0,0
-0.40927276,10111010111111,1073,1073,2.200343e-04,0,0,0,0
-0.408853,10111010111110,1074,1074,-1.997327e-04,0,0,0,0
-0.40843323,10111010111101,1075,1075,2.204444e-04,0,0,0,0
-0.40801346,10111010111100,1076,1076,-1.993225e-04,0,0,0,0
-0.4075937,10111010111011,1077,1077,2.208545e-04,0,0,0,0
-0.40717393,10111010111010,1078,1078,-1.989124e-04,0,0,0,0
-0.40675416,10111010111001,1079,1079,2.212646e-04,0,0,0,0
-0.4063344,10111010111000,1080,1080,-1.985023e-04,0,0,0,0
-0.40591463,10111010110111,1081,1081,2.216748e-04,0,0,0,0
-0.40549486,10111010110110,1082,1082,-1.980922e-04,0,0,0,0
-0.40507509,10111010110101,1083,1083,2.220849e-04,0,0,0,0
-0.40465533,10111010110100,1084,1084,-1.976820e-04,0,0,0,0
-0.40423556,10111010110011,1085,1085,2.224950e-04,0,0,0,0
-0.40381579,10111010110010,1086,1086,-1.972719e-04,0,0,0,0
-0.40339603,10111010110001,1087,1087,2.229052e-04,0,0,0,0
-0.40297626,10111010110000,1088,1088,-1.968618e-04,0,0,0,0
-0.40255649,10111010101111,1089,1089,2.233153e-04,0,0,0,0
-0.40213673,10111010101110,1090,1090,-1.964516e-04,0,0,0,0
-0.40171696,10111010101101,1091,1091,2.237254e-04,0,0,0,0
-0.40129719,10111010101100,1092,1092,-1.960415e-04,0,0,0,0
-0.40087743,10111010101011,1093,1093,2.241355e-04,0,0,0,0
-0.40045766,10111010101010,1094,1094,-1.956314e-04,0,0,0,0
-0.40003789,10111010101001,1095,1095,2.245457e-04,0,0,0,0
-0.39961812,10111010101000,1096,1096,-1.952213e-04,0,0,0,0
-0.39919836,10111010100111,1097,1097,2.249558e-04,0,0,0,0
-0.39877859,10111010100110,1098,1098,-1.948111e-04,0,0,0,0
-0.39835882,10111010100101,1099,1099,2.253659e-04,0,0,0,0
-0.39793906,10111010100100,1100,1100,-1.944010e-04,0,0,0,0
-0.39751929,10111010100011,1101,1101,2.257761e-04,0,0,0,0
-0.39709952,10111010100010,1102,1102,-1.939909e-04,0,0,0,0
-0.39667976,10111010100001,1103,1103,2.261862e-04,0,0,0,0
-0.39625999,10111010100000,1104,1104,-1.935807e-04,0,0,0,0
-0.39584022,10111010011111,1105,1105,2.265963e-04,0,0,0,0
-0.39542046,10111001011111,1106,1106,2.268014e-04,0,0,0,0
-0.39500069,10111001011110,1107,1107,-1.929656e-04,0,0,0,0
-0.39458092,10111001011101,1108,1108,2.272115e-04,0,0,0,0
-0.39416115,10111001011100,1109,1109,-1.925554e-04,0,0,0,0
-0.39374139,10111001011011,1110,1110,2.276216e-04,0,0,0,0
-0.39332162,10111001011010,1111,1111,-1.921453e-04,0,0,0,0
-0.39290185,10111001011001,1112,1112,2.280318e-04,0,0,0,0
-0.39248209,10111001011000,1113,1113,-1.917352e-04,0,0,0,0
-0.39206232,10111001010111,1114,1114,2.284419e-04,0,0,0,0
-0.39164255,10111001010110,1115,1115,-1.913250e-04,0,0,0,0
-0.39122279,10111001010101,1116,1116,2.288520e-04,0,0,0,0
-0.39080302,10111001010100,1117,1117,-1.909149e-04,0,0,0,0
-0.39038325,10111001010011,1118,1118,2.292622e-04,0,0,0,0
-0.38996348,10111001010010,1119,1119,-1.905048e-04,0,0,0,0
-0.38954372,10111001010001,1120,1120,2.296723e-04,0,0,0,0
-0.38912395,10111001010000,1121,1121,-1.900947e-04,0,0,0,0
-0.38870418,10111001001111,1122,1122,2.300824e-04,0,0,0,0
-0.38828442,10111001001110,1123,1123,-1.896845e-04,0,0,0,0
-0.38786465,10111001001101,1124,1124,2.304925e-04,0,0,0,0
-0.38744488,10111001001100,1125,1125,-1.892744e-04,0,0,0,0
-0.38702512,10111001001011,1126,1126,2.309027e-04,0,0,0,0
-0.38660535,10111001001010,1127,1127,-1.888643e-04,0,0,0,0
-0.38618558,10111001001001,1128,1128,2.313128e-04,0,0,0,0
-0.38576582,10111001001000,1129,1129,-1.884541e-04,0,0,0,0
-0.38534605,10111001000111,1130,1130,2.317229e-04,0,0,0,0
-0.38492628,10111001000110,1131,1131,-1.880440e-04,0,0,0,0
-0.38450651,10111001000101,1132,1132,2.321331e-04,0,0,0,0
-0.38408675,10111001000100,1133,1133,-1.876339e-04,0,0,0,0
-0.38366698,10111001000011,1134,1134,2.325432e-04,0,0,0,0
-0.38324721,10111001000010,1135,1135,-1.872238e-04,0,0,0,0
-0.38282745,10111001000001,1136,1136,2.329533e-04,0,0,0,0
-0.38240768,10111001000000,1137,1137,-1.868136e-04,0,0,0,0
-0.38198791,10110110111111,1138,1138,2.333634e-04,0,0,0,0
-0.38156815,10110110111110,1139,1139,-1.864035e-04,0,0,0,0
-0.38114838,10110110111101,1140,1140,2.337736e-04,0,0,0,0
-0.38072861,10110110111100,1141,1141,-1.859934e-04,0,0,0,0
-0.38030885,10110110111011,1142,1142,2.341837e-04,0,0,0,0
-0.37988908,10110110111010,1143,1143,-1.855832e-04,0,0,0,0
-0.37946931,10110110111001,1144,1144,2.345938e-04,0,0,0,0
-0.37904954,10110110111000,1145,1145,-1.851731e-04,0,0,0,0
-0.37862978,10110110110111,1146,1146,2.350040e-04,0,0,0,0
-0.37821001,10110110110110,1147,1147,-1.847630e-04,0,0,0,0
-0.37779024,10110110110101,1148,1148,2.354141e-04,0,0,0,0
-0.37737048,10110110110100,1149,1149,-1.843529e-04,0,0,0,0
-0.37695071,10110110110011,1150,1150,2.358242e-04,0,0,0,0
-0.37653094,10110110110010,1151,1151,-1.839427e-04,0,0,0,0
-0.37611118,10110110110001,1152,1152,2.362343e-04,0,0,0,0
-0.37569141,10110110110000,1153,1153,-1.835326e-04,0,0,0,0
-0.37527164,10110110101111,1154,1154,2.366445e-04,0,0,0,0
-0.37485188,10110110101110,1155,1155,-1.831225e-04,0,0,0,0
-0.37443211,10110110101101,1156,1156,2.370546e-04,0,0,0,0
-0.37401234,10110110101100,1157,1157,-1.827123e-04,0,0,0,0
-0.37359257,10110110101011,1158,1158,2.374647e-04,0,0,0,0
-0.37317281,10110110101010,1159,1159,-1.823022e-04,0,0,0,0
-0.37275304,10110110101001,1160,1160,2.378749e-04,0,0,0,0
-0.37233327,10110110101000,1161,1161,-1.818921e-04,0,0,0,0
-0.37191351,10110110100111,1162,1162,2.382850e-04,0,0,0,0
-0.37149374,10110110100110,1163,1163,-1.814820e-04,0,0,0,0
-0.37107397,10110110100101,1164,1164,2.386951e-04,0,0,0,0
-0.37065421,10110110100100,1165,1165,-1.810718e-04,0,0,0,0
-0.37023444,10110110100011,1166,1166,2.391052e-04,0,0,0,0
-0.36981467,10110110100010,1167,1167,-1.806617e-04,0,0,0,0
-0.36939491,10110110100001,1168,1168,2.395154e-04,0,0,0,0
-0.36897514,10110110100000,1169,1169,-1.802516e-04,0,0,0,0
-0.36855537,10110110011111,1170,1170,2.399255e-04,0,0,0,0
-0.3681356,10110101011111,1171,1171,2.401306e-04,0,0,0,0
-0.36771584,10110101011110,1172,1172,-1.796364e-04,0,0,0,0
-0.36729607,10110101011101,1173,1173,2.405407e-04,0,0,0,0
-0.3668763,10110101011100,1174,1174,-1.792262e-04,0,0,0,0
-0.36645654,10110101011011,1175,1175,2.409508e-04,0,0,0,0
-0.36603677,10110101011010,1176,1176,-1.788161e-04,0,0,0,0
-0.365617,10110101011001,1177,1177,2.413610e-04,0,0,0,0
-0.36519724,10110101011000,1178,1178,-1.784060e-04,0,0,0,0
-0.36477747,10110101010111,1179,1179,2.417711e-04,0,0,0,0
-0.3643577,10110101010110,1180,1180,-1.779959e-04,0,0,0,0
-0.36393793,10110101010101,1181,1181,2.421812e-04,0,0,0,0
-0.36351817,10110101010100,1182,1182,-1.775857e-04,0,0,0,0
-0.3630984,10110101010011,1183,1183,2.425913e-04,0,0,0,0
-0.36267863,10110101010010,1184,1184,-1.771756e-04,0,0,0,0
-0.36225887,10110101010001,1185,1185,2.430015e-04,0,0,0,0
-0.3618391,10110101010000,1186,1186,-1.767655e-04,0,0,0,0
-0.36141933,10110101001111,1187,1187,2.434116e-04,0,0,0,0
-0.36099957,10110101001110,1188,1188,-1.763553e-04,0,0,0,0
-0.3605798,10110101001101,1189,1189,2.438217e-04,0,0,0,0
-0.36016003,10110101001100,1190,1190,-1.759452e-04,0,0,0,0
-0.35974027,10110101001011,1191,1191,2.442319e-04,0,0,0,0
-0.3593205,10110101001010,1192,1192,-1.755351e-04,0,0,0,0
-0.35890073,10110101001001,1193,1193,2.446420e-04,0,0,0,0
-0.35848096,10110101001000,1194,1194,-1.751250e-04,0,0,0,0
-0.3580612,10110101000111,1195,1195,2.450521e-04,0,0,0,0
-0.35764143,10110101000110,1196,1196,-1.747148e-04,0,0,0,0
-0.35722166,10110101000101,1197,1197,2.454622e-04,0,0,0,0
-0.3568019,10110101000100,1198,1198,-1.743047e-04,0,0,0,0
-0.35638213,10110101000011,1199,1199,2.458724e-04,0,0,0,0
-0.35596236,10110101000010,1200,1200,-1.738946e-04,0,0,0,0
-0.3555426,10110101000001,1201,1201,2.462825e-04,0,0,0,0
-0.35512283,10110101000000,1202,1202,-1.734844e-04,0,0,0,0
-0.35470306,10110010111111,1203,1203,2.466926e-04,0,0,0,0
-0.3542833,10110010111110,1204,1204,-1.730743e-04,0,0,0,0
-0.35386353,10110010111101,1205,1205,2.471028e-04,0,0,0,0
-0.35344376,10110010111100,1206,1206,-1.726642e-04,0,0,0,0
-0.35302399,10110010111011,1207,1207,2.475129e-04,0,0,0,0
-0.35260423,10110010111010,1208,1208,-1.722541e-04,0,0,0,0
-0.35218446,10110010111001,1209,1209,2.479230e-04,0,0,0,0
-0.35176469,10110010111000,1210,1210,-1.718439e-04,0,0,0,0
-0.35134493,10110010110111,1211,1211,2.483331e-04,0,0,0,0
-0.35092516,10110010110110,1212,1212,-1.714338e-04,0,0,0,0
-0.35050539,10110010110101,1213,1213,2.487433e-04,0,0,0,0
-0.35008563,10110010110100,1214,1214,-1.710237e-04,0,0,0,0
-0.34966586,10110010110011,1215,1215,2.491534e-04,0,0,0,0
-0.34924609,10110010110010,1216,1216,-1.706135e-04,0,0,0,0
-0.34882633,10110010110001,1217,1217,2.495635e-04,0,0,0,0
-0.34840656,10110010110000,1218,1218,-1.702034e-04,0,0,0,0
-0.34798679,10110010101111,1219,1219,2.499737e-04,0,0,0,0
-0.34756702,10110010101110,1220,1220,-1.697933e-04,0,0,0,0
-0.34714726,10110010101101,1221,1221,2.503838e-04,0,0,0,0
-0.34672749,10110010101100,1222,1222,-1.693832e-04,0,0,0,0
-0.34630772,10110010101011,1223,1223,2.507939e-04,0,0,0,0
-0.34588796,10110010101010,1224,1224,-1.689730e-04,0,0,0,0
-0.34546819,10110010101001,1225,1225,2.512040e-04,0,0,0,0
-0.34504842,10110010101000,1226,1226,-1.685629e-04,0,0,0,0
-0.34462866,10110010100111,1227,1227,2.516142e-04,0,0,0,0
-0.34420889,10110010100110,1228,1228,-1.681528e-04,0,0,0,0
-0.34378912,10110010100101,1229,1229,2.520243e-04,0,0,0,0
-0.34336935,10110010100100,1230,1230,-1.677426e-04,0,0,0,0
-0.34294959,10110010100011,1231,1231,2.524344e-04,0,0,0,0
-0.34252982,10110010100010,1232,1232,-1.673325e-04,0,0,0,0
-0.34211005,10110010100001,1233,1233,2.528446e-04,0,0,0,0
-0.34169029,10110010100000,1234,1234,-1.669224e-04,0,0,0,0
-0.34127052,10110010011111,1235,1235,2.532547e-04,0,0,0,0
-0.34085075,10110001011111,1236,1236,2.534597e-04,0,0,0,0
-0.34043099,10110001011110,1237,1237,-1.663072e-04,0,0,0,0
-0.34001122,10110001011101,1238,1238,2.538699e-04,0,0,0,0
-0.33959145,10110001011100,1239,1239,-1.658971e-04,0,0,0,0
-0.33917169,10110001011011,1240,1240,2.542800e-04,0,0,0,0
-0.33875192,10110001011010,1241,1241,-1.654869e-04,0,0,0,0
-0.33833215,10110001011001,1242,1242,2.546901e-04,0,0,0,0
-0.33791238,10110001011000,1243,1243,-1.650768e-04,0,0,0,0
-0.33749262,10110001010111,1244,1244,2.551003e-04,0,0,0,0
-0.33707285,10110001010110,1245,1245,-1.646667e-04,0,0,0,0
-0.33665308,10110001010101,1246,1246,2.555104e-04,0,0,0,0
-0.33623332,10110001010100,1247,1247,-1.642565e-04,0,0,0,0
-0.33581355,10110001010011,1248,1248,2.559205e-04,0,0,0,0
-0.33539378,10110001010010,1249,1249,-1.638464e-04,0,0,0,0
-0.33497402,10110001010001,1250,1250,2.563307e-04,0,0,0,0
-0.33455425,10110001010000,1251,1251,-1.634363e-04,0,0,0,0
-0.33413448,10110001001111,1252,1252,2.567408e-04,0,0,0,0
-0.33371472,10110001001110,1253,1253,-1.630262e-04,0,0,0,0
-0.33329495,10110001001101,1254,1254,2.571509e-04,0,0,0,0
-0.33287518,10110001001100,1255,1255,-1.626160e-04,0,0,0,0
-0.33245541,10110001001011,1256,1256,2.575610e-04,0,0,0,0
-0.33203565,10110001001010,1257,1257,-1.622059e-04,0,0,0,0
-0.33161588,10110001001001,1258,1258,2.579712e-04,0,0,0,0
-0.33119611,10110001001000,1259,1259,-1.617958e-04,0,0,0,0
-0.33077635,10110001000111,1260,1260,2.583813e-04,0,0,0,0
-0.33035658,10110001000110,1261,1261,-1.613856e-04,0,0,0,0
-0.32993681,10110001000101,1262,1262,2.587914e-04,0,0,0,0
-0.32951705,10110001000100,1263,1263,-1.609755e-04,0,0,0,0
-0.32909728,10110001000011,1264,1264,2.592016e-04,0,0,0,0
-0.32867751,10110001000010,1265,1265,-1.605654e-04,0,0,0,0
-0.32825775,10110001000001,1266,1266,2.596117e-04,0,0,0,0
-0.32783798,10110001000000,1267,1267,-1.601553e-04,0,0,0,0
-0.32741821,10101110111111,1268,1268,2.600218e-04,0,0,0,0
-0.32699844,10101110111110,1269,1269,-1.597451e-04,0,0,0,0
-0.32657868,10101110111101,1270,1270,2.604319e-04,0,0,0,0
-0.32615891,10101110111100,1271,1271,-1.593350e-04,0,0,0,0
-0.32573914,10101110111011,1272,1272,2.608421e-04,0,0,0,0
-0.32531938,10101110111010,1273,1273,-1.589249e-04,0,0,0,0
-0.32489961,10101110111001,1274,1274,2.612522e-04,0,0,0,0
-0.32447984,10101110111000,1275,1275,-1.585147e-04,0,0,0,0
-0.32406008,10101110110111,1276,1276,2.616623e-04,0,0,0,0
-0.32364031,10101110110110,1277,1277,-1.581046e-04,0,0,0,0
-0.32322054,10101110110101,1278,1278,2.620725e-04,0,0,0,0
-0.32280077,10101110110100,1279,1279,-1.576945e-04,0,0,0,0
-0.32238101,10101110110011,1280,1280,2.624826e-04,0,0,0,0
-0.32196124,10101110110010,1281,1281,-1.572844e-04,0,0,0,0
-0.32154147,10101110110001,1282,1282,2.628927e-04,0,0,0,0
-0.32112171,10101110110000,1283,1283,-1.568742e-04,0,0,0,0
-0.32070194,10101110101111,1284,1284,2.633028e-04,0,0,0,0
-0.32028217,10101110101110,1285,1285,-1.564641e-04,0,0,0,0
-0.31986241,10101110101101,1286,1286,2.637130e-04,0,0,0,0
-0.31944264,10101110101100,1287,1287,-1.560540e-04,0,0,0,0
-0.31902287,10101110101011,1288,1288,2.641231e-04,0,0,0,0
-0.31860311,10101110101010,1289,1289,-1.556438e-04,0,0,0,0
-0.31818334,10101110101001,1290,1290,2.645332e-04,0,0,0,0
-0.31776357,10101110101000,1291,1291,-1.552337e-04,0,0,0,0
-0.3173438,10101110100111,1292,1292,2.649434e-04,0,0,0,0
-0.31692404,10101110100110,1293,1293,-1.548236e-04,0,0,0,0
-0.31650427,10101110100101,1294,1294,2.653535e-04,0,0,0,0
-0.3160845,10101110100100,1295,1295,-1.544135e-04,0,0,0,0
-0.31566474,10101110100011,1296,1296,2.657636e-04,0,0,0,0
-0.31524497,10101110100010,1297,1297,-1.540033e-04,0,0,0,0
-0.3148252,10101110100001,1298,1298,2.661737e-04,0,0,0,0
-0.31440544,10101110100000,1299,1299,-1.535932e-04,0,0,0,0
-0.31398567,10101110011111,1300,1300,2.665839e-04,0,0,0,0
-0.3135659,10101101011111,1301,1301,2.667889e-04,0,0,0,0
-0.31314614,10101101011110,1302,1302,-1.529780e-04,0,0,0,0
-0.31272637,10101101011101,1303,1303,2.671991e-04,0,0,0,0
-0.3123066,10101101011100,1304,1304,-1.525679e-04,0,0,0,0
-0.31188683,10101101011011,1305,1305,2.676092e-04,0,0,0,0
-0.31146707,10101101011010,1306,1306,-1.521577e-04,0,0,0,0
-0.3110473,10101101011001,1307,1307,2.680193e-04,0,0,0,0
-0.31062753,10101101011000,1308,1308,-1.517476e-04,0,0,0,0
-0.31020777,10101101010111,1309,1309,2.684294e-04,0,0,0,0
-0.309788,10101101010110,1310,1310,-1.513375e-04,0,0,0,0
-0.30936823,10101101010101,1311,1311,2.688396e-04,0,0,0,0
-0.30894847,10101101010100,1312,1312,-1.509274e-04,0,0,0,0
-0.3085287,10101101010011,1313,1313,2.692497e-04,0,0,0,0
-0.30810893,10101101010010,1314,1314,-1.505172e-04,0,0,0,0
-0.30768917,10101101010001,1315,1315,2.696598e-04,0,0,0,0
-0.3072694,10101101010000,1316,1316,-1.501071e-04,0,0,0,0
-0.30684963,10101101001111,1317,1317,2.700700e-04,0,0,0,0
-0.30642986,10101101001110,1318,1318,-1.496970e-04,0,0,0,0
-0.3060101,10101101001101,1319,1319,2.704801e-04,0,0,0,0
-0.30559033,10101101001100,1320,1320,-1.492868e-04,0,0,0,0
-0.30517056,10101101001011,1321,1321,2.708902e-04,0,0,0,0
-0.3047508,10101101001010,1322,1322,-1.488767e-04,0,0,0,0
-0.30433103,10101101001001,1323,1323,2.713003e-04,0,0,0,0
-0.30391126,10101101001000,1324,1324,-1.484666e-04,0,0,0,0
-0.3034915,10101101000111,1325,1325,2.717105e-04,0,0,0,0
-0.30307173,10101101000110,1326,1326,-1.480565e-04,0,0,0,0
-0.30265196,10101101000101,1327,1327,2.721206e-04,0,0,0,0
-0.3022322,10101101000100,1328,1328,-1.476463e-04,0,0,0,0
-0.30181243,10101101000011,1329,1329,2.725307e-04,0,0,0,0
-0.30139266,10101101000010,1330,1330,-1.472362e-04,0,0,0,0
-0.30097289,10101101000001,1331,1331,2.729409e-04,0,0,0,0
-0.30055313,10101101000000,1332,1332,-1.468261e-04,0,0,0,0
-0.30013336,10101010111111,1333,1333,2.733510e-04,0,0,0,0
-0.29971359,10101010111110,1334,1334,-1.464159e-04,0,0,0,0
-0.29929383,10101010111101,1335,1335,2.737611e-04,0,0,0,0
-0.29887406,10101010111100,1336,1336,-1.460058e-04,0,0,0,0
-0.29845429,10101010111011,1337,1337,2.741712e-04,0,0,0,0
-0.29803453,10101010111010,1338,1338,-1.455957e-04,0,0,0,0
-0.29761476,10101010111001,1339,1339,2.745814e-04,0,0,0,0
-0.29719499,10101010111000,1340,1340,-1.451856e-04,0,0,0,0
-0.29677522,10101010110111,1341,1341,2.749915e-04,0,0,0,0
-0.29635546,10101010110110,1342,1342,-1.447754e-04,0,0,0,0
-0.29593569,10101010110101,1343,1343,2.754016e-04,0,0,0,0
-0.29551592,10101010110100,1344,1344,-1.443653e-04,0,0,0,0
-0.29509616,10101010110011,1345,1345,2.758118e-04,0,0,0,0
-0.29467639,10101010110010,1346,1346,-1.439552e-04,0,0,0,0
-0.29425662,10101010110001,1347,1347,2.762219e-04,0,0,0,0
-0.29383686,10101010110000,1348,1348,-1.435450e-04,0,0,0,0
-0.29341709,10101010101111,1349,1349,2.766320e-04,0,0,0,0
-0.29299732,10101010101110,1350,1350,-1.431349e-04,0,0,0,0
-0.29257756,10101010101101,1351,1351,2.770421e-04,0,0,0,0
-0.29215779,10101010101100,1352,1352,-1.427248e-04,0,0,0,0
-0.29173802,10101010101011,1353,1353,2.774523e-04,0,0,0,0
-0.29131825,10101010101010,1354,1354,-1.423147e-04,0,0,0,0
-0.29089849,10101010101001,1355,1355,2.778624e-04,0,0,0,0
-0.29047872,10101010101000,1356,1356,-1.419045e-04,0,0,0,0
-0.29005895,10101010100111,1357,1357,2.782725e-04,0,0,0,0
-0.28963919,10101010100110,1358,1358,-1.414944e-04,0,0,0,0
-0.28921942,10101010100101,1359,1359,2.786827e-04,0,0,0,0
-0.28879965,10101010100100,1360,1360,-1.410843e-04,0,0,0,0
-0.28837989,10101010100011,1361,1361,2.790928e-04,0,0,0,0
-0.28796012,10101010100010,1362,1362,-1.406741e-04,0,0,0,0
-0.28754035,10101010100001,1363,1363,2.795029e-04,0,0,0,0
-0.28712059,10101010100000,1364,1364,-1.402640e-04,0,0,0,0
-0.28670082,10101010011111,1365,1365,2.799131e-04,0,0,0,0
-0.28628105,10101001011111,1366,1366,2.801181e-04,0,0,0,0
-0.28586128,10101001011110,1367,1367,-1.396488e-04,0,0,0,0
-0.28544152,10101001011101,1368,1368,2.805282e-04,0,0,0,0
-0.28502175,10101001011100,1369,1369,-1.392387e-04,0,0,0,0
-0.28460198,10101001011011,1370,1370,2.809384e-04,0,0,0,0
-0.28418222,10101001011010,1371,1371,-1.388286e-04,0,0,0,0
-0.28376245,10101001011001,1372,1372,2.813485e-04,0,0,0,0
-0.28334268,10101001011000,1373,1373,-1.384184e-04,0,0,0,0
-0.28292292,10101001010111,1374,1374,2.817586e-04,0,0,0,0
-0.28250315,10101001010110,1375,1375,-1.380083e-04,0,0,0,0
-0.28208338,10101001010101,1376,1376,2.821688e-04,0,0,0,0
-0.28166362,10101001010100,1377,1377,-1.375982e-04,0,0,0,0
-0.28124385,10101001010011,1378,1378,2.825789e-04,0,0,0,0
-0.28082408,10101001010010,1379,1379,-1.371881e-04,0,0,0,0
-0.28040431,10101001010001,1380,1380,2.829890e-04,0,0,0,0
-0.27998455,10101001010000,1381,1381,-1.367779e-04,0,0,0,0
-0.27956478,10101001001111,1382,1382,2.833991e-04,0,0,0,0
-0.27914501,10101001001110,1383,1383,-1.363678e-04,0,0,0,0
-0.27872525,10101001001101,1384,1384,2.838093e-04,0,0,0,0
-0.27830548,10101001001100,1385,1385,-1.359577e-04,0,0,0,0
-0.27788571,10101001001011,1386,1386,2.842194e-04,0,0,0,0
-0.27746595,10101001001010,1387,1387,-1.355475e-04,0,0,0,0
-0.27704618,10101001001001,1388,1388,2.846295e-04,0,0,0,0
-0.27662641,10101001001000,1389,1389,-1.351374e-04,0,0,0,0
-0.27620664,10101001000111,1390,1390,2.850397e-04,0,0,0,0
-0.27578688,10101001000110,1391,1391,-1.347273e-04,0,0,0,0
-0.27536711,10101001000101,1392,1392,2.854498e-04,0,0,0,0
-0.27494734,10101001000100,1393,1393,-1.343171e-04,0,0,0,0
-0.27452758,10101001000011,1394,1394,2.858599e-04,0,0,0,0
-0.27410781,10101001000010,1395,1395,-1.339070e-04,0,0,0,0
-0.27368804,10101001000001,1396,1396,2.862700e-04,0,0,0,0
-0.27326828,10101001000000,1397,1397,-1.334969e-04,0,0,0,0
-0.27284851,10100110111111,1398,1398,2.866802e-04,0,0,0,0
-0.27242874,10100110111110,1399,1399,-1.330868e-04,0,0,0,0
-0.27200898,10100110111101,1400,1400,2.870903e-04,0,0,0,0
-0.27158921,10100110111100,1401,1401,-1.326766e-04,0,0,0,0
-0.27116944,10100110111011,1402,1402,2.875004e-04,0,0,0,0
-0.27074967,10100110111010,1403,1403,-1.322665e-04,0,0,0,0
-0.27032991,10100110111001,1404,1404,2.879106e-04,0,0,0,0
-0.26991014,10100110111000,1405,1405,-1.318564e-04,0,0,0,0
-0.26949037,10100110110111,1406,1406,2.883207e-04,0,0,0,0
-0.26907061,10100110110110,1407,1407,-1.314462e-04,0,0,0,0
-0.26865084,10100110110101,1408,1408,2.887308e-04,0,0,0,0
-0.26823107,10100110110100,1409,1409,-1.310361e-04,0,0,0,0
-0.26781131,10100110110011,1410,1410,2.891409e-04,0,0,0,0
-0.26739154,10100110110010,1411,1411,-1.306260e-04,0,0,0,0
-0.26697177,10100110110001,1412,1412,2.895511e-04,0,0,0,0
-0.26655201,10100110110000,1413,1413,-1.302159e-04,0,0,0,0
-0.26613224,10100110101111,1414,1414,2.899612e-04,0,0,0,0
-0.26571247,10100110101110,1415,1415,-1.298057e-04,0,0,0,0
-0.2652927,10100110101101,1416,1416,2.903713e-04,0,0,0,0
-0.26487294,10100110101100,1417,1417,-1.293956e-04,0,0,0,0
-0.26445317,10100110101011,1418,1418,2.907815e-04,0,0,0,0
-0.2640334,10100110101010,1419,1419,-1.289855e-04,0,0,0,0
-0.26361364,10100110101001,1420,1420,2.911916e-04,0,0,0,0
-0.26319387,10100110101000,1421,1421,-1.285753e-04,0,0,0,0
-0.2627741,10100110100111,1422,1422,2.916017e-04,0,0,0,0
-0.26235434,10100110100110,1423,1423,-1.281652e-04,0,0,0,0
-0.26193457,10100110100101,1424,1424,2.920118e-04,0,0,0,0
-0.2615148,10100110100100,1425,1425,-1.277551e-04,0,0,0,0
-0.26109504,10100110100011,1426,1426,2.924220e-04,0,0,0,0
-0.26067527,10100110100010,1427,1427,-1.273450e-04,0,0,0,0
-0.2602555,10100110100001,1428,1428,2.928321e-04,0,0,0,0
-0.25983573,10100110100000,1429,1429,-1.269348e-04,0,0,0,0
-0.25941597,10100110011111,1430,1430,2.932422e-04,0,0,0,0
-0.2589962,10100101011111,1431,1431,2.934473e-04,0,0,0,0
-0.25857643,10100101011110,1432,1432,-1.263196e-04,0,0,0,0
-0.25815667,10100101011101,1433,1433,2.938574e-04,0,0,0,0
-0.2577369,10100101011100,1434,1434,-1.259095e-04,0,0,0,0
-0.25731713,10100101011011,1435,1435,2.942676e-04,0,0,0,0
-0.25689737,10100101011010,1436,1436,-1.254994e-04,0,0,0,0
-0.2564776,10100101011001,1437,1437,2.946777e-04,0,0,0,0
-0.25605783,10100101011000,1438,1438,-1.250893e-04,0,0,0,0
-0.25563806,10100101010111,1439,1439,2.950878e-04,0,0,0,0
-0.2552183,10100101010110,1440,1440,-1.246791e-04,0,0,0,0
-0.25479853,10100101010101,1441,1441,2.954979e-04,0,0,0,0
-0.25437876,10100101010100,1442,1442,-1.242690e-04,0,0,0,0
-0.253959,10100101010011,1443,1443,2.959081e-04,0,0,0,0
-0.25353923,10100101010010,1444,1444,-1.238589e-04,0,0,0,0
-0.25311946,10100101010001,1445,1445,2.963182e-04,0,0,0,0
-0.2526997,10100101010000,1446,1446,-1.234487e-04,0,0,0,0
-0.25227993,10100101001111,1447,1447,2.967283e-04,0,0,0,0
-0.25186016,10100101001110,1448,1448,-1.230386e-04,0,0,0,0
-0.2514404,10100101001101,1449,1449,2.971385e-04,0,0,0,0
-0.25102063,10100101001100,1450,1450,-1.226285e-04,0,0,0,0
-0.25060086,10100101001011,1451,1451,2.975486e-04,0,0,0,0
-0.25018109,10100101001010,1452,1452,-1.222184e-04,0,0,0,0
-0.24976133,10100101001001,1453,1453,2.979587e-04,0,0,0,0
-0.24934156,10100101001000,1454,1454,-1.218082e-04,0,0,0,0
-0.24892179,10100101000111,1455,1455,2.983688e-04,0,0,0,0
-0.24850203,10100101000110,1456,1456,-1.213981e-04,0,0,0,0
-0.24808226,10100101000101,1457,1457,2.987790e-04,0,0,0,0
-0.24766249,10100101000100,1458,1458,-1.209880e-04,0,0,0,0
-0.24724273,10100101000011,1459,1459,2.991891e-04,0,0,0,0
-0.24682296,10100101000010,1460,1460,-1.205778e-04,0,0,0,0
-0.24640319,10100101000001,1461,1461,2.995992e-04,0,0,0,0
-0.24598343,10100101000000,1462,1462,-1.201677e-04,0,0,0,0
-0.24556366,10100010111111,1463,1463,3.000094e-04,0,0,0,0
-0.24514389,10100010111110,1464,1464,-1.197576e-04,0,0,0,0
-0.24472412,10100010111101,1465,1465,3.004195e-04,0,0,0,0
-0.24430436,10100010111100,1466,1466,-1.193475e-04,0,0,0,0
-0.24388459,10100010111011,1467,1467,3.008296e-04,0,0,0,0
-0.24346482,10100010111010,1468,1468,-1.189373e-04,0,0,0,0
-0.24304506,10100010111001,1469,1469,3.012397e-04,0,0,0,0
-0.24262529,10100010111000,1470,1470,-1.185272e-04,0,0,0,0
-0.24220552,10100010110111,1471,1471,3.016499e-04,0,0,0,0
-0.24178576,10100010110110,1472,1472,-1.181171e-04,0,0,0,0
-0.24136599,10100010110101,1473,1473,3.020600e-04,0,0,0,0
-0.24094622,10100010110100,1474,1474,-1.177069e-04,0,0,0,0
-0.24052646,10100010110011,1475,1475,3.024701e-04,0,0,0,0
-0.24010669,10100010110010,1476,1476,-1.172968e-04,0,0,0,0
-0.23968692,10100010110001,1477,1477,3.028803e-04,0,0,0,0
-0.23926715,10100010110000,1478,1478,-1.168867e-04,0,0,0,0
-0.23884739,10100010101111,1479,1479,3.032904e-04,0,0,0,0
-0.23842762,10100010101110,1480,1480,-1.164766e-04,0,0,0,0
-0.23800785,10100010101101,1481,1481,3.037005e-04,0,0,0,0
-0.23758809,10100010101100,1482,1482,-1.160664e-04,0,0,0,0
-0.23716832,10100010101011,1483,1483,3.041106e-04,0,0,0,0
-0.23674855,10100010101010,1484,1484,-1.156563e-04,0,0,0,0
-0.23632879,10100010101001,1485,1485,3.045208e-04,0,0,0,0
-0.23590902,10100010101000,1486,1486,-1.152462e-04,0,0,0,0
-0.23548925,10100010100111,1487,1487,3.049309e-04,0,0,0,0
-0.23506949,10100010100110,1488,1488,-1.148360e-04,0,0,0,0
-0.23464972,10100010100101,1489,1489,3.053410e-04,0,0,0,0
-0.23422995,10100010100100,1490,1490,-1.144259e-04,0,0,0,0
-0.23381018,10100010100011,1491,1491,3.057512e-04,0,0,0,0
-0.23339042,10100010100010,1492,1492,-1.140158e-04,0,0,0,0
-0.23297065,10100010100001,1493,1493,3.061613e-04,0,0,0,0
-0.23255088,10100010100000,1494,1494,-1.136057e-04,0,0,0,0
-0.23213112,10100010011111,1495,1495,3.065714e-04,0,0,0,0
-0.23171135,10100001011111,1496,1496,3.067765e-04,0,0,0,0
-0.23129158,10100001011110,1497,1497,-1.129905e-04,0,0,0,0
-0.23087182,10100001011101,1498,1498,3.071866e-04,0,0,0,0
-0.23045205,10100001011100,1499,1499,-1.125803e-04,0,0,0,0
-0.23003228,10100001011011,1500,1500,3.075967e-04,0,0,0,0
-0.22961251,10100001011010,1501,1501,-1.121702e-04,0,0,0,0
-0.22919275,10100001011001,1502,1502,3.080069e-04,0,0,0,0
-0.22877298,10100001011000,1503,1503,-1.117601e-04,0,0,0,0
-0.22835321,10100001010111,1504,1504,3.084170e-04,0,0,0,0
-0.22793345,10100001010110,1505,1505,-1.113499e-04,0,0,0,0
-0.22751368,10100001010101,1506,1506,3.088271e-04,0,0,0,0
-0.22709391,10100001010100,1507,1507,-1.109398e-04,0,0,0,0
-0.22667415,10100001010011,1508,1508,3.092373e-04,0,0,0,0
-0.22625438,10100001010010,1509,1509,-1.105297e-04,0,0,0,0
-0.22583461,10100001010001,1510,1510,3.096474e-04,0,0,0,0
-0.22541485,10100001010000,1511,1511,-1.101196e-04,0,0,0,0
-0.22499508,10100001001111,1512,1512,3.100575e-04,0,0,0,0
-0.22457531,10100001001110,1513,1513,-1.097094e-04,0,0,0,0
-0.22415554,10100001001101,1514,1514,3.104676e-04,0,0,0,0
-0.22373578,10100001001100,1515,1515,-1.092993e-04,0,0,0,0
-0.22331601,10100001001011,1516,1516,3.108778e-04,0,0,0,0
-0.22289624,10100001001010,1517,1517,-1.088892e-04,0,0,0,0
-0.22247648,10100001001001,1518,1518,3.112879e-04,0,0,0,0
-0.22205671,10100001001000,1519,1519,-1.084790e-04,0,0,0,0
-0.22163694,10100001000111,1520,1520,3.116980e-04,0,0,0,0
-0.22121718,10100001000110,1521,1521,-1.080689e-04,0,0,0,0
-0.22079741,10100001000101,1522,1522,3.121082e-04,0,0,0,0
-0.22037764,10100001000100,1523,1523,-1.076588e-04,0,0,0,0
-0.21995788,10100001000011,1524,1524,3.125183e-04,0,0,0,0
-0.21953811,10100001000010,1525,1525,-1.072487e-04,0,0,0,0
-0.21911834,10100001000001,1526,1526,3.129284e-04,0,0,0,0
-0.21869857,10100001000000,1527,1527,-1.068385e-04,0,0,0,0
-0.21827881,10011110111111,1528,1528,3.133385e-04,0,0,0,0
-0.21785904,10011110111110,1529,1529,-1.064284e-04,0,0,0,0
-0.21743927,10011110111101,1530,1530,3.137487e-04,0,0,0,0
-0.21701951,10011110111100,1531,1531,-1.060183e-04,0,0,0,0
-0.21659974,10011110111011,1532,1532,3.141588e-04,0,0,0,0
-0.21617997,10011110111010,1533,1533,-1.056081e-04,0,0,0,0
-0.21576021,10011110111001,1534,1534,3.145689e-04,0,0,0,0
-0.21534044,10011110111000,1535,1535,-1.051980e-04,0,0,0,0
-0.21492067,10011110110111,1536,1536,3.149791e-04,0,0,0,0
-0.21450091,10011110110110,1537,1537,-1.047879e-04,0,0,0,0
-0.21408114,10011110110101,1538,1538,3.153892e-04,0,0,0,0
-0.21366137,10011110110100,1539,1539,-1.043778e-04,0,0,0,0
-0.2132416,10011110110011,1540,1540,3.157993e-04,0,0,0,0
-0.21282184,10011110110010,1541,1541,-1.039676e-04,0,0,0,0
-0.21240207,10011110110001,1542,1542,3.162094e-04,0,0,0,0
-0.2119823,10011110110000,1543,1543,-1.035575e-04,0,0,0,0
-0.21156254,10011110101111,1544,1544,3.166196e-04,0,0,0,0
-0.21114277,10011110101110,1545,1545,-1.031474e-04,0,0,0,0
-0.210723,10011110101101,1546,1546,3.170297e-04,0,0,0,0
-0.21030324,10011110101100,1547,1547,-1.027372e-04,0,0,0,0
-0.20988347,10011110101011,1548,1548,3.174398e-04,0,0,0,0
-0.2094637,10011110101010,1549,1549,-1.023271e-04,0,0,0,0
-0.20904393,10011110101001,1550,1550,3.178500e-04,0,0,0,0
-0.20862417,10011110101000,1551,1551,-1.019170e-04,0,0,0,0
-0.2082044,10011110100111,1552,1552,3.182601e-04,0,0,0,0
-0.20778463,10011110100110,1553,1553,-1.015069e-04,0,0,0,0
-0.20736487,10011110100101,1554,1554,3.186702e-04,0,0,0,0
-0.2069451,10011110100100,1555,1555,-1.010967e-04,0,0,0,0
-0.20652533,10011110100011,1556,1556,3.190803e-04,0,0,0,0
-0.20610557,10011110100010,1557,1557,-1.006866e-04,0,0,0,0
-0.2056858,10011110100001,1558,1558,3.194905e-04,0,0,0,0
-0.20526603,10011110100000,1559,1559,-1.002765e-04,0,0,0,0
-0.20484627,10011110011111,1560,1560,3.199006e-04,0,0,0,0
-0.2044265,10011101011111,1561,1561,3.201057e-04,0,0,0,0
-0.20400673,10011101011110,1562,1562,-9.966127e-05,0,0,0,0
-0.20358696,10011101011101,1563,1563,3.205158e-04,0,0,0,0
-0.2031672,10011101011100,1564,1564,-9.925115e-05,0,0,0,0
-0.20274743,10011101011011,1565,1565,3.209259e-04,0,0,0,0
-0.20232766,10011101011010,1566,1566,-9.884102e-05,0,0,0,0
-0.2019079,10011101011001,1567,1567,3.213360e-04,0,0,0,0
-0.20148813,10011101011000,1568,1568,-9.843089e-05,0,0,0,0
-0.20106836,10011101010111,1569,1569,3.217462e-04,0,0,0,0
-0.2006486,10011101010110,1570,1570,-9.802076e-05,0,0,0,0
-0.20022883,10011101010101,1571,1571,3.221563e-04,0,0,0,0
-0.19980906,10011101010100,1572,1572,-9.761063e-05,0,0,0,0
-0.1993893,10011101010011,1573,1573,3.225664e-04,0,0,0,0
-0.19896953,10011101010010,1574,1574,-9.720050e-05,0,0,0,0
-0.19854976,10011101010001,1575,1575,3.229766e-04,0,0,0,0
-0.19812999,10011101010000,1576,1576,-9.679037e-05,0,0,0,0
-0.19771023,10011101001111,1577,1577,3.233867e-04,0,0,0,0
-0.19729046,10011101001110,1578,1578,-9.638024e-05,0,0,0,0
-0.19687069,10011101001101,1579,1579,3.237968e-04,0,0,0,0
-0.19645093,10011101001100,1580,1580,-9.597012e-05,0,0,0,0
-0.19603116,10011101001011,1581,1581,3.242070e-04,0,0,0,0
-0.19561139,10011101001010,1582,1582,-9.555999e-05,0,0,0,0
-0.19519163,10011101001001,1583,1583,3.246171e-04,0,0,0,0
-0.19477186,10011101001000,1584,1584,-9.514986e-05,0,0,0,0
-0.19435209,10011101000111,1585,1585,3.250272e-04,0,0,0,0
-0.19393233,10011101000110,1586,1586,-9.473973e-05,0,0,0,0
-0.19351256,10011101000101,1587,1587,3.254373e-04,0,0,0,0
-0.19309279,10011101000100,1588,1588,-9.432960e-05,0,0,0,0
-0.19267302,10011101000011,1589,1589,3.258475e-04,0,0,0,0
-0.19225326,10011101000010,1590,1590,-9.391947e-05,0,0,0,0
-0.19183349,10011101000001,1591,1591,3.262576e-04,0,0,0,0
-0.19141372,10011101000000,1592,1592,-9.350934e-05,0,0,0,0
-0.19099396,10011010111111,1593,1593,3.266677e-04,0,0,0,0
-0.19057419,10011010111110,1594,1594,-9.309922e-05,0,0,0,0
-0.19015442,10011010111101,1595,1595,3.270779e-04,0,0,0,0
-0.18973466,10011010111100,1596,1596,-9.268909e-05,0,0,0,0
-0.18931489,10011010111011,1597,1597,3.274880e-04,0,0,0,0
-0.18889512,10011010111010,1598,1598,-9.227896e-05,0,0,0,0
-0.18847535,10011010111001,1599,1599,3.278981e-04,0,0,0,0
-0.18805559,10011010111000,1600,1600,-9.186883e-05,0,0,0,0
-0.18763582,10011010110111,1601,1601,3.283082e-04,0,0,0,0
-0.18721605,10011010110110,1602,1602,-9.145870e-05,0,0,0,0
-0.18679629,10011010110101,1603,1603,3.287184e-04,0,0,0,0
-0.18637652,10011010110100,1604,1604,-9.104857e-05,0,0,0,0
-0.18595675,10011010110011,1605,1605,3.291285e-04,0,0,0,0
-0.18553699,10011010110010,1606,1606,-9.063844e-05,0,0,0,0
-0.18511722,10011010110001,1607,1607,3.295386e-04,0,0,0,0
-0.18469745,10011010110000,1608,1608,-9.022831e-05,0,0,0,0
-0.18427769,10011010101111,1609,1609,3.299488e-04,0,0,0,0
-0.18385792,10011010101110,1610,1610,-8.981819e-05,0,0,0,0
-0.18343815,10011010101101,1611,1611,3.303589e-04,0,0,0,0
-0.18301838,10011010101100,1612,1612,-8.940806e-05,0,0,0,0
-0.18259862,10011010101011,1613,1613,3.307690e-04,0,0,0,0
-0.18217885,10011010101010,1614,1614,-8.899793e-05,0,0,0,0
-0.18175908,10011010101001,1615,1615,3.311791e-04,0,0,0,0
-0.18133932,10011010101000,1616,1616,-8.858780e-05,0,0,0,0
-0.18091955,10011010100111,1617,1617,3.315893e-04,0,0,0,0
-0.18049978,10011010100110,1618,1618,-8.817767e-05,0,0,0,0
-0.18008002,10011010100101,1619,1619,3.319994e-04,0,0,0,0
-0.17966025,10011010100100,1620,1620,-8.776754e-05,0,0,0,0
-0.17924048,10011010100011,1621,1621,3.324095e-04,0,0,0,0
-0.17882072,10011010100010,1622,1622,-8.735741e-05,0,0,0,0
-0.17840095,10011010100001,1623,1623,3.328197e-04,0,0,0,0
-0.17798118,10011010100000,1624,1624,-8.694728e-05,0,0,0,0
-0.17756141,10011010011111,1625,1625,3.332298e-04,0,0,0,0
-0.17714165,10011001011111,1626,1626,3.334348e-04,0,0,0,0
-0.17672188,10011001011110,1627,1627,-8.633209e-05,0,0,0,0
-0.17630211,10011001011101,1628,1628,3.338450e-04,0,0,0,0
-0.17588235,10011001011100,1629,1629,-8.592196e-05,0,0,0,0
-0.17546258,10011001011011,1630,1630,3.342551e-04,0,0,0,0
-0.17504281,10011001011010,1631,1631,-8.551183e-05,0,0,0,0
-0.17462305,10011001011001,1632,1632,3.346652e-04,0,0,0,0
-0.17420328,10011001011000,1633,1633,-8.510171e-05,0,0,0,0
-0.17378351,10011001010111,1634,1634,3.350754e-04,0,0,0,0
-0.17336375,10011001010110,1635,1635,-8.469158e-05,0,0,0,0
-0.17294398,10011001010101,1636,1636,3.354855e-04,0,0,0,0
-0.17252421,10011001010100,1637,1637,-8.428145e-05,0,0,0,0
-0.17210444,10011001010011,1638,1638,3.358956e-04,0,0,0,0
-0.17168468,10011001010010,1639,1639,-8.387132e-05,0,0,0,0
-0.17126491,10011001010001,1640,1640,3.363057e-04,0,0,0,0
-0.17084514,10011001010000,1641,1641,-8.346119e-05,0,0,0,0
-0.17042538,10011001001111,1642,1642,3.367159e-04,0,0,0,0
-0.17000561,10011001001110,1643,1643,-8.305106e-05,0,0,0,0
-0.16958584,10011001001101,1644,1644,3.371260e-04,0,0,0,0
-0.16916608,10011001001100,1645,1645,-8.264093e-05,0,0,0,0
-0.16874631,10011001001011,1646,1646,3.375361e-04,0,0,0,0
-0.16832654,10011001001010,1647,1647,-8.223080e-05,0,0,0,0
-0.16790678,10011001001001,1648,1648,3.379463e-04,0,0,0,0
-0.16748701,10011001001000,1649,1649,-8.182068e-05,0,0,0,0
-0.16706724,10011001000111,1650,1650,3.383564e-04,0,0,0,0
-0.16664747,10011001000110,1651,1651,-8.141055e-05,0,0,0,0
-0.16622771,10011001000101,1652,1652,3.387665e-04,0,0,0,0
-0.16580794,10011001000100,1653,1653,-8.100042e-05,0,0,0,0
-0.16538817,10011001000011,1654,1654,3.391766e-04,0,0,0,0
-0.16496841,10011001000010,1655,1655,-8.059029e-05,0,0,0,0
-0.16454864,10011001000001,1656,1656,3.395868e-04,0,0,0,0
-0.16412887,10011001000000,1657,1657,-8.018016e-05,0,0,0,0
-0.16370911,10010110111111,1658,1658,3.399969e-04,0,0,0,0
-0.16328934,10010110111110,1659,1659,-7.977003e-05,0,0,0,0
-0.16286957,10010110111101,1660,1660,3.404070e-04,0,0,0,0
-0.1624498,10010110111100,1661,1661,-7.935990e-05,0,0,0,0
-0.16203004,10010110111011,1662,1662,3.408172e-04,0,0,0,0
-0.16161027,10010110111010,1663,1663,-7.894977e-05,0,0,0,0
-0.1611905,10010110111001,1664,1664,3.412273e-04,0,0,0,0
-0.16077074,10010110111000,1665,1665,-7.853965e-05,0,0,0,0
-0.16035097,10010110110111,1666,1666,3.416374e-04,0,0,0,0
-0.1599312,10010110110110,1667,1667,-7.812952e-05,0,0,0,0
-0.15951144,10010110110101,1668,1668,3.420475e-04,0,0,0,0
-0.15909167,10010110110100,1669,1669,-7.771939e-05,0,0,0,0
-0.1586719,10010110110011,1670,1670,3.424577e-04,0,0,0,0
-0.15825214,10010110110010,1671,1671,-7.730926e-05,0,0,0,0
-0.15783237,10010110110001,1672,1672,3.428678e-04,0,0,0,0
-0.1574126,10010110110000,1673,1673,-7.689913e-05,0,0,0,0
-0.15699283,10010110101111,1674,1674,3.432779e-04,0,0,0,0
-0.15657307,10010110101110,1675,1675,-7.648900e-05,0,0,0,0
-0.1561533,10010110101101,1676,1676,3.436881e-04,0,0,0,0
-0.15573353,10010110101100,1677,1677,-7.607887e-05,0,0,0,0
-0.15531377,10010110101011,1678,1678,3.440982e-04,0,0,0,0
-0.154894,10010110101010,1679,1679,-7.566875e-05,0,0,0,0
-0.15447423,10010110101001,1680,1680,3.445083e-04,0,0,0,0
-0.15405447,10010110101000,1681,1681,-7.525862e-05,0,0,0,0
-0.1536347,10010110100111,1682,1682,3.449184e-04,0,0,0,0
-0.15321493,10010110100110,1683,1683,-7.484849e-05,0,0,0,0
-0.15279517,10010110100101,1684,1684,3.453286e-04,0,0,0,0
-0.1523754,10010110100100,1685,1685,-7.443836e-05,0,0,0,0
-0.15195563,10010110100011,1686,1686,3.457387e-04,0,0,0,0
-0.15153586,10010110100010,1687,1687,-7.402823e-05,0,0,0,0
-0.1511161,10010110100001,1688,1688,3.461488e-04,0,0,0,0
-0.15069633,10010110100000,1689,1689,-7.361810e-05,0,0,0,0
-0.15027656,10010110011111,1690,1690,3.465590e-04,0,0,0,0
-0.1498568,10010101011111,1691,1691,3.467640e-04,0,0,0,0
-0.14943703,10010101011110,1692,1692,-7.300291e-05,0,0,0,0
-0.14901726,10010101011101,1693,1693,3.471742e-04,0,0,0,0
-0.1485975,10010101011100,1694,1694,-7.259278e-05,0,0,0,0
-0.14817773,10010101011011,1695,1695,3.475843e-04,0,0,0,0
-0.14775796,10010101011010,1696,1696,-7.218265e-05,0,0,0,0
-0.1473382,10010101011001,1697,1697,3.479944e-04,0,0,0,0
-0.14691843,10010101011000,1698,1698,-7.177252e-05,0,0,0,0
-0.14649866,10010101010111,1699,1699,3.484045e-04,0,0,0,0
-0.14607889,10010101010110,1700,1700,-7.136239e-05,0,0,0,0
-0.14565913,10010101010101,1701,1701,3.488147e-04,0,0,0,0
-0.14523936,10010101010100,1702,1702,-7.095227e-05,0,0,0,0
-0.14481959,10010101010011,1703,1703,3.492248e-04,0,0,0,0
-0.14439983,10010101010010,1704,1704,-7.054214e-05,0,0,0,0
-0.14398006,10010101010001,1705,1705,3.496349e-04,0,0,0,0
-0.14356029,10010101010000,1706,1706,-7.013201e-05,0,0,0,0
-0.14314053,10010101001111,1707,1707,3.500451e-04,0,0,0,0
-0.14272076,10010101001110,1708,1708,-6.972188e-05,0,0,0,0
-0.14230099,10010101001101,1709,1709,3.504552e-04,0,0,0,0
-0.14188122,10010101001100,1710,1710,-6.931175e-05,0,0,0,0
-0.14146146,10010101001011,1711,1711,3.508653e-04,0,0,0,0
-0.14104169,10010101001010,1712,1712,-6.890162e-05,0,0,0,0
-0.14062192,10010101001001,1713,1713,3.512754e-04,0,0,0,0
-0.14020216,10010101001000,1714,1714,-6.849149e-05,0,0,0,0
-0.13978239,10010101000111,1715,1715,3.516856e-04,0,0,0,0
-0.13936262,10010101000110,1716,1716,-6.808136e-05,0,0,0,0
-0.13894286,10010101000101,1717,1717,3.520957e-04,0,0,0,0
-0.13852309,10010101000100,1718,1718,-6.767124e-05,0,0,0,0
-0.13810332,10010101000011,1719,1719,3.525058e-04,0,0,0,0
-0.13768356,10010101000010,1720,1720,-6.726111e-05,0,0,0,0
-0.13726379,10010101000001,1721,1721,3.529160e-04,0,0,0,0
-0.13684402,10010101000000,1722,1722,-6.685098e-05,0,0,0,0
-0.13642425,10010010111111,1723,1723,3.533261e-04,0,0,0,0
-0.13600449,10010010111110,1724,1724,-6.644085e-05,0,0,0,0
-0.13558472,10010010111101,1725,1725,3.537362e-04,0,0,0,0
-0.13516495,10010010111100,1726,1726,-6.603072e-05,0,0,0,0
-0.13474519,10010010111011,1727,1727,3.541463e-04,0,0,0,0
-0.13432542,10010010111010,1728,1728,-6.562059e-05,0,0,0,0
-0.13390565,10010010111001,1729,1729,3.545565e-04,0,0,0,0
-0.13348589,10010010111000,1730,1730,-6.521046e-05,0,0,0,0
-0.13306612,10010010110111,1731,1731,3.549666e-04,0,0,0,0
-0.13264635,10010010110110,1732,1732,-6.480033e-05,0,0,0,0
-0.13222659,10010010110101,1733,1733,3.553767e-04,0,0,0,0
-0.13180682,10010010110100,1734,1734,-6.439021e-05,0,0,0,0
-0.13138705,10010010110011,1735,1735,3.557869e-04,0,0,0,0
-0.13096728,10010010110010,1736,1736,-6.398008e-05,0,0,0,0
-0.13054752,10010010110001,1737,1737,3.561970e-04,0,0,0,0
-0.13012775,10010010110000,1738,1738,-6.356995e-05,0,0,0,0
-0.12970798,10010010101111,1739,1739,3.566071e-04,0,0,0,0
-0.12928822,10010010101110,1740,1740,-6.315982e-05,0,0,0,0
-0.12886845,10010010101101,1741,1741,3.570172e-04,0,0,0,0
-0.12844868,10010010101100,1742,1742,-6.274969e-05,0,0,0,0
-0.12802892,10010010101011,1743,1743,3.574274e-04,0,0,0,0
-0.12760915,10010010101010,1744,1744,-6.233956e-05,0,0,0,0
-0.12718938,10010010101001,1745,1745,3.578375e-04,0,0,0,0
-0.12676962,10010010101000,1746,1746,-6.192943e-05,0,0,0,0
-0.12634985,10010010100111,1747,1747,3.582476e-04,0,0,0,0
-0.12593008,10010010100110,1748,1748,-6.151931e-05,0,0,0,0
-0.12551031,10010010100101,1749,1749,3.586578e-04,0,0,0,0
-0.12509055,10010010100100,1750,1750,-6.110918e-05,0,0,0,0
-0.12467078,10010010100011,1751,1751,3.590679e-04,0,0,0,0
-0.12425101,10010010100010,1752,1752,-6.069905e-05,0,0,0,0
-0.12383125,10010010100001,1753,1753,3.594780e-04,0,0,0,0
-0.12341148,10010010100000,1754,1754,-6.028892e-05,0,0,0,0
-0.12299171,10010010011111,1755,1755,3.598881e-04,0,0,0,0
-0.12257195,10010001011111,1756,1756,3.600932e-04,0,0,0,0
-0.12215218,10010001011110,1757,1757,-5.967373e-05,0,0,0,0
-0.12173241,10010001011101,1758,1758,3.605033e-04,0,0,0,0
-0.12131264,10010001011100,1759,1759,-5.926360e-05,0,0,0,0
-0.12089288,10010001011011,1760,1760,3.609135e-04,0,0,0,0
-0.12047311,10010001011010,1761,1761,-5.885347e-05,0,0,0,0
-0.12005334,10010001011001,1762,1762,3.613236e-04,0,0,0,0
-0.11963358,10010001011000,1763,1763,-5.844334e-05,0,0,0,0
-0.11921381,10010001010111,1764,1764,3.617337e-04,0,0,0,0
-0.11879404,10010001010110,1765,1765,-5.803321e-05,0,0,0,0
-0.11837428,10010001010101,1766,1766,3.621439e-04,0,0,0,0
-0.11795451,10010001010100,1767,1767,-5.762308e-05,0,0,0,0
-0.11753474,10010001010011,1768,1768,3.625540e-04,0,0,0,0
-0.11711498,10010001010010,1769,1769,-5.721295e-05,0,0,0,0
-0.11669521,10010001010001,1770,1770,3.629641e-04,0,0,0,0
-0.11627544,10010001010000,1771,1771,-5.680283e-05,0,0,0,0
-0.11585567,10010001001111,1772,1772,3.633742e-04,0,0,0,0
-0.11543591,10010001001110,1773,1773,-5.639270e-05,0,0,0,0
-0.11501614,10010001001101,1774,1774,3.637844e-04,0,0,0,0
-0.11459637,10010001001100,1775,1775,-5.598257e-05,0,0,0,0
-0.11417661,10010001001011,1776,1776,3.641945e-04,0,0,0,0
-0.11375684,10010001001010,1777,1777,-5.557244e-05,0,0,0,0
-0.11333707,10010001001001,1778,1778,3.646046e-04,0,0,0,0
-0.11291731,10010001001000,1779,1779,-5.516231e-05,0,0,0,0
-0.11249754,10010001000111,1780,1780,3.650148e-04,0,0,0,0
-0.11207777,10010001000110,1781,1781,-5.475218e-05,0,0,0,0
-0.11165801,10010001000101,1782,1782,3.654249e-04,0,0,0,0
-0.11123824,10010001000100,1783,1783,-5.434205e-05,0,0,0,0
-0.11081847,10010001000011,1784,1784,3.658350e-04,0,0,0,0
-0.1103987,10010001000010,1785,1785,-5.393192e-05,0,0,0,0
-0.10997894,10010001000001,1786,1786,3.662451e-04,0,0,0,0
-0.10955917,10010001000000,1787,1787,-5.352180e-05,0,0,0,0
-0.1091394,10001110111111,1788,1788,3.666553e-04,0,0,0,0
-0.10871964,10001110111110,1789,1789,-5.311167e-05,0,0,0,0
-0.10829987,10001110111101,1790,1790,3.670654e-04,0,0,0,0
-0.1078801,10001110111100,1791,1791,-5.270154e-05,0,0,0,0
-0.10746034,10001110111011,1792,1792,3.674755e-04,0,0,0,0
-0.10704057,10001110111010,1793,1793,-5.229141e-05,0,0,0,0
-0.1066208,10001110111001,1794,1794,3.678857e-04,0,0,0,0
-0.10620104,10001110111000,1795,1795,-5.188128e-05,0,0,0,0
-0.10578127,10001110110111,1796,1796,3.682958e-04,0,0,0,0
-0.1053615,10001110110110,1797,1797,-5.147115e-05,0,0,0,0
-0.10494173,10001110110101,1798,1798,3.687059e-04,0,0,0,0
-0.10452197,10001110110100,1799,1799,-5.106102e-05,0,0,0,0
-0.1041022,10001110110011,1800,1800,3.691160e-04,0,0,0,0
-0.10368243,10001110110010,1801,1801,-5.065089e-05,0,0,0,0
-0.10326267,10001110110001,1802,1802,3.695262e-04,0,0,0,0
-0.1028429,10001110110000,1803,1803,-5.024077e-05,0,0,0,0
-0.10242313,10001110101111,1804,1804,3.699363e-04,0,0,0,0
-0.10200337,10001110101110,1805,1805,-4.983064e-05,0,0,0,0
-0.1015836,10001110101101,1806,1806,3.703464e-04,0,0,0,0
-0.10116383,10001110101100,1807,1807,-4.942051e-05,0,0,0,0
-0.10074407,10001110101011,1808,1808,3.707566e-04,0,0,0,0
-0.1003243,10001110101010,1809,1809,-4.901038e-05,0,0,0,0
-0.09990453,10001110101001,1810,1810,3.711667e-04,0,0,0,0
-0.09948476,10001110101000,1811,1811,-4.860025e-05,0,0,0,0
-0.099065,10001110100111,1812,1812,3.715768e-04,0,0,0,0
-0.09864523,10001110100110,1813,1813,-4.819012e-05,0,0,0,0
-0.09822546,10001110100101,1814,1814,3.719869e-04,0,0,0,0
-0.0978057,10001110100100,1815,1815,-4.777999e-05,0,0,0,0
-0.09738593,10001110100011,1816,1816,3.723971e-04,0,0,0,0
-0.09696616,10001110100010,1817,1817,-4.736986e-05,0,0,0,0
-0.0965464,10001110100001,1818,1818,3.728072e-04,0,0,0,0
-0.09612663,10001110100000,1819,1819,-4.695974e-05,0,0,0,0
-0.09570686,10001110011111,1820,1820,3.732173e-04,0,0,0,0
-0.09528709,10001101011111,1821,1821,3.734224e-04,0,0,0,0
-0.09486733,10001101011110,1822,1822,-4.634454e-05,0,0,0,0
-0.09444756,10001101011101,1823,1823,3.738325e-04,0,0,0,0
-0.09402779,10001101011100,1824,1824,-4.593441e-05,0,0,0,0
-0.09360803,10001101011011,1825,1825,3.742427e-04,0,0,0,0
-0.09318826,10001101011010,1826,1826,-4.552429e-05,0,0,0,0
-0.09276849,10001101011001,1827,1827,3.746528e-04,0,0,0,0
-0.09234873,10001101011000,1828,1828,-4.511416e-05,0,0,0,0
-0.09192896,10001101010111,1829,1829,3.750629e-04,0,0,0,0
-0.09150919,10001101010110,1830,1830,-4.470403e-05,0,0,0,0
-0.09108943,10001101010101,1831,1831,3.754730e-04,0,0,0,0
-0.09066966,10001101010100,1832,1832,-4.429390e-05,0,0,0,0
-0.09024989,10001101010011,1833,1833,3.758832e-04,0,0,0,0
-0.08983012,10001101010010,1834,1834,-4.388377e-05,0,0,0,0
-0.08941036,10001101010001,1835,1835,3.762933e-04,0,0,0,0
-0.08899059,10001101010000,1836,1836,-4.347364e-05,0,0,0,0
-0.08857082,10001101001111,1837,1837,3.767034e-04,0,0,0,0
-0.08815106,10001101001110,1838,1838,-4.306351e-05,0,0,0,0
-0.08773129,10001101001101,1839,1839,3.771136e-04,0,0,0,0
-0.08731152,10001101001100,1840,1840,-4.265338e-05,0,0,0,0
-0.08689176,10001101001011,1841,1841,3.775237e-04,0,0,0,0
-0.08647199,10001101001010,1842,1842,-4.224326e-05,0,0,0,0
-0.08605222,10001101001001,1843,1843,3.779338e-04,0,0,0,0
-0.08563246,10001101001000,1844,1844,-4.183313e-05,0,0,0,0
-0.08521269,10001101000111,1845,1845,3.783439e-04,0,0,0,0
-0.08479292,10001101000110,1846,1846,-4.142300e-05,0,0,0,0
-0.08437315,10001101000101,1847,1847,3.787541e-04,0,0,0,0
-0.08395339,10001101000100,1848,1848,-4.101287e-05,0,0,0,0
-0.08353362,10001101000011,1849,1849,3.791642e-04,0,0,0,0
-0.08311385,10001101000010,1850,1850,-4.060274e-05,0,0,0,0
-0.08269409,10001101000001,1851,1851,3.795743e-04,0,0,0,0
-0.08227432,10001101000000,1852,1852,-4.019261e-05,0,0,0,0
-0.08185455,10001010111111,1853,1853,3.799845e-04,0,0,0,0
-0.08143479,10001010111110,1854,1854,-3.978248e-05,0,0,0,0
-0.08101502,10001010111101,1855,1855,3.803946e-04,0,0,0,0
-0.08059525,10001010111100,1856,1856,-3.937236e-05,0,0,0,0
-0.08017549,10001010111011,1857,1857,3.808047e-04,0,0,0,0
-0.07975572,10001010111010,1858,1858,-3.896223e-05,0,0,0,0
-0.07933595,10001010111001,1859,1859,3.812148e-04,0,0,0,0
-0.07891618,10001010111000,1860,1860,-3.855210e-05,0,0,0,0
-0.07849642,10001010110111,1861,1861,3.816250e-04,0,0,0,0
-0.07807665,10001010110110,1862,1862,-3.814197e-05,0,0,0,0
-0.07765688,10001010110101,1863,1863,3.820351e-04,0,0,0,0
-0.07723712,10001010110100,1864,1864,-3.773184e-05,0,0,0,0
-0.07681735,10001010110011,1865,1865,3.824452e-04,0,0,0,0
-0.07639758,10001010110010,1866,1866,-3.732171e-05,0,0,0,0
-0.07597782,10001010110001,1867,1867,3.828554e-04,0,0,0,0
-0.07555805,10001010110000,1868,1868,-3.691158e-05,0,0,0,0
-0.07513828,10001010101111,1869,1869,3.832655e-04,0,0,0,0
-0.07471851,10001010101110,1870,1870,-3.650145e-05,0,0,0,0
-0.07429875,10001010101101,1871,1871,3.836756e-04,0,0,0,0
-0.07387898,10001010101100,1872,1872,-3.609133e-05,0,0,0,0
-0.07345921,10001010101011,1873,1873,3.840857e-04,0,0,0,0
-0.07303945,10001010101010,1874,1874,-3.568120e-05,0,0,0,0
-0.07261968,10001010101001,1875,1875,3.844959e-04,0,0,0,0
-0.07219991,10001010101000,1876,1876,-3.527107e-05,0,0,0,0
-0.07178015,10001010100111,1877,1877,3.849060e-04,0,0,0,0
-0.07136038,10001010100110,1878,1878,-3.486094e-05,0,0,0,0
-0.07094061,10001010100101,1879,1879,3.853161e-04,0,0,0,0
-0.07052085,10001010100100,1880,1880,-3.445081e-05,0,0,0,0
-0.07010108,10001010100011,1881,1881,3.857263e-04,0,0,0,0
-0.06968131,10001010100010,1882,1882,-3.404068e-05,0,0,0,0
-0.06926154,10001010100001,1883,1883,3.861364e-04,0,0,0,0
-0.06884178,10001010100000,1884,1884,-3.363055e-05,0,0,0,0
-0.06842201,10001010011111,1885,1885,3.865465e-04,0,0,0,0
-0.06800224,10001001011111,1886,1886,3.867516e-04,0,0,0,0
-0.06758248,10001001011110,1887,1887,-3.301536e-05,0,0,0,0
-0.06716271,10001001011101,1888,1888,3.871617e-04,0,0,0,0
-0.06674294,10001001011100,1889,1889,-3.260523e-05,0,0,0,0
-0.06632318,10001001011011,1890,1890,3.875718e-04,0,0,0,0
-0.06590341,10001001011010,1891,1891,-3.219510e-05,0,0,0,0
-0.06548364,10001001011001,1892,1892,3.879820e-04,0,0,0,0
-0.06506388,10001001011000,1893,1893,-3.178497e-05,0,0,0,0
-0.06464411,10001001010111,1894,1894,3.883921e-04,0,0,0,0
-0.06422434,10001001010110,1895,1895,-3.137485e-05,0,0,0,0
-0.06380457,10001001010101,1896,1896,3.888022e-04,0,0,0,0
-0.06338481,10001001010100,1897,1897,-3.096472e-05,0,0,0,0
-0.06296504,10001001010011,1898,1898,3.892123e-04,0,0,0,0
-0.06254527,10001001010010,1899,1899,-3.055459e-05,0,0,0,0
-0.06212551,10001001010001,1900,1900,3.896225e-04,0,0,0,0
-0.06170574,10001001010000,1901,1901,-3.014446e-05,0,0,0,0
-0.06128597,10001001001111,1902,1902,3.900326e-04,0,0,0,0
-0.06086621,10001001001110,1903,1903,-2.973433e-05,0,0,0,0
-0.06044644,10001001001101,1904,1904,3.904427e-04,0,0,0,0
-0.06002667,10001001001100,1905,1905,-2.932420e-05,0,0,0,0
-0.05960691,10001001001011,1906,1906,3.908529e-04,0,0,0,0
-0.05918714,10001001001010,1907,1907,-2.891407e-05,0,0,0,0
-0.05876737,10001001001001,1908,1908,3.912630e-04,0,0,0,0
-0.0583476,10001001001000,1909,1909,-2.850394e-05,0,0,0,0
-0.05792784,10001001000111,1910,1910,3.916731e-04,0,0,0,0
-0.05750807,10001001000110,1911,1911,-2.809382e-05,0,0,0,0
-0.0570883,10001001000101,1912,1912,3.920833e-04,0,0,0,0
-0.05666854,10001001000100,1913,1913,-2.768369e-05,0,0,0,0
-0.05624877,10001001000011,1914,1914,3.924934e-04,0,0,0,0
-0.055829,10001001000010,1915,1915,-2.727356e-05,0,0,0,0
-0.05540924,10001001000001,1916,1916,3.929035e-04,0,0,0,0
-0.05498947,10001001000000,1917,1917,-2.686343e-05,0,0,0,0
-0.0545697,10000110111111,1918,1918,3.933136e-04,0,0,0,0
-0.05414993,10000110111110,1919,1919,-2.645330e-05,0,0,0,0
-0.05373017,10000110111101,1920,1920,3.937238e-04,0,0,0,0
-0.0533104,10000110111100,1921,1921,-2.604317e-05,0,0,0,0
-0.05289063,10000110111011,1922,1922,3.941339e-04,0,0,0,0
-0.05247087,10000110111010,1923,1923,-2.563304e-05,0,0,0,0
-0.0520511,10000110111001,1924,1924,3.945440e-04,0,0,0,0
-0.05163133,10000110111000,1925,1925,-2.522292e-05,0,0,0,0
-0.05121157,10000110110111,1926,1926,3.949542e-04,0,0,0,0
-0.0507918,10000110110110,1927,1927,-2.481279e-05,0,0,0,0
-0.05037203,10000110110101,1928,1928,3.953643e-04,0,0,0,0
-0.04995227,10000110110100,1929,1929,-2.440266e-05,0,0,0,0
-0.0495325,10000110110011,1930,1930,3.957744e-04,0,0,0,0
-0.04911273,10000110110010,1931,1931,-2.399253e-05,0,0,0,0
-0.04869296,10000110110001,1932,1932,3.961845e-04,0,0,0,0
-0.0482732,10000110110000,1933,1933,-2.358240e-05,0,0,0,0
-0.04785343,10000110101111,1934,1934,3.965947e-04,0,0,0,0
-0.04743366,10000110101110,1935,1935,-2.317227e-05,0,0,0,0
-0.0470139,10000110101101,1936,1936,3.970048e-04,0,0,0,0
-0.04659413,10000110101100,1937,1937,-2.276214e-05,0,0,0,0
-0.04617436,10000110101011,1938,1938,3.974149e-04,0,0,0,0
-0.0457546,10000110101010,1939,1939,-2.235201e-05,0,0,0,0
-0.04533483,10000110101001,1940,1940,3.978251e-04,0,0,0,0
-0.04491506,10000110101000,1941,1941,-2.194189e-05,0,0,0,0
-0.0444953,10000110100111,1942,1942,3.982352e-04,0,0,0,0
-0.04407553,10000110100110,1943,1943,-2.153176e-05,0,0,0,0
-0.04365576,10000110100101,1944,1944,3.986453e-04,0,0,0,0
-0.04323599,10000110100100,1945,1945,-2.112163e-05,0,0,0,0
-0.04281623,10000110100011,1946,1946,3.990554e-04,0,0,0,0
-0.04239646,10000110100010,1947,1947,-2.071150e-05,0,0,0,0
-0.04197669,10000110100001,1948,1948,3.994656e-04,0,0,0,0
-0.04155693,10000110100000,1949,1949,-2.030137e-05,0,0,0,0
-0.04113716,10000110011111,1950,1950,3.998757e-04,0,0,0,0
-0.04071739,10000101011111,1951,1951,4.000808e-04,0,0,0,0
-0.04029763,10000101011110,1952,1952,-1.968618e-05,0,0,0,0
-0.03987786,10000101011101,1953,1953,4.004909e-04,0,0,0,0
-0.03945809,10000101011100,1954,1954,-1.927605e-05,0,0,0,0
-0.03903833,10000101011011,1955,1955,4.009010e-04,0,0,0,0
-0.03861856,10000101011010,1956,1956,-1.886592e-05,0,0,0,0
-0.03819879,10000101011001,1957,1957,4.013111e-04,0,0,0,0
-0.03777902,10000101011000,1958,1958,-1.845579e-05,0,0,0,0
-0.03735926,10000101010111,1959,1959,4.017213e-04,0,0,0,0
-0.03693949,10000101010110,1960,1960,-1.804566e-05,0,0,0,0
-0.03651972,10000101010101,1961,1961,4.021314e-04,0,0,0,0
-0.03609996,10000101010100,1962,1962,-1.763553e-05,0,0,0,0
-0.03568019,10000101010011,1963,1963,4.025415e-04,0,0,0,0
-0.03526042,10000101010010,1964,1964,-1.722541e-05,0,0,0,0
-0.03484066,10000101010001,1965,1965,4.029517e-04,0,0,0,0
-0.03442089,10000101010000,1966,1966,-1.681528e-05,0,0,0,0
-0.03400112,10000101001111,1967,1967,4.033618e-04,0,0,0,0
-0.03358136,10000101001110,1968,1968,-1.640515e-05,0,0,0,0
-0.03316159,10000101001101,1969,1969,4.037719e-04,0,0,0,0
-0.03274182,10000101001100,1970,1970,-1.599502e-05,0,0,0,0
-0.03232205,10000101001011,1971,1971,4.041820e-04,0,0,0,0
-0.03190229,10000101001010,1972,1972,-1.558489e-05,0,0,0,0
-0.03148252,10000101001001,1973,1973,4.045922e-04,0,0,0,0
-0.03106275,10000101001000,1974,1974,-1.517476e-05,0,0,0,0
-0.03064299,10000101000111,1975,1975,4.050023e-04,0,0,0,0
-0.03022322,10000101000110,1976,1976,-1.476463e-05,0,0,0,0
-0.02980345,10000101000101,1977,1977,4.054124e-04,0,0,0,0
-0.02938369,10000101000100,1978,1978,-1.435450e-05,0,0,0,0
-0.02896392,10000101000011,1979,1979,4.058226e-04,0,0,0,0
-0.02854415,10000101000010,1980,1980,-1.394438e-05,0,0,0,0
-0.02812438,10000101000001,1981,1981,4.062327e-04,0,0,0,0
-0.02770462,10000101000000,1982,1982,-1.353425e-05,0,0,0,0
-0.02728485,10000010111111,1983,1983,4.066428e-04,0,0,0,0
-0.02686508,10000010111110,1984,1984,-1.312412e-05,0,0,0,0
-0.02644532,10000010111101,1985,1985,4.070529e-04,0,0,0,0
-0.02602555,10000010111100,1986,1986,-1.271399e-05,0,0,0,0
-0.02560578,10000010111011,1987,1987,4.074631e-04,0,0,0,0
-0.02518602,10000010111010,1988,1988,-1.230386e-05,0,0,0,0
-0.02476625,10000010111001,1989,1989,4.078732e-04,0,0,0,0
-0.02434648,10000010111000,1990,1990,-1.189373e-05,0,0,0,0
-0.02392672,10000010110111,1991,1991,4.082833e-04,0,0,0,0
-0.02350695,10000010110110,1992,1992,-1.148360e-05,0,0,0,0
-0.02308718,10000010110101,1993,1993,4.086935e-04,0,0,0,0
-0.02266741,10000010110100,1994,1994,-1.107347e-05,0,0,0,0
-0.02224765,10000010110011,1995,1995,4.091036e-04,0,0,0,0
-0.02182788,10000010110010,1996,1996,-1.066335e-05,0,0,0,0
-0.02140811,10000010110001,1997,1997,4.095137e-04,0,0,0,0
-0.02098835,10000010110000,1998,1998,-1.025322e-05,0,0,0,0
-0.02056858,10000010101111,1999,1999,4.099238e-04,0,0,0,0
-0.02014881,10000010101110,2000,2000,-9.843089e-06,0,0,0,0
-0.01972905,10000010101101,2001,2001,4.103340e-04,0,0,0,0
-0.01930928,10000010101100,2002,2002,-9.432960e-06,0,0,0,0
-0.01888951,10000010101011,2003,2003,4.107441e-04,0,0,0,0
-0.01846975,10000010101010,2004,2004,-9.022831e-06,0,0,0,0
-0.01804998,10000010101001,2005,2005,4.111542e-04,0,0,0,0
-0.01763021,10000010101000,2006,2006,-8.612703e-06,0,0,0,0
-0.01721044,10000010100111,2007,2007,4.115644e-04,0,0,0,0
-0.01679068,10000010100110,2008,2008,-8.202574e-06,0,0,0,0
-0.01637091,10000010100101,2009,2009,4.119745e-04,0,0,0,0
-0.01595114,10000010100100,2010,2010,-7.792445e-06,0,0,0,0
-0.01553138,10000010100011,2011,2011,4.123846e-04,0,0,0,0
-0.01511161,10000010100010,2012,2012,-7.382317e-06,0,0,0,0
-0.01469184,10000010100001,2013,2013,4.127947e-04,0,0,0,0
-0.01427208,10000010100000,2014,2014,-6.972188e-06,0,0,0,0
-0.01385231,10000010011111,2015,2015,4.132049e-04,0,0,0,0
-0.01343254,10000001011111,2016,2016,4.134099e-04,0,0,0,0
-0.01301278,10000001011110,2017,2017,-6.356995e-06,0,0,0,0
-0.01259301,10000001011101,2018,2018,4.138201e-04,0,0,0,0
-0.01217324,10000001011100,2019,2019,-5.946866e-06,0,0,0,0
-0.01175347,10000001011011,2020,2020,4.142302e-04,0,0,0,0
-0.01133371,10000001011010,2021,2021,-5.536737e-06,0,0,0,0
-0.01091394,10000001011001,2022,2022,4.146403e-04,0,0,0,0
-0.01049417,10000001011000,2023,2023,-5.126609e-06,0,0,0,0
-0.01007441,10000001010111,2024,2024,4.150505e-04,0,0,0,0
-0.00965464,10000001010110,2025,2025,-4.716480e-06,0,0,0,0
-0.00923487,10000001010101,2026,2026,4.154606e-04,0,0,0,0
-0.00881511,10000001010100,2027,2027,-4.306351e-06,0,0,0,0
-0.00839534,10000001010011,2028,2028,4.158707e-04,0,0,0,0
-0.00797557,10000001010010,2029,2029,-3.896223e-06,0,0,0,0
-0.0075558,10000001010001,2030,2030,4.162808e-04,0,0,0,0
-0.00713604,10000001010000,2031,2031,-3.486094e-06,0,0,0,0
-0.00671627,10000001001111,2032,2032,4.166910e-04,0,0,0,0
-0.0062965,10000001001110,2033,2033,-3.075965e-06,0,0,0,0
-0.00587674,10000001001101,2034,2034,4.171011e-04,0,0,0,0
-0.00545697,10000001001100,2035,2035,-2.665837e-06,0,0,0,0
-0.0050372,10000001001011,2036,2036,4.175112e-04,0,0,0,0
-0.00461744,10000001001010,2037,2037,-2.255708e-06,0,0,0,0
-0.00419767,10000001001001,2038,2038,4.179214e-04,0,0,0,0
-0.0037779,10000001001000,2039,2039,-1.845579e-06,0,0,0,0
-0.00335814,10000001000111,2040,2040,4.183315e-04,0,0,0,0
-0.00293837,10000001000110,2041,2041,-1.435450e-06,0,0,0,0
-0.0025186,10000001000101,2042,2042,4.187416e-04,0,0,0,0
-0.00209883,10000001000100,2043,2043,-1.025322e-06,0,0,0,0
-0.00167907,10000001000011,2044,2044,4.191517e-04,0,0,0,0
-0.0012593,10000001000010,2045,2045,-6.151931e-07,0,0,0,0
-0.00083953,10000001000001,2046,2046,4.195619e-04,0,0,0,0
-0.00041977,10000001000000,2047,2047,-2.050644e-07,0,0,0,0
0.0,01111110111111,2048,2048,4.199720e-04,0,0,0,0
0.00041977,01111110111111,2048,2048,2.050644e-07,0,0,0,0
0.00083953,01111110111110,2049,2049,-4.195619e-04,0,0,0,0
0.0012593,01111110111101,2050,2050,6.151931e-07,0,0,0,0
0.00167907,01111110111100,2051,2051,-4.191517e-04,0,0,0,0
0.00209883,01111110111011,2052,2052,1.025322e-06,0,0,0,0
0.0025186,01111110111010,2053,2053,-4.187416e-04,0,0,0,0
0.00293837,01111110111001,2054,2054,1.435450e-06,0,0,0,0
0.00335814,01111110111000,2055,2055,-4.183315e-04,0,0,0,0
0.0037779,01111110110111,2056,2056,1.845579e-06,0,0,0,0
0.00419767,01111110110110,2057,2057,-4.179214e-04,0,0,0,0
0.00461744,01111110110101,2058,2058,2.255708e-06,0,0,0,0
0.0050372,01111110110100,2059,2059,-4.175112e-04,0,0,0,0
0.00545697,01111110110011,2060,2060,2.665837e-06,0,0,0,0
0.00587674,01111110110010,2061,2061,-4.171011e-04,0,0,0,0
0.0062965,01111110110001,2062,2062,3.075965e-06,0,0,0,0
0.00671627,01111110110000,2063,2063,-4.166910e-04,0,0,0,0
0.00713604,01111110101111,2064,2064,3.486094e-06,0,0,0,0
0.0075558,01111110101110,2065,2065,-4.162808e-04,0,0,0,0
0.00797557,01111110101101,2066,2066,3.896223e-06,0,0,0,0
0.00839534,01111110101100,2067,2067,-4.158707e-04,0,0,0,0
0.00881511,01111110101011,2068,2068,4.306351e-06,0,0,0,0
0.00923487,01111110101010,2069,2069,-4.154606e-04,0,0,0,0
0.00965464,01111110101001,2070,2070,4.716480e-06,0,0,0,0
0.01007441,01111110101000,2071,2071,-4.150505e-04,0,0,0,0
0.01049417,01111110100111,2072,2072,5.126609e-06,0,0,0,0
0.01091394,01111110100110,2073,2073,-4.146403e-04,0,0,0,0
0.01133371,01111110100101,2074,2074,5.536737e-06,0,0,0,0
0.01175347,01111110100100,2075,2075,-4.142302e-04,0,0,0,0
0.01217324,01111110100011,2076,2076,5.946866e-06,0,0,0,0
0.01259301,01111110100010,2077,2077,-4.138201e-04,0,0,0,0
0.01301278,01111110100001,2078,2078,6.356995e-06,0,0,0,0
0.01343254,01111110100000,2079,2079,-4.134099e-04,0,0,0,0
0.01385231,01111101100000,2080,2080,-4.132049e-04,0,0,0,0
0.01427208,01111101011111,2081,2081,6.972188e-06,0,0,0,0
0.01469184,01111101011110,2082,2082,-4.127947e-04,0,0,0,0
0.01511161,01111101011101,2083,2083,7.382317e-06,0,0,0,0
0.01553138,01111101011100,2084,2084,-4.123846e-04,0,0,0,0
0.01595114,01111101011011,2085,2085,7.792445e-06,0,0,0,0
0.01637091,01111101011010,2086,2086,-4.119745e-04,0,0,0,0
0.01679068,01111101011001,2087,2087,8.202574e-06,0,0,0,0
0.01721044,01111101011000,2088,2088,-4.115644e-04,0,0,0,0
0.01763021,01111101010111,2089,2089,8.612703e-06,0,0,0,0
0.01804998,01111101010110,2090,2090,-4.111542e-04,0,0,0,0
0.01846975,01111101010101,2091,2091,9.022831e-06,0,0,0,0
0.01888951,01111101010100,2092,2092,-4.107441e-04,0,0,0,0
0.01930928,01111101010011,2093,2093,9.432960e-06,0,0,0,0
0.01972905,01111101010010,2094,2094,-4.103340e-04,0,0,0,0
0.02014881,01111101010001,2095,2095,9.843089e-06,0,0,0,0
0.02056858,01111101010000,2096,2096,-4.099238e-04,0,0,0,0
0.02098835,01111101001111,2097,2097,1.025322e-05,0,0,0,0
0.02140811,01111101001110,2098,2098,-4.095137e-04,0,0,0,0
0.02182788,01111101001101,2099,2099,1.066335e-05,0,0,0,0
0.02224765,01111101001100,2100,2100,-4.091036e-04,0,0,0,0
0.02266741,01111101001011,2101,2101,1.107347e-05,0,0,0,0
0.02308718,01111101001010,2102,2102,-4.086935e-04,0,0,0,0
0.02350695,01111101001001,2103,2103,1.148360e-05,0,0,0,0
0.02392672,01111101001000,2104,2104,-4.082833e-04,0,0,0,0
0.02434648,01111101000111,2105,2105,1.189373e-05,0,0,0,0
0.02476625,01111101000110,2106,2106,-4.078732e-04,0,0,0,0
0.02518602,01111101000101,2107,2107,1.230386e-05,0,0,0,0
0.02560578,01111101000100,2108,2108,-4.074631e-04,0,0,0,0
0.02602555,01111101000011,2109,2109,1.271399e-05,0,0,0,0
0.02644532,01111101000010,2110,2110,-4.070529e-04,0,0,0,0
0.02686508,01111101000001,2111,2111,1.312412e-05,0,0,0,0
0.02728485,01111101000000,2112,2112,-4.066428e-04,0,0,0,0
0.02770462,01111010111111,2113,2113,1.353425e-05,0,0,0,0
0.02812438,01111010111110,2114,2114,-4.062327e-04,0,0,0,0
0.02854415,01111010111101,2115,2115,1.394438e-05,0,0,0,0
0.02896392,01111010111100,2116,2116,-4.058226e-04,0,0,0,0
0.02938369,01111010111011,2117,2117,1.435450e-05,0,0,0,0
0.02980345,01111010111010,2118,2118,-4.054124e-04,0,0,0,0
0.03022322,01111010111001,2119,2119,1.476463e-05,0,0,0,0
0.03064299,01111010111000,2120,2120,-4.050023e-04,0,0,0,0
0.03106275,01111010110111,2121,2121,1.517476e-05,0,0,0,0
0.03148252,01111010110110,2122,2122,-4.045922e-04,0,0,0,0
0.03190229,01111010110101,2123,2123,1.558489e-05,0,0,0,0
0.03232205,01111010110100,2124,2124,-4.041820e-04,0,0,0,0
0.03274182,01111010110011,2125,2125,1.599502e-05,0,0,0,0
0.03316159,01111010110010,2126,2126,-4.037719e-04,0,0,0,0
0.03358136,01111010110001,2127,2127,1.640515e-05,0,0,0,0
0.03400112,01111010110000,2128,2128,-4.033618e-04,0,0,0,0
0.03442089,01111010101111,2129,2129,1.681528e-05,0,0,0,0
0.03484066,01111010101110,2130,2130,-4.029517e-04,0,0,0,0
0.03526042,01111010101101,2131,2131,1.722541e-05,0,0,0,0
0.03568019,01111010101100,2132,2132,-4.025415e-04,0,0,0,0
0.03609996,01111010101011,2133,2133,1.763553e-05,0,0,0,0
0.03651972,01111010101010,2134,2134,-4.021314e-04,0,0,0,0
0.03693949,01111010101001,2135,2135,1.804566e-05,0,0,0,0
0.03735926,01111010101000,2136,2136,-4.017213e-04,0,0,0,0
0.03777902,01111010100111,2137,2137,1.845579e-05,0,0,0,0
0.03819879,01111010100110,2138,2138,-4.013111e-04,0,0,0,0
0.03861856,01111010100101,2139,2139,1.886592e-05,0,0,0,0
0.03903833,01111010100100,2140,2140,-4.009010e-04,0,0,0,0
0.03945809,01111010100011,2141,2141,1.927605e-05,0,0,0,0
0.03987786,01111010100010,2142,2142,-4.004909e-04,0,0,0,0
0.04029763,01111010100001,2143,2143,1.968618e-05,0,0,0,0
0.04071739,01111010100000,2144,2144,-4.000808e-04,0,0,0,0
0.04113716,01111001100000,2145,2145,-3.998757e-04,0,0,0,0
0.04155693,01111001011111,2146,2146,2.030137e-05,0,0,0,0
0.04197669,01111001011110,2147,2147,-3.994656e-04,0,0,0,0
0.04239646,01111001011101,2148,2148,2.071150e-05,0,0,0,0
0.04281623,01111001011100,2149,2149,-3.990554e-04,0,0,0,0
0.04323599,01111001011011,2150,2150,2.112163e-05,0,0,0,0
0.04365576,01111001011010,2151,2151,-3.986453e-04,0,0,0,0
0.04407553,01111001011001,2152,2152,2.153176e-05,0,0,0,0
0.0444953,01111001011000,2153,2153,-3.982352e-04,0,0,0,0
0.04491506,01111001010111,2154,2154,2.194189e-05,0,0,0,0
0.04533483,01111001010110,2155,2155,-3.978251e-04,0,0,0,0
0.0457546,01111001010101,2156,2156,2.235201e-05,0,0,0,0
0.04617436,01111001010100,2157,2157,-3.974149e-04,0,0,0,0
0.04659413,01111001010011,2158,2158,2.276214e-05,0,0,0,0
0.0470139,01111001010010,2159,2159,-3.970048e-04,0,0,0,0
0.04743366,01111001010001,2160,2160,2.317227e-05,0,0,0,0
0.04785343,01111001010000,2161,2161,-3.965947e-04,0,0,0,0
0.0482732,01111001001111,2162,2162,2.358240e-05,0,0,0,0
0.04869296,01111001001110,2163,2163,-3.961845e-04,0,0,0,0
0.04911273,01111001001101,2164,2164,2.399253e-05,0,0,0,0
0.0495325,01111001001100,2165,2165,-3.957744e-04,0,0,0,0
0.04995227,01111001001011,2166,2166,2.440266e-05,0,0,0,0
0.05037203,01111001001010,2167,2167,-3.953643e-04,0,0,0,0
0.0507918,01111001001001,2168,2168,2.481279e-05,0,0,0,0
0.05121157,01111001001000,2169,2169,-3.949542e-04,0,0,0,0
0.05163133,01111001000111,2170,2170,2.522292e-05,0,0,0,0
0.0520511,01111001000110,2171,2171,-3.945440e-04,0,0,0,0
0.05247087,01111001000101,2172,2172,2.563304e-05,0,0,0,0
0.05289063,01111001000100,2173,2173,-3.941339e-04,0,0,0,0
0.0533104,01111001000011,2174,2174,2.604317e-05,0,0,0,0
0.05373017,01111001000010,2175,2175,-3.937238e-04,0,0,0,0
0.05414993,01111001000001,2176,2176,2.645330e-05,0,0,0,0
0.0545697,01111001000000,2177,2177,-3.933136e-04,0,0,0,0
0.05498947,01110110111111,2178,2178,2.686343e-05,0,0,0,0
0.05540924,01110110111110,2179,2179,-3.929035e-04,0,0,0,0
0.055829,01110110111101,2180,2180,2.727356e-05,0,0,0,0
0.05624877,01110110111100,2181,2181,-3.924934e-04,0,0,0,0
0.05666854,01110110111011,2182,2182,2.768369e-05,0,0,0,0
0.0570883,01110110111010,2183,2183,-3.920833e-04,0,0,0,0
0.05750807,01110110111001,2184,2184,2.809382e-05,0,0,0,0
0.05792784,01110110111000,2185,2185,-3.916731e-04,0,0,0,0
0.0583476,01110110110111,2186,2186,2.850394e-05,0,0,0,0
0.05876737,01110110110110,2187,2187,-3.912630e-04,0,0,0,0
0.05918714,01110110110101,2188,2188,2.891407e-05,0,0,0,0
0.05960691,01110110110100,2189,2189,-3.908529e-04,0,0,0,0
0.06002667,01110110110011,2190,2190,2.932420e-05,0,0,0,0
0.06044644,01110110110010,2191,2191,-3.904427e-04,0,0,0,0
0.06086621,01110110110001,2192,2192,2.973433e-05,0,0,0,0
0.06128597,01110110110000,2193,2193,-3.900326e-04,0,0,0,0
0.06170574,01110110101111,2194,2194,3.014446e-05,0,0,0,0
0.06212551,01110110101110,2195,2195,-3.896225e-04,0,0,0,0
0.06254527,01110110101101,2196,2196,3.055459e-05,0,0,0,0
0.06296504,01110110101100,2197,2197,-3.892123e-04,0,0,0,0
0.06338481,01110110101011,2198,2198,3.096472e-05,0,0,0,0
0.06380457,01110110101010,2199,2199,-3.888022e-04,0,0,0,0
0.06422434,01110110101001,2200,2200,3.137485e-05,0,0,0,0
0.06464411,01110110101000,2201,2201,-3.883921e-04,0,0,0,0
0.06506388,01110110100111,2202,2202,3.178497e-05,0,0,0,0
0.06548364,01110110100110,2203,2203,-3.879820e-04,0,0,0,0
0.06590341,01110110100101,2204,2204,3.219510e-05,0,0,0,0
0.06632318,01110110100100,2205,2205,-3.875718e-04,0,0,0,0
0.06674294,01110110100011,2206,2206,3.260523e-05,0,0,0,0
0.06716271,01110110100010,2207,2207,-3.871617e-04,0,0,0,0
0.06758248,01110110100001,2208,2208,3.301536e-05,0,0,0,0
0.06800224,01110110100000,2209,2209,-3.867516e-04,0,0,0,0
0.06842201,01110101100000,2210,2210,-3.865465e-04,0,0,0,0
0.06884178,01110101011111,2211,2211,3.363055e-05,0,0,0,0
0.06926154,01110101011110,2212,2212,-3.861364e-04,0,0,0,0
0.06968131,01110101011101,2213,2213,3.404068e-05,0,0,0,0
0.07010108,01110101011100,2214,2214,-3.857263e-04,0,0,0,0
0.07052085,01110101011011,2215,2215,3.445081e-05,0,0,0,0
0.07094061,01110101011010,2216,2216,-3.853161e-04,0,0,0,0
0.07136038,01110101011001,2217,2217,3.486094e-05,0,0,0,0
0.07178015,01110101011000,2218,2218,-3.849060e-04,0,0,0,0
0.07219991,01110101010111,2219,2219,3.527107e-05,0,0,0,0
0.07261968,01110101010110,2220,2220,-3.844959e-04,0,0,0,0
0.07303945,01110101010101,2221,2221,3.568120e-05,0,0,0,0
0.07345921,01110101010100,2222,2222,-3.840857e-04,0,0,0,0
0.07387898,01110101010011,2223,2223,3.609133e-05,0,0,0,0
0.07429875,01110101010010,2224,2224,-3.836756e-04,0,0,0,0
0.07471851,01110101010001,2225,2225,3.650145e-05,0,0,0,0
0.07513828,01110101010000,2226,2226,-3.832655e-04,0,0,0,0
0.07555805,01110101001111,2227,2227,3.691158e-05,0,0,0,0
0.07597782,01110101001110,2228,2228,-3.828554e-04,0,0,0,0
0.07639758,01110101001101,2229,2229,3.732171e-05,0,0,0,0
0.07681735,01110101001100,2230,2230,-3.824452e-04,0,0,0,0
0.07723712,01110101001011,2231,2231,3.773184e-05,0,0,0,0
0.07765688,01110101001010,2232,2232,-3.820351e-04,0,0,0,0
0.07807665,01110101001001,2233,2233,3.814197e-05,0,0,0,0
0.07849642,01110101001000,2234,2234,-3.816250e-04,0,0,0,0
0.07891618,01110101000111,2235,2235,3.855210e-05,0,0,0,0
0.07933595,01110101000110,2236,2236,-3.812148e-04,0,0,0,0
0.07975572,01110101000101,2237,2237,3.896223e-05,0,0,0,0
0.08017549,01110101000100,2238,2238,-3.808047e-04,0,0,0,0
0.08059525,01110101000011,2239,2239,3.937236e-05,0,0,0,0
0.08101502,01110101000010,2240,2240,-3.803946e-04,0,0,0,0
0.08143479,01110101000001,2241,2241,3.978248e-05,0,0,0,0
0.08185455,01110101000000,2242,2242,-3.799845e-04,0,0,0,0
0.08227432,01110010111111,2243,2243,4.019261e-05,0,0,0,0
0.08269409,01110010111110,2244,2244,-3.795743e-04,0,0,0,0
0.08311385,01110010111101,2245,2245,4.060274e-05,0,0,0,0
0.08353362,01110010111100,2246,2246,-3.791642e-04,0,0,0,0
0.08395339,01110010111011,2247,2247,4.101287e-05,0,0,0,0
0.08437315,01110010111010,2248,2248,-3.787541e-04,0,0,0,0
0.08479292,01110010111001,2249,2249,4.142300e-05,0,0,0,0
0.08521269,01110010111000,2250,2250,-3.783439e-04,0,0,0,0
0.08563246,01110010110111,2251,2251,4.183313e-05,0,0,0,0
0.08605222,01110010110110,2252,2252,-3.779338e-04,0,0,0,0
0.08647199,01110010110101,2253,2253,4.224326e-05,0,0,0,0
0.08689176,01110010110100,2254,2254,-3.775237e-04,0,0,0,0
0.08731152,01110010110011,2255,2255,4.265338e-05,0,0,0,0
0.08773129,01110010110010,2256,2256,-3.771136e-04,0,0,0,0
0.08815106,01110010110001,2257,2257,4.306351e-05,0,0,0,0
0.08857082,01110010110000,2258,2258,-3.767034e-04,0,0,0,0
0.08899059,01110010101111,2259,2259,4.347364e-05,0,0,0,0
0.08941036,01110010101110,2260,2260,-3.762933e-04,0,0,0,0
0.08983012,01110010101101,2261,2261,4.388377e-05,0,0,0,0
0.09024989,01110010101100,2262,2262,-3.758832e-04,0,0,0,0
0.09066966,01110010101011,2263,2263,4.429390e-05,0,0,0,0
0.09108943,01110010101010,2264,2264,-3.754730e-04,0,0,0,0
0.09150919,01110010101001,2265,2265,4.470403e-05,0,0,0,0
0.09192896,01110010101000,2266,2266,-3.750629e-04,0,0,0,0
0.09234873,01110010100111,2267,2267,4.511416e-05,0,0,0,0
0.09276849,01110010100110,2268,2268,-3.746528e-04,0,0,0,0
0.09318826,01110010100101,2269,2269,4.552429e-05,0,0,0,0
0.09360803,01110010100100,2270,2270,-3.742427e-04,0,0,0,0
0.09402779,01110010100011,2271,2271,4.593441e-05,0,0,0,0
0.09444756,01110010100010,2272,2272,-3.738325e-04,0,0,0,0
0.09486733,01110010100001,2273,2273,4.634454e-05,0,0,0,0
0.09528709,01110010100000,2274,2274,-3.734224e-04,0,0,0,0
0.09570686,01110001100000,2275,2275,-3.732173e-04,0,0,0,0
0.09612663,01110001011111,2276,2276,4.695974e-05,0,0,0,0
0.0965464,01110001011110,2277,2277,-3.728072e-04,0,0,0,0
0.09696616,01110001011101,2278,2278,4.736986e-05,0,0,0,0
0.09738593,01110001011100,2279,2279,-3.723971e-04,0,0,0,0
0.0978057,01110001011011,2280,2280,4.777999e-05,0,0,0,0
0.09822546,01110001011010,2281,2281,-3.719869e-04,0,0,0,0
0.09864523,01110001011001,2282,2282,4.819012e-05,0,0,0,0
0.099065,01110001011000,2283,2283,-3.715768e-04,0,0,0,0
0.09948476,01110001010111,2284,2284,4.860025e-05,0,0,0,0
0.09990453,01110001010110,2285,2285,-3.711667e-04,0,0,0,0
0.1003243,01110001010101,2286,2286,4.901038e-05,0,0,0,0
0.10074407,01110001010100,2287,2287,-3.707566e-04,0,0,0,0
0.10116383,01110001010011,2288,2288,4.942051e-05,0,0,0,0
0.1015836,01110001010010,2289,2289,-3.703464e-04,0,0,0,0
0.10200337,01110001010001,2290,2290,4.983064e-05,0,0,0,0
0.10242313,01110001010000,2291,2291,-3.699363e-04,0,0,0,0
0.1028429,01110001001111,2292,2292,5.024077e-05,0,0,0,0
0.10326267,01110001001110,2293,2293,-3.695262e-04,0,0,0,0
0.10368243,01110001001101,2294,2294,5.065089e-05,0,0,0,0
0.1041022,01110001001100,2295,2295,-3.691160e-04,0,0,0,0
0.10452197,01110001001011,2296,2296,5.106102e-05,0,0,0,0
0.10494173,01110001001010,2297,2297,-3.687059e-04,0,0,0,0
0.1053615,01110001001001,2298,2298,5.147115e-05,0,0,0,0
0.10578127,01110001001000,2299,2299,-3.682958e-04,0,0,0,0
0.10620104,01110001000111,2300,2300,5.188128e-05,0,0,0,0
0.1066208,01110001000110,2301,2301,-3.678857e-04,0,0,0,0
0.10704057,01110001000101,2302,2302,5.229141e-05,0,0,0,0
0.10746034,01110001000100,2303,2303,-3.674755e-04,0,0,0,0
0.1078801,01110001000011,2304,2304,5.270154e-05,0,0,0,0
0.10829987,01110001000010,2305,2305,-3.670654e-04,0,0,0,0
0.10871964,01110001000001,2306,2306,5.311167e-05,0,0,0,0
0.1091394,01110001000000,2307,2307,-3.666553e-04,0,0,0,0
0.10955917,01101110111111,2308,2308,5.352180e-05,0,0,0,0
0.10997894,01101110111110,2309,2309,-3.662451e-04,0,0,0,0
0.1103987,01101110111101,2310,2310,5.393192e-05,0,0,0,0
0.11081847,01101110111100,2311,2311,-3.658350e-04,0,0,0,0
0.11123824,01101110111011,2312,2312,5.434205e-05,0,0,0,0
0.11165801,01101110111010,2313,2313,-3.654249e-04,0,0,0,0
0.11207777,01101110111001,2314,2314,5.475218e-05,0,0,0,0
0.11249754,01101110111000,2315,2315,-3.650148e-04,0,0,0,0
0.11291731,01101110110111,2316,2316,5.516231e-05,0,0,0,0
0.11333707,01101110110110,2317,2317,-3.646046e-04,0,0,0,0
0.11375684,01101110110101,2318,2318,5.557244e-05,0,0,0,0
0.11417661,01101110110100,2319,2319,-3.641945e-04,0,0,0,0
0.11459637,01101110110011,2320,2320,5.598257e-05,0,0,0,0
0.11501614,01101110110010,2321,2321,-3.637844e-04,0,0,0,0
0.11543591,01101110110001,2322,2322,5.639270e-05,0,0,0,0
0.11585567,01101110110000,2323,2323,-3.633742e-04,0,0,0,0
0.11627544,01101110101111,2324,2324,5.680283e-05,0,0,0,0
0.11669521,01101110101110,2325,2325,-3.629641e-04,0,0,0,0
0.11711498,01101110101101,2326,2326,5.721295e-05,0,0,0,0
0.11753474,01101110101100,2327,2327,-3.625540e-04,0,0,0,0
0.11795451,01101110101011,2328,2328,5.762308e-05,0,0,0,0
0.11837428,01101110101010,2329,2329,-3.621439e-04,0,0,0,0
0.11879404,01101110101001,2330,2330,5.803321e-05,0,0,0,0
0.11921381,01101110101000,2331,2331,-3.617337e-04,0,0,0,0
0.11963358,01101110100111,2332,2332,5.844334e-05,0,0,0,0
0.12005334,01101110100110,2333,2333,-3.613236e-04,0,0,0,0
0.12047311,01101110100101,2334,2334,5.885347e-05,0,0,0,0
0.12089288,01101110100100,2335,2335,-3.609135e-04,0,0,0,0
0.12131264,01101110100011,2336,2336,5.926360e-05,0,0,0,0
0.12173241,01101110100010,2337,2337,-3.605033e-04,0,0,0,0
0.12215218,01101110100001,2338,2338,5.967373e-05,0,0,0,0
0.12257195,01101110100000,2339,2339,-3.600932e-04,0,0,0,0
0.12299171,01101101100000,2340,2340,-3.598881e-04,0,0,0,0
0.12341148,01101101011111,2341,2341,6.028892e-05,0,0,0,0
0.12383125,01101101011110,2342,2342,-3.594780e-04,0,0,0,0
0.12425101,01101101011101,2343,2343,6.069905e-05,0,0,0,0
0.12467078,01101101011100,2344,2344,-3.590679e-04,0,0,0,0
0.12509055,01101101011011,2345,2345,6.110918e-05,0,0,0,0
0.12551031,01101101011010,2346,2346,-3.586578e-04,0,0,0,0
0.12593008,01101101011001,2347,2347,6.151931e-05,0,0,0,0
0.12634985,01101101011000,2348,2348,-3.582476e-04,0,0,0,0
0.12676962,01101101010111,2349,2349,6.192943e-05,0,0,0,0
0.12718938,01101101010110,2350,2350,-3.578375e-04,0,0,0,0
0.12760915,01101101010101,2351,2351,6.233956e-05,0,0,0,0
0.12802892,01101101010100,2352,2352,-3.574274e-04,0,0,0,0
0.12844868,01101101010011,2353,2353,6.274969e-05,0,0,0,0
0.12886845,01101101010010,2354,2354,-3.570172e-04,0,0,0,0
0.12928822,01101101010001,2355,2355,6.315982e-05,0,0,0,0
0.12970798,01101101010000,2356,2356,-3.566071e-04,0,0,0,0
0.13012775,01101101001111,2357,2357,6.356995e-05,0,0,0,0
0.13054752,01101101001110,2358,2358,-3.561970e-04,0,0,0,0
0.13096728,01101101001101,2359,2359,6.398008e-05,0,0,0,0
0.13138705,01101101001100,2360,2360,-3.557869e-04,0,0,0,0
0.13180682,01101101001011,2361,2361,6.439021e-05,0,0,0,0
0.13222659,01101101001010,2362,2362,-3.553767e-04,0,0,0,0
0.13264635,01101101001001,2363,2363,6.480033e-05,0,0,0,0
0.13306612,01101101001000,2364,2364,-3.549666e-04,0,0,0,0
0.13348589,01101101000111,2365,2365,6.521046e-05,0,0,0,0
0.13390565,01101101000110,2366,2366,-3.545565e-04,0,0,0,0
0.13432542,01101101000101,2367,2367,6.562059e-05,0,0,0,0
0.13474519,01101101000100,2368,2368,-3.541463e-04,0,0,0,0
0.13516495,01101101000011,2369,2369,6.603072e-05,0,0,0,0
0.13558472,01101101000010,2370,2370,-3.537362e-04,0,0,0,0
0.13600449,01101101000001,2371,2371,6.644085e-05,0,0,0,0
0.13642425,01101101000000,2372,2372,-3.533261e-04,0,0,0,0
0.13684402,01101010111111,2373,2373,6.685098e-05,0,0,0,0
0.13726379,01101010111110,2374,2374,-3.529160e-04,0,0,0,0
0.13768356,01101010111101,2375,2375,6.726111e-05,0,0,0,0
0.13810332,01101010111100,2376,2376,-3.525058e-04,0,0,0,0
0.13852309,01101010111011,2377,2377,6.767124e-05,0,0,0,0
0.13894286,01101010111010,2378,2378,-3.520957e-04,0,0,0,0
0.13936262,01101010111001,2379,2379,6.808136e-05,0,0,0,0
0.13978239,01101010111000,2380,2380,-3.516856e-04,0,0,0,0
0.14020216,01101010110111,2381,2381,6.849149e-05,0,0,0,0
0.14062192,01101010110110,2382,2382,-3.512754e-04,0,0,0,0
0.14104169,01101010110101,2383,2383,6.890162e-05,0,0,0,0
0.14146146,01101010110100,2384,2384,-3.508653e-04,0,0,0,0
0.14188122,01101010110011,2385,2385,6.931175e-05,0,0,0,0
0.14230099,01101010110010,2386,2386,-3.504552e-04,0,0,0,0
0.14272076,01101010110001,2387,2387,6.972188e-05,0,0,0,0
0.14314053,01101010110000,2388,2388,-3.500451e-04,0,0,0,0
0.14356029,01101010101111,2389,2389,7.013201e-05,0,0,0,0
0.14398006,01101010101110,2390,2390,-3.496349e-04,0,0,0,0
0.14439983,01101010101101,2391,2391,7.054214e-05,0,0,0,0
0.14481959,01101010101100,2392,2392,-3.492248e-04,0,0,0,0
0.14523936,01101010101011,2393,2393,7.095227e-05,0,0,0,0
0.14565913,01101010101010,2394,2394,-3.488147e-04,0,0,0,0
0.14607889,01101010101001,2395,2395,7.136239e-05,0,0,0,0
0.14649866,01101010101000,2396,2396,-3.484045e-04,0,0,0,0
0.14691843,01101010100111,2397,2397,7.177252e-05,0,0,0,0
0.1473382,01101010100110,2398,2398,-3.479944e-04,0,0,0,0
0.14775796,01101010100101,2399,2399,7.218265e-05,0,0,0,0
0.14817773,01101010100100,2400,2400,-3.475843e-04,0,0,0,0
0.1485975,01101010100011,2401,2401,7.259278e-05,0,0,0,0
0.14901726,01101010100010,2402,2402,-3.471742e-04,0,0,0,0
0.14943703,01101010100001,2403,2403,7.300291e-05,0,0,0,0
0.1498568,01101010100000,2404,2404,-3.467640e-04,0,0,0,0
0.15027656,01101001100000,2405,2405,-3.465590e-04,0,0,0,0
0.15069633,01101001011111,2406,2406,7.361810e-05,0,0,0,0
0.1511161,01101001011110,2407,2407,-3.461488e-04,0,0,0,0
0.15153586,01101001011101,2408,2408,7.402823e-05,0,0,0,0
0.15195563,01101001011100,2409,2409,-3.457387e-04,0,0,0,0
0.1523754,01101001011011,2410,2410,7.443836e-05,0,0,0,0
0.15279517,01101001011010,2411,2411,-3.453286e-04,0,0,0,0
0.15321493,01101001011001,2412,2412,7.484849e-05,0,0,0,0
0.1536347,01101001011000,2413,2413,-3.449184e-04,0,0,0,0
0.15405447,01101001010111,2414,2414,7.525862e-05,0,0,0,0
0.15447423,01101001010110,2415,2415,-3.445083e-04,0,0,0,0
0.154894,01101001010101,2416,2416,7.566875e-05,0,0,0,0
0.15531377,01101001010100,2417,2417,-3.440982e-04,0,0,0,0
0.15573353,01101001010011,2418,2418,7.607887e-05,0,0,0,0
0.1561533,01101001010010,2419,2419,-3.436881e-04,0,0,0,0
0.15657307,01101001010001,2420,2420,7.648900e-05,0,0,0,0
0.15699283,01101001010000,2421,2421,-3.432779e-04,0,0,0,0
0.1574126,01101001001111,2422,2422,7.689913e-05,0,0,0,0
0.15783237,01101001001110,2423,2423,-3.428678e-04,0,0,0,0
0.15825214,01101001001101,2424,2424,7.730926e-05,0,0,0,0
0.1586719,01101001001100,2425,2425,-3.424577e-04,0,0,0,0
0.15909167,01101001001011,2426,2426,7.771939e-05,0,0,0,0
0.15951144,01101001001010,2427,2427,-3.420475e-04,0,0,0,0
0.1599312,01101001001001,2428,2428,7.812952e-05,0,0,0,0
0.16035097,01101001001000,2429,2429,-3.416374e-04,0,0,0,0
0.16077074,01101001000111,2430,2430,7.853965e-05,0,0,0,0
0.1611905,01101001000110,2431,2431,-3.412273e-04,0,0,0,0
0.16161027,01101001000101,2432,2432,7.894977e-05,0,0,0,0
0.16203004,01101001000100,2433,2433,-3.408172e-04,0,0,0,0
0.1624498,01101001000011,2434,2434,7.935990e-05,0,0,0,0
0.16286957,01101001000010,2435,2435,-3.404070e-04,0,0,0,0
0.16328934,01101001000001,2436,2436,7.977003e-05,0,0,0,0
0.16370911,01101001000000,2437,2437,-3.399969e-04,0,0,0,0
0.16412887,01100110111111,2438,2438,8.018016e-05,0,0,0,0
0.16454864,01100110111110,2439,2439,-3.395868e-04,0,0,0,0
0.16496841,01100110111101,2440,2440,8.059029e-05,0,0,0,0
0.16538817,01100110111100,2441,2441,-3.391766e-04,0,0,0,0
0.16580794,01100110111011,2442,2442,8.100042e-05,0,0,0,0
0.16622771,01100110111010,2443,2443,-3.387665e-04,0,0,0,0
0.16664747,01100110111001,2444,2444,8.141055e-05,0,0,0,0
0.16706724,01100110111000,2445,2445,-3.383564e-04,0,0,0,0
0.16748701,01100110110111,2446,2446,8.182068e-05,0,0,0,0
0.16790678,01100110110110,2447,2447,-3.379463e-04,0,0,0,0
0.16832654,01100110110101,2448,2448,8.223080e-05,0,0,0,0
0.16874631,01100110110100,2449,2449,-3.375361e-04,0,0,0,0
0.16916608,01100110110011,2450,2450,8.264093e-05,0,0,0,0
0.16958584,01100110110010,2451,2451,-3.371260e-04,0,0,0,0
0.17000561,01100110110001,2452,2452,8.305106e-05,0,0,0,0
0.17042538,01100110110000,2453,2453,-3.367159e-04,0,0,0,0
0.17084514,01100110101111,2454,2454,8.346119e-05,0,0,0,0
0.17126491,01100110101110,2455,2455,-3.363057e-04,0,0,0,0
0.17168468,01100110101101,2456,2456,8.387132e-05,0,0,0,0
0.17210444,01100110101100,2457,2457,-3.358956e-04,0,0,0,0
0.17252421,01100110101011,2458,2458,8.428145e-05,0,0,0,0
0.17294398,01100110101010,2459,2459,-3.354855e-04,0,0,0,0
0.17336375,01100110101001,2460,2460,8.469158e-05,0,0,0,0
0.17378351,01100110101000,2461,2461,-3.350754e-04,0,0,0,0
0.17420328,01100110100111,2462,2462,8.510171e-05,0,0,0,0
0.17462305,01100110100110,2463,2463,-3.346652e-04,0,0,0,0
0.17504281,01100110100101,2464,2464,8.551183e-05,0,0,0,0
0.17546258,01100110100100,2465,2465,-3.342551e-04,0,0,0,0
0.17588235,01100110100011,2466,2466,8.592196e-05,0,0,0,0
0.17630211,01100110100010,2467,2467,-3.338450e-04,0,0,0,0
0.17672188,01100110100001,2468,2468,8.633209e-05,0,0,0,0
0.17714165,01100110100000,2469,2469,-3.334348e-04,0,0,0,0
0.17756141,01100101100000,2470,2470,-3.332298e-04,0,0,0,0
0.17798118,01100101011111,2471,2471,8.694728e-05,0,0,0,0
0.17840095,01100101011110,2472,2472,-3.328197e-04,0,0,0,0
0.17882072,01100101011101,2473,2473,8.735741e-05,0,0,0,0
0.17924048,01100101011100,2474,2474,-3.324095e-04,0,0,0,0
0.17966025,01100101011011,2475,2475,8.776754e-05,0,0,0,0
0.18008002,01100101011010,2476,2476,-3.319994e-04,0,0,0,0
0.18049978,01100101011001,2477,2477,8.817767e-05,0,0,0,0
0.18091955,01100101011000,2478,2478,-3.315893e-04,0,0,0,0
0.18133932,01100101010111,2479,2479,8.858780e-05,0,0,0,0
0.18175908,01100101010110,2480,2480,-3.311791e-04,0,0,0,0
0.18217885,01100101010101,2481,2481,8.899793e-05,0,0,0,0
0.18259862,01100101010100,2482,2482,-3.307690e-04,0,0,0,0
0.18301838,01100101010011,2483,2483,8.940806e-05,0,0,0,0
0.18343815,01100101010010,2484,2484,-3.303589e-04,0,0,0,0
0.18385792,01100101010001,2485,2485,8.981819e-05,0,0,0,0
0.18427769,01100101010000,2486,2486,-3.299488e-04,0,0,0,0
0.18469745,01100101001111,2487,2487,9.022831e-05,0,0,0,0
0.18511722,01100101001110,2488,2488,-3.295386e-04,0,0,0,0
0.18553699,01100101001101,2489,2489,9.063844e-05,0,0,0,0
0.18595675,01100101001100,2490,2490,-3.291285e-04,0,0,0,0
0.18637652,01100101001011,2491,2491,9.104857e-05,0,0,0,0
0.18679629,01100101001010,2492,2492,-3.287184e-04,0,0,0,0
0.18721605,01100101001001,2493,2493,9.145870e-05,0,0,0,0
0.18763582,01100101001000,2494,2494,-3.283082e-04,0,0,0,0
0.18805559,01100101000111,2495,2495,9.186883e-05,0,0,0,0
0.18847535,01100101000110,2496,2496,-3.278981e-04,0,0,0,0
0.18889512,01100101000101,2497,2497,9.227896e-05,0,0,0,0
0.18931489,01100101000100,2498,2498,-3.274880e-04,0,0,0,0
0.18973466,01100101000011,2499,2499,9.268909e-05,0,0,0,0
0.19015442,01100101000010,2500,2500,-3.270779e-04,0,0,0,0
0.19057419,01100101000001,2501,2501,9.309922e-05,0,0,0,0
0.19099396,01100101000000,2502,2502,-3.266677e-04,0,0,0,0
0.19141372,01100010111111,2503,2503,9.350934e-05,0,0,0,0
0.19183349,01100010111110,2504,2504,-3.262576e-04,0,0,0,0
0.19225326,01100010111101,2505,2505,9.391947e-05,0,0,0,0
0.19267302,01100010111100,2506,2506,-3.258475e-04,0,0,0,0
0.19309279,01100010111011,2507,2507,9.432960e-05,0,0,0,0
0.19351256,01100010111010,2508,2508,-3.254373e-04,0,0,0,0
0.19393233,01100010111001,2509,2509,9.473973e-05,0,0,0,0
0.19435209,01100010111000,2510,2510,-3.250272e-04,0,0,0,0
0.19477186,01100010110111,2511,2511,9.514986e-05,0,0,0,0
0.19519163,01100010110110,2512,2512,-3.246171e-04,0,0,0,0
0.19561139,01100010110101,2513,2513,9.555999e-05,0,0,0,0
0.19603116,01100010110100,2514,2514,-3.242070e-04,0,0,0,0
0.19645093,01100010110011,2515,2515,9.597012e-05,0,0,0,0
0.19687069,01100010110010,2516,2516,-3.237968e-04,0,0,0,0
0.19729046,01100010110001,2517,2517,9.638024e-05,0,0,0,0
0.19771023,01100010110000,2518,2518,-3.233867e-04,0,0,0,0
0.19812999,01100010101111,2519,2519,9.679037e-05,0,0,0,0
0.19854976,01100010101110,2520,2520,-3.229766e-04,0,0,0,0
0.19896953,01100010101101,2521,2521,9.720050e-05,0,0,0,0
0.1993893,01100010101100,2522,2522,-3.225664e-04,0,0,0,0
0.19980906,01100010101011,2523,2523,9.761063e-05,0,0,0,0
0.20022883,01100010101010,2524,2524,-3.221563e-04,0,0,0,0
0.2006486,01100010101001,2525,2525,9.802076e-05,0,0,0,0
0.20106836,01100010101000,2526,2526,-3.217462e-04,0,0,0,0
0.20148813,01100010100111,2527,2527,9.843089e-05,0,0,0,0
0.2019079,01100010100110,2528,2528,-3.213360e-04,0,0,0,0
0.20232766,01100010100101,2529,2529,9.884102e-05,0,0,0,0
0.20274743,01100010100100,2530,2530,-3.209259e-04,0,0,0,0
0.2031672,01100010100011,2531,2531,9.925115e-05,0,0,0,0
0.20358696,01100010100010,2532,2532,-3.205158e-04,0,0,0,0
0.20400673,01100010100001,2533,2533,9.966127e-05,0,0,0,0
0.2044265,01100010100000,2534,2534,-3.201057e-04,0,0,0,0
0.20484627,01100001100000,2535,2535,-3.199006e-04,0,0,0,0
0.20526603,01100001011111,2536,2536,1.002765e-04,0,0,0,0
0.2056858,01100001011110,2537,2537,-3.194905e-04,0,0,0,0
0.20610557,01100001011101,2538,2538,1.006866e-04,0,0,0,0
0.20652533,01100001011100,2539,2539,-3.190803e-04,0,0,0,0
0.2069451,01100001011011,2540,2540,1.010967e-04,0,0,0,0
0.20736487,01100001011010,2541,2541,-3.186702e-04,0,0,0,0
0.20778463,01100001011001,2542,2542,1.015069e-04,0,0,0,0
0.2082044,01100001011000,2543,2543,-3.182601e-04,0,0,0,0
0.20862417,01100001010111,2544,2544,1.019170e-04,0,0,0,0
0.20904393,01100001010110,2545,2545,-3.178500e-04,0,0,0,0
0.2094637,01100001010101,2546,2546,1.023271e-04,0,0,0,0
0.20988347,01100001010100,2547,2547,-3.174398e-04,0,0,0,0
0.21030324,01100001010011,2548,2548,1.027372e-04,0,0,0,0
0.210723,01100001010010,2549,2549,-3.170297e-04,0,0,0,0
0.21114277,01100001010001,2550,2550,1.031474e-04,0,0,0,0
0.21156254,01100001010000,2551,2551,-3.166196e-04,0,0,0,0
0.2119823,01100001001111,2552,2552,1.035575e-04,0,0,0,0
0.21240207,01100001001110,2553,2553,-3.162094e-04,0,0,0,0
0.21282184,01100001001101,2554,2554,1.039676e-04,0,0,0,0
0.2132416,01100001001100,2555,2555,-3.157993e-04,0,0,0,0
0.21366137,01100001001011,2556,2556,1.043778e-04,0,0,0,0
0.21408114,01100001001010,2557,2557,-3.153892e-04,0,0,0,0
0.21450091,01100001001001,2558,2558,1.047879e-04,0,0,0,0
0.21492067,01100001001000,2559,2559,-3.149791e-04,0,0,0,0
0.21534044,01100001000111,2560,2560,1.051980e-04,0,0,0,0
0.21576021,01100001000110,2561,2561,-3.145689e-04,0,0,0,0
0.21617997,01100001000101,2562,2562,1.056081e-04,0,0,0,0
0.21659974,01100001000100,2563,2563,-3.141588e-04,0,0,0,0
0.21701951,01100001000011,2564,2564,1.060183e-04,0,0,0,0
0.21743927,01100001000010,2565,2565,-3.137487e-04,0,0,0,0
0.21785904,01100001000001,2566,2566,1.064284e-04,0,0,0,0
0.21827881,01100001000000,2567,2567,-3.133385e-04,0,0,0,0
0.21869857,01011110111111,2568,2568,1.068385e-04,0,0,0,0
0.21911834,01011110111110,2569,2569,-3.129284e-04,0,0,0,0
0.21953811,01011110111101,2570,2570,1.072487e-04,0,0,0,0
0.21995788,01011110111100,2571,2571,-3.125183e-04,0,0,0,0
0.22037764,01011110111011,2572,2572,1.076588e-04,0,0,0,0
0.22079741,01011110111010,2573,2573,-3.121082e-04,0,0,0,0
0.22121718,01011110111001,2574,2574,1.080689e-04,0,0,0,0
0.22163694,01011110111000,2575,2575,-3.116980e-04,0,0,0,0
0.22205671,01011110110111,2576,2576,1.084790e-04,0,0,0,0
0.22247648,01011110110110,2577,2577,-3.112879e-04,0,0,0,0
0.22289624,01011110110101,2578,2578,1.088892e-04,0,0,0,0
0.22331601,01011110110100,2579,2579,-3.108778e-04,0,0,0,0
0.22373578,01011110110011,2580,2580,1.092993e-04,0,0,0,0
0.22415554,01011110110010,2581,2581,-3.104676e-04,0,0,0,0
0.22457531,01011110110001,2582,2582,1.097094e-04,0,0,0,0
0.22499508,01011110110000,2583,2583,-3.100575e-04,0,0,0,0
0.22541485,01011110101111,2584,2584,1.101196e-04,0,0,0,0
0.22583461,01011110101110,2585,2585,-3.096474e-04,0,0,0,0
0.22625438,01011110101101,2586,2586,1.105297e-04,0,0,0,0
0.22667415,01011110101100,2587,2587,-3.092373e-04,0,0,0,0
0.22709391,01011110101011,2588,2588,1.109398e-04,0,0,0,0
0.22751368,01011110101010,2589,2589,-3.088271e-04,0,0,0,0
0.22793345,01011110101001,2590,2590,1.113499e-04,0,0,0,0
0.22835321,01011110101000,2591,2591,-3.084170e-04,0,0,0,0
0.22877298,01011110100111,2592,2592,1.117601e-04,0,0,0,0
0.22919275,01011110100110,2593,2593,-3.080069e-04,0,0,0,0
0.22961251,01011110100101,2594,2594,1.121702e-04,0,0,0,0
0.23003228,01011110100100,2595,2595,-3.075967e-04,0,0,0,0
0.23045205,01011110100011,2596,2596,1.125803e-04,0,0,0,0
0.23087182,01011110100010,2597,2597,-3.071866e-04,0,0,0,0
0.23129158,01011110100001,2598,2598,1.129905e-04,0,0,0,0
0.23171135,01011110100000,2599,2599,-3.067765e-04,0,0,0,0
0.23213112,01011101100000,2600,2600,-3.065714e-04,0,0,0,0
0.23255088,01011101011111,2601,2601,1.136057e-04,0,0,0,0
0.23297065,01011101011110,2602,2602,-3.061613e-04,0,0,0,0
0.23339042,01011101011101,2603,2603,1.140158e-04,0,0,0,0
0.23381018,01011101011100,2604,2604,-3.057512e-04,0,0,0,0
0.23422995,01011101011011,2605,2605,1.144259e-04,0,0,0,0
0.23464972,01011101011010,2606,2606,-3.053410e-04,0,0,0,0
0.23506949,01011101011001,2607,2607,1.148360e-04,0,0,0,0
0.23548925,01011101011000,2608,2608,-3.049309e-04,0,0,0,0
0.23590902,01011101010111,2609,2609,1.152462e-04,0,0,0,0
0.23632879,01011101010110,2610,2610,-3.045208e-04,0,0,0,0
0.23674855,01011101010101,2611,2611,1.156563e-04,0,0,0,0
0.23716832,01011101010100,2612,2612,-3.041106e-04,0,0,0,0
0.23758809,01011101010011,2613,2613,1.160664e-04,0,0,0,0
0.23800785,01011101010010,2614,2614,-3.037005e-04,0,0,0,0
0.23842762,01011101010001,2615,2615,1.164766e-04,0,0,0,0
0.23884739,01011101010000,2616,2616,-3.032904e-04,0,0,0,0
0.23926715,01011101001111,2617,2617,1.168867e-04,0,0,0,0
0.23968692,01011101001110,2618,2618,-3.028803e-04,0,0,0,0
0.24010669,01011101001101,2619,2619,1.172968e-04,0,0,0,0
0.24052646,01011101001100,2620,2620,-3.024701e-04,0,0,0,0
0.24094622,01011101001011,2621,2621,1.177069e-04,0,0,0,0
0.24136599,01011101001010,2622,2622,-3.020600e-04,0,0,0,0
0.24178576,01011101001001,2623,2623,1.181171e-04,0,0,0,0
0.24220552,01011101001000,2624,2624,-3.016499e-04,0,0,0,0
0.24262529,01011101000111,2625,2625,1.185272e-04,0,0,0,0
0.24304506,01011101000110,2626,2626,-3.012397e-04,0,0,0,0
0.24346482,01011101000101,2627,2627,1.189373e-04,0,0,0,0
0.24388459,01011101000100,2628,2628,-3.008296e-04,0,0,0,0
0.24430436,01011101000011,2629,2629,1.193475e-04,0,0,0,0
0.24472412,01011101000010,2630,2630,-3.004195e-04,0,0,0,0
0.24514389,01011101000001,2631,2631,1.197576e-04,0,0,0,0
0.24556366,01011101000000,2632,2632,-3.000094e-04,0,0,0,0
0.24598343,01011010111111,2633,2633,1.201677e-04,0,0,0,0
0.24640319,01011010111110,2634,2634,-2.995992e-04,0,0,0,0
0.24682296,01011010111101,2635,2635,1.205778e-04,0,0,0,0
0.24724273,01011010111100,2636,2636,-2.991891e-04,0,0,0,0
0.24766249,01011010111011,2637,2637,1.209880e-04,0,0,0,0
0.24808226,01011010111010,2638,2638,-2.987790e-04,0,0,0,0
0.24850203,01011010111001,2639,2639,1.213981e-04,0,0,0,0
0.24892179,01011010111000,2640,2640,-2.983688e-04,0,0,0,0
0.24934156,01011010110111,2641,2641,1.218082e-04,0,0,0,0
0.24976133,01011010110110,2642,2642,-2.979587e-04,0,0,0,0
0.25018109,01011010110101,2643,2643,1.222184e-04,0,0,0,0
0.25060086,01011010110100,2644,2644,-2.975486e-04,0,0,0,0
0.25102063,01011010110011,2645,2645,1.226285e-04,0,0,0,0
0.2514404,01011010110010,2646,2646,-2.971385e-04,0,0,0,0
0.25186016,01011010110001,2647,2647,1.230386e-04,0,0,0,0
0.25227993,01011010110000,2648,2648,-2.967283e-04,0,0,0,0
0.2526997,01011010101111,2649,2649,1.234487e-04,0,0,0,0
0.25311946,01011010101110,2650,2650,-2.963182e-04,0,0,0,0
0.25353923,01011010101101,2651,2651,1.238589e-04,0,0,0,0
0.253959,01011010101100,2652,2652,-2.959081e-04,0,0,0,0
0.25437876,01011010101011,2653,2653,1.242690e-04,0,0,0,0
0.25479853,01011010101010,2654,2654,-2.954979e-04,0,0,0,0
0.2552183,01011010101001,2655,2655,1.246791e-04,0,0,0,0
0.25563806,01011010101000,2656,2656,-2.950878e-04,0,0,0,0
0.25605783,01011010100111,2657,2657,1.250893e-04,0,0,0,0
0.2564776,01011010100110,2658,2658,-2.946777e-04,0,0,0,0
0.25689737,01011010100101,2659,2659,1.254994e-04,0,0,0,0
0.25731713,01011010100100,2660,2660,-2.942676e-04,0,0,0,0
0.2577369,01011010100011,2661,2661,1.259095e-04,0,0,0,0
0.25815667,01011010100010,2662,2662,-2.938574e-04,0,0,0,0
0.25857643,01011010100001,2663,2663,1.263196e-04,0,0,0,0
0.2589962,01011010100000,2664,2664,-2.934473e-04,0,0,0,0
0.25941597,01011001100000,2665,2665,-2.932422e-04,0,0,0,0
0.25983573,01011001011111,2666,2666,1.269348e-04,0,0,0,0
0.2602555,01011001011110,2667,2667,-2.928321e-04,0,0,0,0
0.26067527,01011001011101,2668,2668,1.273450e-04,0,0,0,0
0.26109504,01011001011100,2669,2669,-2.924220e-04,0,0,0,0
0.2615148,01011001011011,2670,2670,1.277551e-04,0,0,0,0
0.26193457,01011001011010,2671,2671,-2.920118e-04,0,0,0,0
0.26235434,01011001011001,2672,2672,1.281652e-04,0,0,0,0
0.2627741,01011001011000,2673,2673,-2.916017e-04,0,0,0,0
0.26319387,01011001010111,2674,2674,1.285753e-04,0,0,0,0
0.26361364,01011001010110,2675,2675,-2.911916e-04,0,0,0,0
0.2640334,01011001010101,2676,2676,1.289855e-04,0,0,0,0
0.26445317,01011001010100,2677,2677,-2.907815e-04,0,0,0,0
0.26487294,01011001010011,2678,2678,1.293956e-04,0,0,0,0
0.2652927,01011001010010,2679,2679,-2.903713e-04,0,0,0,0
0.26571247,01011001010001,2680,2680,1.298057e-04,0,0,0,0
0.26613224,01011001010000,2681,2681,-2.899612e-04,0,0,0,0
0.26655201,01011001001111,2682,2682,1.302159e-04,0,0,0,0
0.26697177,01011001001110,2683,2683,-2.895511e-04,0,0,0,0
0.26739154,01011001001101,2684,2684,1.306260e-04,0,0,0,0
0.26781131,01011001001100,2685,2685,-2.891409e-04,0,0,0,0
0.26823107,01011001001011,2686,2686,1.310361e-04,0,0,0,0
0.26865084,01011001001010,2687,2687,-2.887308e-04,0,0,0,0
0.26907061,01011001001001,2688,2688,1.314462e-04,0,0,0,0
0.26949037,01011001001000,2689,2689,-2.883207e-04,0,0,0,0
0.26991014,01011001000111,2690,2690,1.318564e-04,0,0,0,0
0.27032991,01011001000110,2691,2691,-2.879106e-04,0,0,0,0
0.27074967,01011001000101,2692,2692,1.322665e-04,0,0,0,0
0.27116944,01011001000100,2693,2693,-2.875004e-04,0,0,0,0
0.27158921,01011001000011,2694,2694,1.326766e-04,0,0,0,0
0.27200898,01011001000010,2695,2695,-2.870903e-04,0,0,0,0
0.27242874,01011001000001,2696,2696,1.330868e-04,0,0,0,0
0.27284851,01011001000000,2697,2697,-2.866802e-04,0,0,0,0
0.27326828,01010110111111,2698,2698,1.334969e-04,0,0,0,0
0.27368804,01010110111110,2699,2699,-2.862700e-04,0,0,0,0
0.27410781,01010110111101,2700,2700,1.339070e-04,0,0,0,0
0.27452758,01010110111100,2701,2701,-2.858599e-04,0,0,0,0
0.27494734,01010110111011,2702,2702,1.343171e-04,0,0,0,0
0.27536711,01010110111010,2703,2703,-2.854498e-04,0,0,0,0
0.27578688,01010110111001,2704,2704,1.347273e-04,0,0,0,0
0.27620664,01010110111000,2705,2705,-2.850397e-04,0,0,0,0
0.27662641,01010110110111,2706,2706,1.351374e-04,0,0,0,0
0.27704618,01010110110110,2707,2707,-2.846295e-04,0,0,0,0
0.27746595,01010110110101,2708,2708,1.355475e-04,0,0,0,0
0.27788571,01010110110100,2709,2709,-2.842194e-04,0,0,0,0
0.27830548,01010110110011,2710,2710,1.359577e-04,0,0,0,0
0.27872525,01010110110010,2711,2711,-2.838093e-04,0,0,0,0
0.27914501,01010110110001,2712,2712,1.363678e-04,0,0,0,0
0.27956478,01010110110000,2713,2713,-2.833991e-04,0,0,0,0
0.27998455,01010110101111,2714,2714,1.367779e-04,0,0,0,0
0.28040431,01010110101110,2715,2715,-2.829890e-04,0,0,0,0
0.28082408,01010110101101,2716,2716,1.371881e-04,0,0,0,0
0.28124385,01010110101100,2717,2717,-2.825789e-04,0,0,0,0
0.28166362,01010110101011,2718,2718,1.375982e-04,0,0,0,0
0.28208338,01010110101010,2719,2719,-2.821688e-04,0,0,0,0
0.28250315,01010110101001,2720,2720,1.380083e-04,0,0,0,0
0.28292292,01010110101000,2721,2721,-2.817586e-04,0,0,0,0
0.28334268,01010110100111,2722,2722,1.384184e-04,0,0,0,0
0.28376245,01010110100110,2723,2723,-2.813485e-04,0,0,0,0
0.28418222,01010110100101,2724,2724,1.388286e-04,0,0,0,0
0.28460198,01010110100100,2725,2725,-2.809384e-04,0,0,0,0
0.28502175,01010110100011,2726,2726,1.392387e-04,0,0,0,0
0.28544152,01010110100010,2727,2727,-2.805282e-04,0,0,0,0
0.28586128,01010110100001,2728,2728,1.396488e-04,0,0,0,0
0.28628105,01010110100000,2729,2729,-2.801181e-04,0,0,0,0
0.28670082,01010101100000,2730,2730,-2.799131e-04,0,0,0,0
0.28712059,01010101011111,2731,2731,1.402640e-04,0,0,0,0
0.28754035,01010101011110,2732,2732,-2.795029e-04,0,0,0,0
0.28796012,01010101011101,2733,2733,1.406741e-04,0,0,0,0
0.28837989,01010101011100,2734,2734,-2.790928e-04,0,0,0,0
0.28879965,01010101011011,2735,2735,1.410843e-04,0,0,0,0
0.28921942,01010101011010,2736,2736,-2.786827e-04,0,0,0,0
0.28963919,01010101011001,2737,2737,1.414944e-04,0,0,0,0
0.29005895,01010101011000,2738,2738,-2.782725e-04,0,0,0,0
0.29047872,01010101010111,2739,2739,1.419045e-04,0,0,0,0
0.29089849,01010101010110,2740,2740,-2.778624e-04,0,0,0,0
0.29131825,01010101010101,2741,2741,1.423147e-04,0,0,0,0
0.29173802,01010101010100,2742,2742,-2.774523e-04,0,0,0,0
0.29215779,01010101010011,2743,2743,1.427248e-04,0,0,0,0
0.29257756,01010101010010,2744,2744,-2.770421e-04,0,0,0,0
0.29299732,01010101010001,2745,2745,1.431349e-04,0,0,0,0
0.29341709,01010101010000,2746,2746,-2.766320e-04,0,0,0,0
0.29383686,01010101001111,2747,2747,1.435450e-04,0,0,0,0
0.29425662,01010101001110,2748,2748,-2.762219e-04,0,0,0,0
0.29467639,01010101001101,2749,2749,1.439552e-04,0,0,0,0
0.29509616,01010101001100,2750,2750,-2.758118e-04,0,0,0,0
0.29551592,01010101001011,2751,2751,1.443653e-04,0,0,0,0
0.29593569,01010101001010,2752,2752,-2.754016e-04,0,0,0,0
0.29635546,01010101001001,2753,2753,1.447754e-04,0,0,0,0
0.29677522,01010101001000,2754,2754,-2.749915e-04,0,0,0,0
0.29719499,01010101000111,2755,2755,1.451856e-04,0,0,0,0
0.29761476,01010101000110,2756,2756,-2.745814e-04,0,0,0,0
0.29803453,01010101000101,2757,2757,1.455957e-04,0,0,0,0
0.29845429,01010101000100,2758,2758,-2.741712e-04,0,0,0,0
0.29887406,01010101000011,2759,2759,1.460058e-04,0,0,0,0
0.29929383,01010101000010,2760,2760,-2.737611e-04,0,0,0,0
0.29971359,01010101000001,2761,2761,1.464159e-04,0,0,0,0
0.30013336,01010101000000,2762,2762,-2.733510e-04,0,0,0,0
0.30055313,01010010111111,2763,2763,1.468261e-04,0,0,0,0
0.30097289,01010010111110,2764,2764,-2.729409e-04,0,0,0,0
0.30139266,01010010111101,2765,2765,1.472362e-04,0,0,0,0
0.30181243,01010010111100,2766,2766,-2.725307e-04,0,0,0,0
0.3022322,01010010111011,2767,2767,1.476463e-04,0,0,0,0
0.30265196,01010010111010,2768,2768,-2.721206e-04,0,0,0,0
0.30307173,01010010111001,2769,2769,1.480565e-04,0,0,0,0
0.3034915,01010010111000,2770,2770,-2.717105e-04,0,0,0,0
0.30391126,01010010110111,2771,2771,1.484666e-04,0,0,0,0
0.30433103,01010010110110,2772,2772,-2.713003e-04,0,0,0,0
0.3047508,01010010110101,2773,2773,1.488767e-04,0,0,0,0
0.30517056,01010010110100,2774,2774,-2.708902e-04,0,0,0,0
0.30559033,01010010110011,2775,2775,1.492868e-04,0,0,0,0
0.3060101,01010010110010,2776,2776,-2.704801e-04,0,0,0,0
0.30642986,01010010110001,2777,2777,1.496970e-04,0,0,0,0
0.30684963,01010010110000,2778,2778,-2.700700e-04,0,0,0,0
0.3072694,01010010101111,2779,2779,1.501071e-04,0,0,0,0
0.30768917,01010010101110,2780,2780,-2.696598e-04,0,0,0,0
0.30810893,01010010101101,2781,2781,1.505172e-04,0,0,0,0
0.3085287,01010010101100,2782,2782,-2.692497e-04,0,0,0,0
0.30894847,01010010101011,2783,2783,1.509274e-04,0,0,0,0
0.30936823,01010010101010,2784,2784,-2.688396e-04,0,0,0,0
0.309788,01010010101001,2785,2785,1.513375e-04,0,0,0,0
0.31020777,01010010101000,2786,2786,-2.684294e-04,0,0,0,0
0.31062753,01010010100111,2787,2787,1.517476e-04,0,0,0,0
0.3110473,01010010100110,2788,2788,-2.680193e-04,0,0,0,0
0.31146707,01010010100101,2789,2789,1.521577e-04,0,0,0,0
0.31188683,01010010100100,2790,2790,-2.676092e-04,0,0,0,0
0.3123066,01010010100011,2791,2791,1.525679e-04,0,0,0,0
0.31272637,01010010100010,2792,2792,-2.671991e-04,0,0,0,0
0.31314614,01010010100001,2793,2793,1.529780e-04,0,0,0,0
0.3135659,01010010100000,2794,2794,-2.667889e-04,0,0,0,0
0.31398567,01010001100000,2795,2795,-2.665839e-04,0,0,0,0
0.31440544,01010001011111,2796,2796,1.535932e-04,0,0,0,0
0.3148252,01010001011110,2797,2797,-2.661737e-04,0,0,0,0
0.31524497,01010001011101,2798,2798,1.540033e-04,0,0,0,0
0.31566474,01010001011100,2799,2799,-2.657636e-04,0,0,0,0
0.3160845,01010001011011,2800,2800,1.544135e-04,0,0,0,0
0.31650427,01010001011010,2801,2801,-2.653535e-04,0,0,0,0
0.31692404,01010001011001,2802,2802,1.548236e-04,0,0,0,0
0.3173438,01010001011000,2803,2803,-2.649434e-04,0,0,0,0
0.31776357,01010001010111,2804,2804,1.552337e-04,0,0,0,0
0.31818334,01010001010110,2805,2805,-2.645332e-04,0,0,0,0
0.31860311,01010001010101,2806,2806,1.556438e-04,0,0,0,0
0.31902287,01010001010100,2807,2807,-2.641231e-04,0,0,0,0
0.31944264,01010001010011,2808,2808,1.560540e-04,0,0,0,0
0.31986241,01010001010010,2809,2809,-2.637130e-04,0,0,0,0
0.32028217,01010001010001,2810,2810,1.564641e-04,0,0,0,0
0.32070194,01010001010000,2811,2811,-2.633028e-04,0,0,0,0
0.32112171,01010001001111,2812,2812,1.568742e-04,0,0,0,0
0.32154147,01010001001110,2813,2813,-2.628927e-04,0,0,0,0
0.32196124,01010001001101,2814,2814,1.572844e-04,0,0,0,0
0.32238101,01010001001100,2815,2815,-2.624826e-04,0,0,0,0
0.32280077,01010001001011,2816,2816,1.576945e-04,0,0,0,0
0.32322054,01010001001010,2817,2817,-2.620725e-04,0,0,0,0
0.32364031,01010001001001,2818,2818,1.581046e-04,0,0,0,0
0.32406008,01010001001000,2819,2819,-2.616623e-04,0,0,0,0
0.32447984,01010001000111,2820,2820,1.585147e-04,0,0,0,0
0.32489961,01010001000110,2821,2821,-2.612522e-04,0,0,0,0
0.32531938,01010001000101,2822,2822,1.589249e-04,0,0,0,0
0.32573914,01010001000100,2823,2823,-2.608421e-04,0,0,0,0
0.32615891,01010001000011,2824,2824,1.593350e-04,0,0,0,0
0.32657868,01010001000010,2825,2825,-2.604319e-04,0,0,0,0
0.32699844,01010001000001,2826,2826,1.597451e-04,0,0,0,0
0.32741821,01010001000000,2827,2827,-2.600218e-04,0,0,0,0
0.32783798,01001110111111,2828,2828,1.601553e-04,0,0,0,0
0.32825775,01001110111110,2829,2829,-2.596117e-04,0,0,0,0
0.32867751,01001110111101,2830,2830,1.605654e-04,0,0,0,0
0.32909728,01001110111100,2831,2831,-2.592016e-04,0,0,0,0
0.32951705,01001110111011,2832,2832,1.609755e-04,0,0,0,0
0.32993681,01001110111010,2833,2833,-2.587914e-04,0,0,0,0
0.33035658,01001110111001,2834,2834,1.613856e-04,0,0,0,0
0.33077635,01001110111000,2835,2835,-2.583813e-04,0,0,0,0
0.33119611,01001110110111,2836,2836,1.617958e-04,0,0,0,0
0.33161588,01001110110110,2837,2837,-2.579712e-04,0,0,0,0
0.33203565,01001110110101,2838,2838,1.622059e-04,0,0,0,0
0.33245541,01001110110100,2839,2839,-2.575610e-04,0,0,0,0
0.33287518,01001110110011,2840,2840,1.626160e-04,0,0,0,0
0.33329495,01001110110010,2841,2841,-2.571509e-04,0,0,0,0
0.33371472,01001110110001,2842,2842,1.630262e-04,0,0,0,0
0.33413448,01001110110000,2843,2843,-2.567408e-04,0,0,0,0
0.33455425,01001110101111,2844,2844,1.634363e-04,0,0,0,0
0.33497402,01001110101110,2845,2845,-2.563307e-04,0,0,0,0
0.33539378,01001110101101,2846,2846,1.638464e-04,0,0,0,0
0.33581355,01001110101100,2847,2847,-2.559205e-04,0,0,0,0
0.33623332,01001110101011,2848,2848,1.642565e-04,0,0,0,0
0.33665308,01001110101010,2849,2849,-2.555104e-04,0,0,0,0
0.33707285,01001110101001,2850,2850,1.646667e-04,0,0,0,0
0.33749262,01001110101000,2851,2851,-2.551003e-04,0,0,0,0
0.33791238,01001110100111,2852,2852,1.650768e-04,0,0,0,0
0.33833215,01001110100110,2853,2853,-2.546901e-04,0,0,0,0
0.33875192,01001110100101,2854,2854,1.654869e-04,0,0,0,0
0.33917169,01001110100100,2855,2855,-2.542800e-04,0,0,0,0
0.33959145,01001110100011,2856,2856,1.658971e-04,0,0,0,0
0.34001122,01001110100010,2857,2857,-2.538699e-04,0,0,0,0
0.34043099,01001110100001,2858,2858,1.663072e-04,0,0,0,0
0.34085075,01001110100000,2859,2859,-2.534597e-04,0,0,0,0
0.34127052,01001101100000,2860,2860,-2.532547e-04,0,0,0,0
0.34169029,01001101011111,2861,2861,1.669224e-04,0,0,0,0
0.34211005,01001101011110,2862,2862,-2.528446e-04,0,0,0,0
0.34252982,01001101011101,2863,2863,1.673325e-04,0,0,0,0
0.34294959,01001101011100,2864,2864,-2.524344e-04,0,0,0,0
0.34336935,01001101011011,2865,2865,1.677426e-04,0,0,0,0
0.34378912,01001101011010,2866,2866,-2.520243e-04,0,0,0,0
0.34420889,01001101011001,2867,2867,1.681528e-04,0,0,0,0
0.34462866,01001101011000,2868,2868,-2.516142e-04,0,0,0,0
0.34504842,01001101010111,2869,2869,1.685629e-04,0,0,0,0
0.34546819,01001101010110,2870,2870,-2.512040e-04,0,0,0,0
0.34588796,01001101010101,2871,2871,1.689730e-04,0,0,0,0
0.34630772,01001101010100,2872,2872,-2.507939e-04,0,0,0,0
0.34672749,01001101010011,2873,2873,1.693832e-04,0,0,0,0
0.34714726,01001101010010,2874,2874,-2.503838e-04,0,0,0,0
0.34756702,01001101010001,2875,2875,1.697933e-04,0,0,0,0
0.34798679,01001101010000,2876,2876,-2.499737e-04,0,0,0,0
0.34840656,01001101001111,2877,2877,1.702034e-04,0,0,0,0
0.34882633,01001101001110,2878,2878,-2.495635e-04,0,0,0,0
0.34924609,01001101001101,2879,2879,1.706135e-04,0,0,0,0
0.34966586,01001101001100,2880,2880,-2.491534e-04,0,0,0,0
0.35008563,01001101001011,2881,2881,1.710237e-04,0,0,0,0
0.35050539,01001101001010,2882,2882,-2.487433e-04,0,0,0,0
0.35092516,01001101001001,2883,2883,1.714338e-04,0,0,0,0
0.35134493,01001101001000,2884,2884,-2.483331e-04,0,0,0,0
0.35176469,01001101000111,2885,2885,1.718439e-04,0,0,0,0
0.35218446,01001101000110,2886,2886,-2.479230e-04,0,0,0,0
0.35260423,01001101000101,2887,2887,1.722541e-04,0,0,0,0
0.35302399,01001101000100,2888,2888,-2.475129e-04,0,0,0,0
0.35344376,01001101000011,2889,2889,1.726642e-04,0,0,0,0
0.35386353,01001101000010,2890,2890,-2.471028e-04,0,0,0,0
0.3542833,01001101000001,2891,2891,1.730743e-04,0,0,0,0
0.35470306,01001101000000,2892,2892,-2.466926e-04,0,0,0,0
0.35512283,01001010111111,2893,2893,1.734844e-04,0,0,0,0
0.3555426,01001010111110,2894,2894,-2.462825e-04,0,0,0,0
0.35596236,01001010111101,2895,2895,1.738946e-04,0,0,0,0
0.35638213,01001010111100,2896,2896,-2.458724e-04,0,0,0,0
0.3568019,01001010111011,2897,2897,1.743047e-04,0,0,0,0
0.35722166,01001010111010,2898,2898,-2.454622e-04,0,0,0,0
0.35764143,01001010111001,2899,2899,1.747148e-04,0,0,0,0
0.3580612,01001010111000,2900,2900,-2.450521e-04,0,0,0,0
0.35848096,01001010110111,2901,2901,1.751250e-04,0,0,0,0
0.35890073,01001010110110,2902,2902,-2.446420e-04,0,0,0,0
0.3593205,01001010110101,2903,2903,1.755351e-04,0,0,0,0
0.35974027,01001010110100,2904,2904,-2.442319e-04,0,0,0,0
0.36016003,01001010110011,2905,2905,1.759452e-04,0,0,0,0
0.3605798,01001010110010,2906,2906,-2.438217e-04,0,0,0,0
0.36099957,01001010110001,2907,2907,1.763553e-04,0,0,0,0
0.36141933,01001010110000,2908,2908,-2.434116e-04,0,0,0,0
0.3618391,01001010101111,2909,2909,1.767655e-04,0,0,0,0
0.36225887,01001010101110,2910,2910,-2.430015e-04,0,0,0,0
0.36267863,01001010101101,2911,2911,1.771756e-04,0,0,0,0
0.3630984,01001010101100,2912,2912,-2.425913e-04,0,0,0,0
0.36351817,01001010101011,2913,2913,1.775857e-04,0,0,0,0
0.36393793,01001010101010,2914,2914,-2.421812e-04,0,0,0,0
0.3643577,01001010101001,2915,2915,1.779959e-04,0,0,0,0
0.36477747,01001010101000,2916,2916,-2.417711e-04,0,0,0,0
0.36519724,01001010100111,2917,2917,1.784060e-04,0,0,0,0
0.365617,01001010100110,2918,2918,-2.413610e-04,0,0,0,0
0.36603677,01001010100101,2919,2919,1.788161e-04,0,0,0,0
0.36645654,01001010100100,2920,2920,-2.409508e-04,0,0,0,0
0.3668763,01001010100011,2921,2921,1.792262e-04,0,0,0,0
0.36729607,01001010100010,2922,2922,-2.405407e-04,0,0,0,0
0.36771584,01001010100001,2923,2923,1.796364e-04,0,0,0,0
0.3681356,01001010100000,2924,2924,-2.401306e-04,0,0,0,0
0.36855537,01001001100000,2925,2925,-2.399255e-04,0,0,0,0
0.36897514,01001001011111,2926,2926,1.802516e-04,0,0,0,0
0.36939491,01001001011110,2927,2927,-2.395154e-04,0,0,0,0
0.36981467,01001001011101,2928,2928,1.806617e-04,0,0,0,0
0.37023444,01001001011100,2929,2929,-2.391052e-04,0,0,0,0
0.37065421,01001001011011,2930,2930,1.810718e-04,0,0,0,0
0.37107397,01001001011010,2931,2931,-2.386951e-04,0,0,0,0
0.37149374,01001001011001,2932,2932,1.814820e-04,0,0,0,0
0.37191351,01001001011000,2933,2933,-2.382850e-04,0,0,0,0
0.37233327,01001001010111,2934,2934,1.818921e-04,0,0,0,0
0.37275304,01001001010110,2935,2935,-2.378749e-04,0,0,0,0
0.37317281,01001001010101,2936,2936,1.823022e-04,0,0,0,0
0.37359257,01001001010100,2937,2937,-2.374647e-04,0,0,0,0
0.37401234,01001001010011,2938,2938,1.827123e-04,0,0,0,0
0.37443211,01001001010010,2939,2939,-2.370546e-04,0,0,0,0
0.37485188,01001001010001,2940,2940,1.831225e-04,0,0,0,0
0.37527164,01001001010000,2941,2941,-2.366445e-04,0,0,0,0
0.37569141,01001001001111,2942,2942,1.835326e-04,0,0,0,0
0.37611118,01001001001110,2943,2943,-2.362343e-04,0,0,0,0
0.37653094,01001001001101,2944,2944,1.839427e-04,0,0,0,0
0.37695071,01001001001100,2945,2945,-2.358242e-04,0,0,0,0
0.37737048,01001001001011,2946,2946,1.843529e-04,0,0,0,0
0.37779024,01001001001010,2947,2947,-2.354141e-04,0,0,0,0
0.37821001,01001001001001,2948,2948,1.847630e-04,0,0,0,0
0.37862978,01001001001000,2949,2949,-2.350040e-04,0,0,0,0
0.37904954,01001001000111,2950,2950,1.851731e-04,0,0,0,0
0.37946931,01001001000110,2951,2951,-2.345938e-04,0,0,0,0
0.37988908,01001001000101,2952,2952,1.855832e-04,0,0,0,0
0.38030885,01001001000100,2953,2953,-2.341837e-04,0,0,0,0
0.38072861,01001001000011,2954,2954,1.859934e-04,0,0,0,0
0.38114838,01001001000010,2955,2955,-2.337736e-04,0,0,0,0
0.38156815,01001001000001,2956,2956,1.864035e-04,0,0,0,0
0.38198791,01001001000000,2957,2957,-2.333634e-04,0,0,0,0
0.38240768,01000110111111,2958,2958,1.868136e-04,0,0,0,0
0.38282745,01000110111110,2959,2959,-2.329533e-04,0,0,0,0
0.38324721,01000110111101,2960,2960,1.872238e-04,0,0,0,0
0.38366698,01000110111100,2961,2961,-2.325432e-04,0,0,0,0
0.38408675,01000110111011,2962,2962,1.876339e-04,0,0,0,0
0.38450651,01000110111010,2963,2963,-2.321331e-04,0,0,0,0
0.38492628,01000110111001,2964,2964,1.880440e-04,0,0,0,0
0.38534605,01000110111000,2965,2965,-2.317229e-04,0,0,0,0
0.38576582,01000110110111,2966,2966,1.884541e-04,0,0,0,0
0.38618558,01000110110110,2967,2967,-2.313128e-04,0,0,0,0
0.38660535,01000110110101,2968,2968,1.888643e-04,0,0,0,0
0.38702512,01000110110100,2969,2969,-2.309027e-04,0,0,0,0
0.38744488,01000110110011,2970,2970,1.892744e-04,0,0,0,0
0.38786465,01000110110010,2971,2971,-2.304925e-04,0,0,0,0
0.38828442,01000110110001,2972,2972,1.896845e-04,0,0,0,0
0.38870418,01000110110000,2973,2973,-2.300824e-04,0,0,0,0
0.38912395,01000110101111,2974,2974,1.900947e-04,0,0,0,0
0.38954372,01000110101110,2975,2975,-2.296723e-04,0,0,0,0
0.38996348,01000110101101,2976,2976,1.905048e-04,0,0,0,0
0.39038325,01000110101100,2977,2977,-2.292622e-04,0,0,0,0
0.39080302,01000110101011,2978,2978,1.909149e-04,0,0,0,0
0.39122279,01000110101010,2979,2979,-2.288520e-04,0,0,0,0
0.39164255,01000110101001,2980,2980,1.913250e-04,0,0,0,0
0.39206232,01000110101000,2981,2981,-2.284419e-04,0,0,0,0
0.39248209,01000110100111,2982,2982,1.917352e-04,0,0,0,0
0.39290185,01000110100110,2983,2983,-2.280318e-04,0,0,0,0
0.39332162,01000110100101,2984,2984,1.921453e-04,0,0,0,0
0.39374139,01000110100100,2985,2985,-2.276216e-04,0,0,0,0
0.39416115,01000110100011,2986,2986,1.925554e-04,0,0,0,0
0.39458092,01000110100010,2987,2987,-2.272115e-04,0,0,0,0
0.39500069,01000110100001,2988,2988,1.929656e-04,0,0,0,0
0.39542046,01000110100000,2989,2989,-2.268014e-04,0,0,0,0
0.39584022,01000101100000,2990,2990,-2.265963e-04,0,0,0,0
0.39625999,01000101011111,2991,2991,1.935807e-04,0,0,0,0
0.39667976,01000101011110,2992,2992,-2.261862e-04,0,0,0,0
0.39709952,01000101011101,2993,2993,1.939909e-04,0,0,0,0
0.39751929,01000101011100,2994,2994,-2.257761e-04,0,0,0,0
0.39793906,01000101011011,2995,2995,1.944010e-04,0,0,0,0
0.39835882,01000101011010,2996,2996,-2.253659e-04,0,0,0,0
0.39877859,01000101011001,2997,2997,1.948111e-04,0,0,0,0
0.39919836,01000101011000,2998,2998,-2.249558e-04,0,0,0,0
0.39961812,01000101010111,2999,2999,1.952213e-04,0,0,0,0
0.40003789,01000101010110,3000,3000,-2.245457e-04,0,0,0,0
0.40045766,01000101010101,3001,3001,1.956314e-04,0,0,0,0
0.40087743,01000101010100,3002,3002,-2.241355e-04,0,0,0,0
0.40129719,01000101010011,3003,3003,1.960415e-04,0,0,0,0
0.40171696,01000101010010,3004,3004,-2.237254e-04,0,0,0,0
0.40213673,01000101010001,3005,3005,1.964516e-04,0,0,0,0
0.40255649,01000101010000,3006,3006,-2.233153e-04,0,0,0,0
0.40297626,01000101001111,3007,3007,1.968618e-04,0,0,0,0
0.40339603,01000101001110,3008,3008,-2.229052e-04,0,0,0,0
0.40381579,01000101001101,3009,3009,1.972719e-04,0,0,0,0
0.40423556,01000101001100,3010,3010,-2.224950e-04,0,0,0,0
0.40465533,01000101001011,3011,3011,1.976820e-04,0,0,0,0
0.40507509,01000101001010,3012,3012,-2.220849e-04,0,0,0,0
0.40549486,01000101001001,3013,3013,1.980922e-04,0,0,0,0
0.40591463,01000101001000,3014,3014,-2.216748e-04,0,0,0,0
0.4063344,01000101000111,3015,3015,1.985023e-04,0,0,0,0
0.40675416,01000101000110,3016,3016,-2.212646e-04,0,0,0,0
0.40717393,01000101000101,3017,3017,1.989124e-04,0,0,0,0
0.4075937,01000101000100,3018,3018,-2.208545e-04,0,0,0,0
0.40801346,01000101000011,3019,3019,1.993225e-04,0,0,0,0
0.40843323,01000101000010,3020,3020,-2.204444e-04,0,0,0,0
0.408853,01000101000001,3021,3021,1.997327e-04,0,0,0,0
0.40927276,01000101000000,3022,3022,-2.200343e-04,0,0,0,0
0.40969253,01000010111111,3023,3023,2.001428e-04,0,0,0,0
0.4101123,01000010111110,3024,3024,-2.196241e-04,0,0,0,0
0.41053206,01000010111101,3025,3025,2.005529e-04,0,0,0,0
0.41095183,01000010111100,3026,3026,-2.192140e-04,0,0,0,0
0.4113716,01000010111011,3027,3027,2.009631e-04,0,0,0,0
0.41179137,01000010111010,3028,3028,-2.188039e-04,0,0,0,0
0.41221113,01000010111001,3029,3029,2.013732e-04,0,0,0,0
0.4126309,01000010111000,3030,3030,-2.183937e-04,0,0,0,0
0.41305067,01000010110111,3031,3031,2.017833e-04,0,0,0,0
0.41347043,01000010110110,3032,3032,-2.179836e-04,0,0,0,0
0.4138902,01000010110101,3033,3033,2.021934e-04,0,0,0,0
0.41430997,01000010110100,3034,3034,-2.175735e-04,0,0,0,0
0.41472973,01000010110011,3035,3035,2.026036e-04,0,0,0,0
0.4151495,01000010110010,3036,3036,-2.171634e-04,0,0,0,0
0.41556927,01000010110001,3037,3037,2.030137e-04,0,0,0,0
0.41598904,01000010110000,3038,3038,-2.167532e-04,0,0,0,0
0.4164088,01000010101111,3039,3039,2.034238e-04,0,0,0,0
0.41682857,01000010101110,3040,3040,-2.163431e-04,0,0,0,0
0.41724834,01000010101101,3041,3041,2.038340e-04,0,0,0,0
0.4176681,01000010101100,3042,3042,-2.159330e-04,0,0,0,0
0.41808787,01000010101011,3043,3043,2.042441e-04,0,0,0,0
0.41850764,01000010101010,3044,3044,-2.155228e-04,0,0,0,0
0.4189274,01000010101001,3045,3045,2.046542e-04,0,0,0,0
0.41934717,01000010101000,3046,3046,-2.151127e-04,0,0,0,0
0.41976694,01000010100111,3047,3047,2.050644e-04,0,0,0,0
0.4201867,01000010100110,3048,3048,-2.147026e-04,0,0,0,0
0.42060647,01000010100101,3049,3049,2.054745e-04,0,0,0,0
0.42102624,01000010100100,3050,3050,-2.142925e-04,0,0,0,0
0.42144601,01000010100011,3051,3051,2.058846e-04,0,0,0,0
0.42186577,01000010100010,3052,3052,-2.138823e-04,0,0,0,0
0.42228554,01000010100001,3053,3053,2.062947e-04,0,0,0,0
0.42270531,01000010100000,3054,3054,-2.134722e-04,0,0,0,0
0.42312507,01000001100000,3055,3055,-2.132671e-04,0,0,0,0
0.42354484,01000001011111,3056,3056,2.069099e-04,0,0,0,0
0.42396461,01000001011110,3057,3057,-2.128570e-04,0,0,0,0
0.42438437,01000001011101,3058,3058,2.073201e-04,0,0,0,0
0.42480414,01000001011100,3059,3059,-2.124469e-04,0,0,0,0
0.42522391,01000001011011,3060,3060,2.077302e-04,0,0,0,0
0.42564367,01000001011010,3061,3061,-2.120368e-04,0,0,0,0
0.42606344,01000001011001,3062,3062,2.081403e-04,0,0,0,0
0.42648321,01000001011000,3063,3063,-2.116266e-04,0,0,0,0
0.42690298,01000001010111,3064,3064,2.085504e-04,0,0,0,0
0.42732274,01000001010110,3065,3065,-2.112165e-04,0,0,0,0
0.42774251,01000001010101,3066,3066,2.089606e-04,0,0,0,0
0.42816228,01000001010100,3067,3067,-2.108064e-04,0,0,0,0
0.42858204,01000001010011,3068,3068,2.093707e-04,0,0,0,0
0.42900181,01000001010010,3069,3069,-2.103962e-04,0,0,0,0
0.42942158,01000001010001,3070,3070,2.097808e-04,0,0,0,0
0.42984134,01000001010000,3071,3071,-2.099861e-04,0,0,0,0
0.43026111,01000001001111,3072,3072,2.101910e-04,0,0,0,0
0.43068088,01000001001110,3073,3073,-2.095760e-04,0,0,0,0
0.43110064,01000001001101,3074,3074,2.106011e-04,0,0,0,0
0.43152041,01000001001100,3075,3075,-2.091658e-04,0,0,0,0
0.43194018,01000001001011,3076,3076,2.110112e-04,0,0,0,0
0.43235995,01000001001010,3077,3077,-2.087557e-04,0,0,0,0
0.43277971,01000001001001,3078,3078,2.114213e-04,0,0,0,0
0.43319948,01000001001000,3079,3079,-2.083456e-04,0,0,0,0
0.43361925,01000001000111,3080,3080,2.118315e-04,0,0,0,0
0.43403901,01000001000110,3081,3081,-2.079355e-04,0,0,0,0
0.43445878,01000001000101,3082,3082,2.122416e-04,0,0,0,0
0.43487855,01000001000100,3083,3083,-2.075253e-04,0,0,0,0
0.43529831,01000001000011,3084,3084,2.126517e-04,0,0,0,0
0.43571808,01000001000010,3085,3085,-2.071152e-04,0,0,0,0
0.43613785,01000001000001,3086,3086,2.130619e-04,0,0,0,0
0.43655762,01000001000000,3087,3087,-2.067051e-04,0,0,0,0
0.43697738,00111110111111,3088,3088,2.134720e-04,0,0,0,0
0.43739715,00111110111110,3089,3089,-2.062949e-04,0,0,0,0
0.43781692,00111110111101,3090,3090,2.138821e-04,0,0,0,0
0.43823668,00111110111100,3091,3091,-2.058848e-04,0,0,0,0
0.43865645,00111110111011,3092,3092,2.142922e-04,0,0,0,0
0.43907622,00111110111010,3093,3093,-2.054747e-04,0,0,0,0
0.43949598,00111110111001,3094,3094,2.147024e-04,0,0,0,0
0.43991575,00111110111000,3095,3095,-2.050646e-04,0,0,0,0
0.44033552,00111110110111,3096,3096,2.151125e-04,0,0,0,0
0.44075528,00111110110110,3097,3097,-2.046544e-04,0,0,0,0
0.44117505,00111110110101,3098,3098,2.155226e-04,0,0,0,0
0.44159482,00111110110100,3099,3099,-2.042443e-04,0,0,0,0
0.44201459,00111110110011,3100,3100,2.159328e-04,0,0,0,0
0.44243435,00111110110010,3101,3101,-2.038342e-04,0,0,0,0
0.44285412,00111110110001,3102,3102,2.163429e-04,0,0,0,0
0.44327389,00111110110000,3103,3103,-2.034240e-04,0,0,0,0
0.44369365,00111110101111,3104,3104,2.167530e-04,0,0,0,0
0.44411342,00111110101110,3105,3105,-2.030139e-04,0,0,0,0
0.44453319,00111110101101,3106,3106,2.171631e-04,0,0,0,0
0.44495295,00111110101100,3107,3107,-2.026038e-04,0,0,0,0
0.44537272,00111110101011,3108,3108,2.175733e-04,0,0,0,0
0.44579249,00111110101010,3109,3109,-2.021937e-04,0,0,0,0
0.44621225,00111110101001,3110,3110,2.179834e-04,0,0,0,0
0.44663202,00111110101000,3111,3111,-2.017835e-04,0,0,0,0
0.44705179,00111110100111,3112,3112,2.183935e-04,0,0,0,0
0.44747156,00111110100110,3113,3113,-2.013734e-04,0,0,0,0
0.44789132,00111110100101,3114,3114,2.188037e-04,0,0,0,0
0.44831109,00111110100100,3115,3115,-2.009633e-04,0,0,0,0
0.44873086,00111110100011,3116,3116,2.192138e-04,0,0,0,0
0.44915062,00111110100010,3117,3117,-2.005531e-04,0,0,0,0
0.44957039,00111110100001,3118,3118,2.196239e-04,0,0,0,0
0.44999016,00111110100000,3119,3119,-2.001430e-04,0,0,0,0
0.45040992,00111110011111,3120,3120,2.200340e-04,0,0,0,0
0.45082969,00111101011111,3121,3121,2.202391e-04,0,0,0,0
0.45124946,00111101011110,3122,3122,-1.995278e-04,0,0,0,0
0.45166922,00111101011101,3123,3123,2.206492e-04,0,0,0,0
0.45208899,00111101011100,3124,3124,-1.991177e-04,0,0,0,0
0.45250876,00111101011011,3125,3125,2.210594e-04,0,0,0,0
0.45292853,00111101011010,3126,3126,-1.987076e-04,0,0,0,0
0.45334829,00111101011001,3127,3127,2.214695e-04,0,0,0,0
0.45376806,00111101011000,3128,3128,-1.982974e-04,0,0,0,0
0.45418783,00111101010111,3129,3129,2.218796e-04,0,0,0,0
0.45460759,00111101010110,3130,3130,-1.978873e-04,0,0,0,0
0.45502736,00111101010101,3131,3131,2.222898e-04,0,0,0,0
0.45544713,00111101010100,3132,3132,-1.974772e-04,0,0,0,0
0.45586689,00111101010011,3133,3133,2.226999e-04,0,0,0,0
0.45628666,00111101010010,3134,3134,-1.970671e-04,0,0,0,0
0.45670643,00111101010001,3135,3135,2.231100e-04,0,0,0,0
0.45712619,00111101010000,3136,3136,-1.966569e-04,0,0,0,0
0.45754596,00111101001111,3137,3137,2.235201e-04,0,0,0,0
0.45796573,00111101001110,3138,3138,-1.962468e-04,0,0,0,0
0.4583855,00111101001101,3139,3139,2.239303e-04,0,0,0,0
0.45880526,00111101001100,3140,3140,-1.958367e-04,0,0,0,0
0.45922503,00111101001011,3141,3141,2.243404e-04,0,0,0,0
0.4596448,00111101001010,3142,3142,-1.954265e-04,0,0,0,0
0.46006456,00111101001001,3143,3143,2.247505e-04,0,0,0,0
0.46048433,00111101001000,3144,3144,-1.950164e-04,0,0,0,0
0.4609041,00111101000111,3145,3145,2.251607e-04,0,0,0,0
0.46132386,00111101000110,3146,3146,-1.946063e-04,0,0,0,0
0.46174363,00111101000101,3147,3147,2.255708e-04,0,0,0,0
0.4621634,00111101000100,3148,3148,-1.941962e-04,0,0,0,0
0.46258317,00111101000011,3149,3149,2.259809e-04,0,0,0,0
0.46300293,00111101000010,3150,3150,-1.937860e-04,0,0,0,0
0.4634227,00111101000001,3151,3151,2.263910e-04,0,0,0,0
0.46384247,00111101000000,3152,3152,-1.933759e-04,0,0,0,0
0.46426223,00111010111111,3153,3153,2.268012e-04,0,0,0,0
0.464682,00111010111110,3154,3154,-1.929658e-04,0,0,0,0
0.46510177,00111010111101,3155,3155,2.272113e-04,0,0,0,0
0.46552153,00111010111100,3156,3156,-1.925556e-04,0,0,0,0
0.4659413,00111010111011,3157,3157,2.276214e-04,0,0,0,0
0.46636107,00111010111010,3158,3158,-1.921455e-04,0,0,0,0
0.46678083,00111010111001,3159,3159,2.280316e-04,0,0,0,0
0.4672006,00111010111000,3160,3160,-1.917354e-04,0,0,0,0
0.46762037,00111010110111,3161,3161,2.284417e-04,0,0,0,0
0.46804014,00111010110110,3162,3162,-1.913253e-04,0,0,0,0
0.4684599,00111010110101,3163,3163,2.288518e-04,0,0,0,0
0.46887967,00111010110100,3164,3164,-1.909151e-04,0,0,0,0
0.46929944,00111010110011,3165,3165,2.292619e-04,0,0,0,0
0.4697192,00111010110010,3166,3166,-1.905050e-04,0,0,0,0
0.47013897,00111010110001,3167,3167,2.296721e-04,0,0,0,0
0.47055874,00111010110000,3168,3168,-1.900949e-04,0,0,0,0
0.4709785,00111010101111,3169,3169,2.300822e-04,0,0,0,0
0.47139827,00111010101110,3170,3170,-1.896847e-04,0,0,0,0
0.47181804,00111010101101,3171,3171,2.304923e-04,0,0,0,0
0.4722378,00111010101100,3172,3172,-1.892746e-04,0,0,0,0
0.47265757,00111010101011,3173,3173,2.309025e-04,0,0,0,0
0.47307734,00111010101010,3174,3174,-1.888645e-04,0,0,0,0
0.47349711,00111010101001,3175,3175,2.313126e-04,0,0,0,0
0.47391687,00111010101000,3176,3176,-1.884544e-04,0,0,0,0
0.47433664,00111010100111,3177,3177,2.317227e-04,0,0,0,0
0.47475641,00111010100110,3178,3178,-1.880442e-04,0,0,0,0
0.47517617,00111010100101,3179,3179,2.321328e-04,0,0,0,0
0.47559594,00111010100100,3180,3180,-1.876341e-04,0,0,0,0
0.47601571,00111010100011,3181,3181,2.325430e-04,0,0,0,0
0.47643547,00111010100010,3182,3182,-1.872240e-04,0,0,0,0
0.47685524,00111010100001,3183,3183,2.329531e-04,0,0,0,0
0.47727501,00111010100000,3184,3184,-1.868138e-04,0,0,0,0
0.47769477,00111010011111,3185,3185,2.333632e-04,0,0,0,0
0.47811454,00111001011111,3186,3186,2.335683e-04,0,0,0,0
0.47853431,00111001011110,3187,3187,-1.861986e-04,0,0,0,0
0.47895408,00111001011101,3188,3188,2.339784e-04,0,0,0,0
0.47937384,00111001011100,3189,3189,-1.857885e-04,0,0,0,0
0.47979361,00111001011011,3190,3190,2.343886e-04,0,0,0,0
0.48021338,00111001011010,3191,3191,-1.853784e-04,0,0,0,0
0.48063314,00111001011001,3192,3192,2.347987e-04,0,0,0,0
0.48105291,00111001011000,3193,3193,-1.849683e-04,0,0,0,0
0.48147268,00111001010111,3194,3194,2.352088e-04,0,0,0,0
0.48189244,00111001010110,3195,3195,-1.845581e-04,0,0,0,0
0.48231221,00111001010101,3196,3196,2.356189e-04,0,0,0,0
0.48273198,00111001010100,3197,3197,-1.841480e-04,0,0,0,0
0.48315175,00111001010011,3198,3198,2.360291e-04,0,0,0,0
0.48357151,00111001010010,3199,3199,-1.837379e-04,0,0,0,0
0.48399128,00111001010001,3200,3200,2.364392e-04,0,0,0,0
0.48441105,00111001010000,3201,3201,-1.833277e-04,0,0,0,0
0.48483081,00111001001111,3202,3202,2.368493e-04,0,0,0,0
0.48525058,00111001001110,3203,3203,-1.829176e-04,0,0,0,0
0.48567035,00111001001101,3204,3204,2.372595e-04,0,0,0,0
0.48609011,00111001001100,3205,3205,-1.825075e-04,0,0,0,0
0.48650988,00111001001011,3206,3206,2.376696e-04,0,0,0,0
0.48692965,00111001001010,3207,3207,-1.820974e-04,0,0,0,0
0.48734941,00111001001001,3208,3208,2.380797e-04,0,0,0,0
0.48776918,00111001001000,3209,3209,-1.816872e-04,0,0,0,0
0.48818895,00111001000111,3210,3210,2.384898e-04,0,0,0,0
0.48860872,00111001000110,3211,3211,-1.812771e-04,0,0,0,0
0.48902848,00111001000101,3212,3212,2.389000e-04,0,0,0,0
0.48944825,00111001000100,3213,3213,-1.808670e-04,0,0,0,0
0.48986802,00111001000011,3214,3214,2.393101e-04,0,0,0,0
0.49028778,00111001000010,3215,3215,-1.804568e-04,0,0,0,0
0.49070755,00111001000001,3216,3216,2.397202e-04,0,0,0,0
0.49112732,00111001000000,3217,3217,-1.800467e-04,0,0,0,0
0.49154708,00110110111111,3218,3218,2.401304e-04,0,0,0,0
0.49196685,00110110111110,3219,3219,-1.796366e-04,0,0,0,0
0.49238662,00110110111101,3220,3220,2.405405e-04,0,0,0,0
0.49280638,00110110111100,3221,3221,-1.792265e-04,0,0,0,0
0.49322615,00110110111011,3222,3222,2.409506e-04,0,0,0,0
0.49364592,00110110111010,3223,3223,-1.788163e-04,0,0,0,0
0.49406569,00110110111001,3224,3224,2.413607e-04,0,0,0,0
0.49448545,00110110111000,3225,3225,-1.784062e-04,0,0,0,0
0.49490522,00110110110111,3226,3226,2.417709e-04,0,0,0,0
0.49532499,00110110110110,3227,3227,-1.779961e-04,0,0,0,0
0.49574475,00110110110101,3228,3228,2.421810e-04,0,0,0,0
0.49616452,00110110110100,3229,3229,-1.775859e-04,0,0,0,0
0.49658429,00110110110011,3230,3230,2.425911e-04,0,0,0,0
0.49700405,00110110110010,3231,3231,-1.771758e-04,0,0,0,0
0.49742382,00110110110001,3232,3232,2.430013e-04,0,0,0,0
0.49784359,00110110110000,3233,3233,-1.767657e-04,0,0,0,0
0.49826335,00110110101111,3234,3234,2.434114e-04,0,0,0,0
0.49868312,00110110101110,3235,3235,-1.763556e-04,0,0,0,0
0.49910289,00110110101101,3236,3236,2.438215e-04,0,0,0,0
0.49952266,00110110101100,3237,3237,-1.759454e-04,0,0,0,0
0.49994242,00110110101011,3238,3238,2.442316e-04,0,0,0,0
0.50036219,00110110101010,3239,3239,-1.755353e-04,0,0,0,0
0.50078196,00110110101001,3240,3240,2.446418e-04,0,0,0,0
0.50120172,00110110101000,3241,3241,-1.751252e-04,0,0,0,0
0.50162149,00110110100111,3242,3242,2.450519e-04,0,0,0,0
0.50204126,00110110100110,3243,3243,-1.747150e-04,0,0,0,0
0.50246102,00110110100101,3244,3244,2.454620e-04,0,0,0,0
0.50288079,00110110100100,3245,3245,-1.743049e-04,0,0,0,0
0.50330056,00110110100011,3246,3246,2.458722e-04,0,0,0,0
0.50372033,00110110100010,3247,3247,-1.738948e-04,0,0,0,0
0.50414009,00110110100001,3248,3248,2.462823e-04,0,0,0,0
0.50455986,00110110100000,3249,3249,-1.734847e-04,0,0,0,0
0.50497963,00110110011111,3250,3250,2.466924e-04,0,0,0,0
0.50539939,00110101011111,3251,3251,2.468975e-04,0,0,0,0
0.50581916,00110101011110,3252,3252,-1.728695e-04,0,0,0,0
0.50623893,00110101011101,3253,3253,2.473076e-04,0,0,0,0
0.50665869,00110101011100,3254,3254,-1.724593e-04,0,0,0,0
0.50707846,00110101011011,3255,3255,2.477177e-04,0,0,0,0
0.50749823,00110101011010,3256,3256,-1.720492e-04,0,0,0,0
0.50791799,00110101011001,3257,3257,2.481279e-04,0,0,0,0
0.50833776,00110101011000,3258,3258,-1.716391e-04,0,0,0,0
0.50875753,00110101010111,3259,3259,2.485380e-04,0,0,0,0
0.5091773,00110101010110,3260,3260,-1.712289e-04,0,0,0,0
0.50959706,00110101010101,3261,3261,2.489481e-04,0,0,0,0
0.51001683,00110101010100,3262,3262,-1.708188e-04,0,0,0,0
0.5104366,00110101010011,3263,3263,2.493582e-04,0,0,0,0
0.51085636,00110101010010,3264,3264,-1.704087e-04,0,0,0,0
0.51127613,00110101010001,3265,3265,2.497684e-04,0,0,0,0
0.5116959,00110101010000,3266,3266,-1.699986e-04,0,0,0,0
0.51211566,00110101001111,3267,3267,2.501785e-04,0,0,0,0
0.51253543,00110101001110,3268,3268,-1.695884e-04,0,0,0,0
0.5129552,00110101001101,3269,3269,2.505886e-04,0,0,0,0
0.51337496,00110101001100,3270,3270,-1.691783e-04,0,0,0,0
0.51379473,00110101001011,3271,3271,2.509988e-04,0,0,0,0
0.5142145,00110101001010,3272,3272,-1.687682e-04,0,0,0,0
0.51463427,00110101001001,3273,3273,2.514089e-04,0,0,0,0
0.51505403,00110101001000,3274,3274,-1.683580e-04,0,0,0,0
0.5154738,00110101000111,3275,3275,2.518190e-04,0,0,0,0
0.51589357,00110101000110,3276,3276,-1.679479e-04,0,0,0,0
0.51631333,00110101000101,3277,3277,2.522292e-04,0,0,0,0
0.5167331,00110101000100,3278,3278,-1.675378e-04,0,0,0,0
0.51715287,00110101000011,3279,3279,2.526393e-04,0,0,0,0
0.51757263,00110101000010,3280,3280,-1.671277e-04,0,0,0,0
0.5179924,00110101000001,3281,3281,2.530494e-04,0,0,0,0
0.51841217,00110101000000,3282,3282,-1.667175e-04,0,0,0,0
0.51883193,00110010111111,3283,3283,2.534595e-04,0,0,0,0
0.5192517,00110010111110,3284,3284,-1.663074e-04,0,0,0,0
0.51967147,00110010111101,3285,3285,2.538697e-04,0,0,0,0
0.52009124,00110010111100,3286,3286,-1.658973e-04,0,0,0,0
0.520511,00110010111011,3287,3287,2.542798e-04,0,0,0,0
0.52093077,00110010111010,3288,3288,-1.654871e-04,0,0,0,0
0.52135054,00110010111001,3289,3289,2.546899e-04,0,0,0,0
0.5217703,00110010111000,3290,3290,-1.650770e-04,0,0,0,0
0.52219007,00110010110111,3291,3291,2.551001e-04,0,0,0,0
0.52260984,00110010110110,3292,3292,-1.646669e-04,0,0,0,0
0.5230296,00110010110101,3293,3293,2.555102e-04,0,0,0,0
0.52344937,00110010110100,3294,3294,-1.642568e-04,0,0,0,0
0.52386914,00110010110011,3295,3295,2.559203e-04,0,0,0,0
0.5242889,00110010110010,3296,3296,-1.638466e-04,0,0,0,0
0.52470867,00110010110001,3297,3297,2.563304e-04,0,0,0,0
0.52512844,00110010110000,3298,3298,-1.634365e-04,0,0,0,0
0.52554821,00110010101111,3299,3299,2.567406e-04,0,0,0,0
0.52596797,00110010101110,3300,3300,-1.630264e-04,0,0,0,0
0.52638774,00110010101101,3301,3301,2.571507e-04,0,0,0,0
0.52680751,00110010101100,3302,3302,-1.626162e-04,0,0,0,0
0.52722727,00110010101011,3303,3303,2.575608e-04,0,0,0,0
0.52764704,00110010101010,3304,3304,-1.622061e-04,0,0,0,0
0.52806681,00110010101001,3305,3305,2.579710e-04,0,0,0,0
0.52848657,00110010101000,3306,3306,-1.617960e-04,0,0,0,0
0.52890634,00110010100111,3307,3307,2.583811e-04,0,0,0,0
0.52932611,00110010100110,3308,3308,-1.613859e-04,0,0,0,0
0.52974588,00110010100101,3309,3309,2.587912e-04,0,0,0,0
0.53016564,00110010100100,3310,3310,-1.609757e-04,0,0,0,0
0.53058541,00110010100011,3311,3311,2.592013e-04,0,0,0,0
0.53100518,00110010100010,3312,3312,-1.605656e-04,0,0,0,0
0.53142494,00110010100001,3313,3313,2.596115e-04,0,0,0,0
0.53184471,00110010100000,3314,3314,-1.601555e-04,0,0,0,0
0.53226448,00110010011111,3315,3315,2.600216e-04,0,0,0,0
0.53268424,00110001011111,3316,3316,2.602267e-04,0,0,0,0
0.53310401,00110001011110,3317,3317,-1.595403e-04,0,0,0,0
0.53352378,00110001011101,3318,3318,2.606368e-04,0,0,0,0
0.53394354,00110001011100,3319,3319,-1.591301e-04,0,0,0,0
0.53436331,00110001011011,3320,3320,2.610469e-04,0,0,0,0
0.53478308,00110001011010,3321,3321,-1.587200e-04,0,0,0,0
0.53520285,00110001011001,3322,3322,2.614570e-04,0,0,0,0
0.53562261,00110001011000,3323,3323,-1.583099e-04,0,0,0,0
0.53604238,00110001010111,3324,3324,2.618672e-04,0,0,0,0
0.53646215,00110001010110,3325,3325,-1.578998e-04,0,0,0,0
0.53688191,00110001010101,3326,3326,2.622773e-04,0,0,0,0
0.53730168,00110001010100,3327,3327,-1.574896e-04,0,0,0,0
0.53772145,00110001010011,3328,3328,2.626874e-04,0,0,0,0
0.53814121,00110001010010,3329,3329,-1.570795e-04,0,0,0,0
0.53856098,00110001010001,3330,3330,2.630976e-04,0,0,0,0
0.53898075,00110001010000,3331,3331,-1.566694e-04,0,0,0,0
0.53940051,00110001001111,3332,3332,2.635077e-04,0,0,0,0
0.53982028,00110001001110,3333,3333,-1.562592e-04,0,0,0,0
0.54024005,00110001001101,3334,3334,2.639178e-04,0,0,0,0
0.54065982,00110001001100,3335,3335,-1.558491e-04,0,0,0,0
0.54107958,00110001001011,3336,3336,2.643279e-04,0,0,0,0
0.54149935,00110001001010,3337,3337,-1.554390e-04,0,0,0,0
0.54191912,00110001001001,3338,3338,2.647381e-04,0,0,0,0
0.54233888,00110001001000,3339,3339,-1.550289e-04,0,0,0,0
0.54275865,00110001000111,3340,3340,2.651482e-04,0,0,0,0
0.54317842,00110001000110,3341,3341,-1.546187e-04,0,0,0,0
0.54359818,00110001000101,3342,3342,2.655583e-04,0,0,0,0
0.54401795,00110001000100,3343,3343,-1.542086e-04,0,0,0,0
0.54443772,00110001000011,3344,3344,2.659685e-04,0,0,0,0
0.54485748,00110001000010,3345,3345,-1.537985e-04,0,0,0,0
0.54527725,00110001000001,3346,3346,2.663786e-04,0,0,0,0
0.54569702,00110001000000,3347,3347,-1.533883e-04,0,0,0,0
0.54611679,00101110111111,3348,3348,2.667887e-04,0,0,0,0
0.54653655,00101110111110,3349,3349,-1.529782e-04,0,0,0,0
0.54695632,00101110111101,3350,3350,2.671988e-04,0,0,0,0
0.54737609,00101110111100,3351,3351,-1.525681e-04,0,0,0,0
0.54779585,00101110111011,3352,3352,2.676090e-04,0,0,0,0
0.54821562,00101110111010,3353,3353,-1.521580e-04,0,0,0,0
0.54863539,00101110111001,3354,3354,2.680191e-04,0,0,0,0
0.54905515,00101110111000,3355,3355,-1.517478e-04,0,0,0,0
0.54947492,00101110110111,3356,3356,2.684292e-04,0,0,0,0
0.54989469,00101110110110,3357,3357,-1.513377e-04,0,0,0,0
0.55031446,00101110110101,3358,3358,2.688394e-04,0,0,0,0
0.55073422,00101110110100,3359,3359,-1.509276e-04,0,0,0,0
0.55115399,00101110110011,3360,3360,2.692495e-04,0,0,0,0
0.55157376,00101110110010,3361,3361,-1.505174e-04,0,0,0,0
0.55199352,00101110110001,3362,3362,2.696596e-04,0,0,0,0
0.55241329,00101110110000,3363,3363,-1.501073e-04,0,0,0,0
0.55283306,00101110101111,3364,3364,2.700697e-04,0,0,0,0
0.55325282,00101110101110,3365,3365,-1.496972e-04,0,0,0,0
0.55367259,00101110101101,3366,3366,2.704799e-04,0,0,0,0
0.55409236,00101110101100,3367,3367,-1.492871e-04,0,0,0,0
0.55451212,00101110101011,3368,3368,2.708900e-04,0,0,0,0
0.55493189,00101110101010,3369,3369,-1.488769e-04,0,0,0,0
0.55535166,00101110101001,3370,3370,2.713001e-04,0,0,0,0
0.55577143,00101110101000,3371,3371,-1.484668e-04,0,0,0,0
0.55619119,00101110100111,3372,3372,2.717103e-04,0,0,0,0
0.55661096,00101110100110,3373,3373,-1.480567e-04,0,0,0,0
0.55703073,00101110100101,3374,3374,2.721204e-04,0,0,0,0
0.55745049,00101110100100,3375,3375,-1.476465e-04,0,0,0,0
0.55787026,00101110100011,3376,3376,2.725305e-04,0,0,0,0
0.55829003,00101110100010,3377,3377,-1.472364e-04,0,0,0,0
0.55870979,00101110100001,3378,3378,2.729407e-04,0,0,0,0
0.55912956,00101110100000,3379,3379,-1.468263e-04,0,0,0,0
0.55954933,00101110011111,3380,3380,2.733508e-04,0,0,0,0
0.55996909,00101101011111,3381,3381,2.735558e-04,0,0,0,0
0.56038886,00101101011110,3382,3382,-1.462111e-04,0,0,0,0
0.56080863,00101101011101,3383,3383,2.739660e-04,0,0,0,0
0.5612284,00101101011100,3384,3384,-1.458010e-04,0,0,0,0
0.56164816,00101101011011,3385,3385,2.743761e-04,0,0,0,0
0.56206793,00101101011010,3386,3386,-1.453908e-04,0,0,0,0
0.5624877,00101101011001,3387,3387,2.747862e-04,0,0,0,0
0.56290746,00101101011000,3388,3388,-1.449807e-04,0,0,0,0
0.56332723,00101101010111,3389,3389,2.751964e-04,0,0,0,0
0.563747,00101101010110,3390,3390,-1.445706e-04,0,0,0,0
0.56416676,00101101010101,3391,3391,2.756065e-04,0,0,0,0
0.56458653,00101101010100,3392,3392,-1.441605e-04,0,0,0,0
0.5650063,00101101010011,3393,3393,2.760166e-04,0,0,0,0
0.56542606,00101101010010,3394,3394,-1.437503e-04,0,0,0,0
0.56584583,00101101010001,3395,3395,2.764267e-04,0,0,0,0
0.5662656,00101101010000,3396,3396,-1.433402e-04,0,0,0,0
0.56668537,00101101001111,3397,3397,2.768369e-04,0,0,0,0
0.56710513,00101101001110,3398,3398,-1.429301e-04,0,0,0,0
0.5675249,00101101001101,3399,3399,2.772470e-04,0,0,0,0
0.56794467,00101101001100,3400,3400,-1.425199e-04,0,0,0,0
0.56836443,00101101001011,3401,3401,2.776571e-04,0,0,0,0
0.5687842,00101101001010,3402,3402,-1.421098e-04,0,0,0,0
0.56920397,00101101001001,3403,3403,2.780673e-04,0,0,0,0
0.56962373,00101101001000,3404,3404,-1.416997e-04,0,0,0,0
0.5700435,00101101000111,3405,3405,2.784774e-04,0,0,0,0
0.57046327,00101101000110,3406,3406,-1.412895e-04,0,0,0,0
0.57088304,00101101000101,3407,3407,2.788875e-04,0,0,0,0
0.5713028,00101101000100,3408,3408,-1.408794e-04,0,0,0,0
0.57172257,00101101000011,3409,3409,2.792976e-04,0,0,0,0
0.57214234,00101101000010,3410,3410,-1.404693e-04,0,0,0,0
0.5725621,00101101000001,3411,3411,2.797078e-04,0,0,0,0
0.57298187,00101101000000,3412,3412,-1.400592e-04,0,0,0,0
0.57340164,00101010111111,3413,3413,2.801179e-04,0,0,0,0
0.5738214,00101010111110,3414,3414,-1.396490e-04,0,0,0,0
0.57424117,00101010111101,3415,3415,2.805280e-04,0,0,0,0
0.57466094,00101010111100,3416,3416,-1.392389e-04,0,0,0,0
0.5750807,00101010111011,3417,3417,2.809382e-04,0,0,0,0
0.57550047,00101010111010,3418,3418,-1.388288e-04,0,0,0,0
0.57592024,00101010111001,3419,3419,2.813483e-04,0,0,0,0
0.57634001,00101010111000,3420,3420,-1.384186e-04,0,0,0,0
0.57675977,00101010110111,3421,3421,2.817584e-04,0,0,0,0
0.57717954,00101010110110,3422,3422,-1.380085e-04,0,0,0,0
0.57759931,00101010110101,3423,3423,2.821685e-04,0,0,0,0
0.57801907,00101010110100,3424,3424,-1.375984e-04,0,0,0,0
0.57843884,00101010110011,3425,3425,2.825787e-04,0,0,0,0
0.57885861,00101010110010,3426,3426,-1.371883e-04,0,0,0,0
0.57927837,00101010110001,3427,3427,2.829888e-04,0,0,0,0
0.57969814,00101010110000,3428,3428,-1.367781e-04,0,0,0,0
0.58011791,00101010101111,3429,3429,2.833989e-04,0,0,0,0
0.58053767,00101010101110,3430,3430,-1.363680e-04,0,0,0,0
0.58095744,00101010101101,3431,3431,2.838091e-04,0,0,0,0
0.58137721,00101010101100,3432,3432,-1.359579e-04,0,0,0,0
0.58179698,00101010101011,3433,3433,2.842192e-04,0,0,0,0
0.58221674,00101010101010,3434,3434,-1.355477e-04,0,0,0,0
0.58263651,00101010101001,3435,3435,2.846293e-04,0,0,0,0
0.58305628,00101010101000,3436,3436,-1.351376e-04,0,0,0,0
0.58347604,00101010100111,3437,3437,2.850394e-04,0,0,0,0
0.58389581,00101010100110,3438,3438,-1.347275e-04,0,0,0,0
0.58431558,00101010100101,3439,3439,2.854496e-04,0,0,0,0
0.58473534,00101010100100,3440,3440,-1.343174e-04,0,0,0,0
0.58515511,00101010100011,3441,3441,2.858597e-04,0,0,0,0
0.58557488,00101010100010,3442,3442,-1.339072e-04,0,0,0,0
0.58599464,00101010100001,3443,3443,2.862698e-04,0,0,0,0
0.58641441,00101010100000,3444,3444,-1.334971e-04,0,0,0,0
0.58683418,00101010011111,3445,3445,2.866800e-04,0,0,0,0
0.58725395,00101001011111,3446,3446,2.868850e-04,0,0,0,0
0.58767371,00101001011110,3447,3447,-1.328819e-04,0,0,0,0
0.58809348,00101001011101,3448,3448,2.872952e-04,0,0,0,0
0.58851325,00101001011100,3449,3449,-1.324718e-04,0,0,0,0
0.58893301,00101001011011,3450,3450,2.877053e-04,0,0,0,0
0.58935278,00101001011010,3451,3451,-1.320617e-04,0,0,0,0
0.58977255,00101001011001,3452,3452,2.881154e-04,0,0,0,0
0.59019231,00101001011000,3453,3453,-1.316515e-04,0,0,0,0
0.59061208,00101001010111,3454,3454,2.885255e-04,0,0,0,0
0.59103185,00101001010110,3455,3455,-1.312414e-04,0,0,0,0
0.59145161,00101001010101,3456,3456,2.889357e-04,0,0,0,0
0.59187138,00101001010100,3457,3457,-1.308313e-04,0,0,0,0
0.59229115,00101001010011,3458,3458,2.893458e-04,0,0,0,0
0.59271092,00101001010010,3459,3459,-1.304211e-04,0,0,0,0
0.59313068,00101001010001,3460,3460,2.897559e-04,0,0,0,0
0.59355045,00101001010000,3461,3461,-1.300110e-04,0,0,0,0
0.59397022,00101001001111,3462,3462,2.901661e-04,0,0,0,0
0.59438998,00101001001110,3463,3463,-1.296009e-04,0,0,0,0
0.59480975,00101001001101,3464,3464,2.905762e-04,0,0,0,0
0.59522952,00101001001100,3465,3465,-1.291908e-04,0,0,0,0
0.59564928,00101001001011,3466,3466,2.909863e-04,0,0,0,0
0.59606905,00101001001010,3467,3467,-1.287806e-04,0,0,0,0
0.59648882,00101001001001,3468,3468,2.913964e-04,0,0,0,0
0.59690859,00101001001000,3469,3469,-1.283705e-04,0,0,0,0
0.59732835,00101001000111,3470,3470,2.918066e-04,0,0,0,0
0.59774812,00101001000110,3471,3471,-1.279604e-04,0,0,0,0
0.59816789,00101001000101,3472,3472,2.922167e-04,0,0,0,0
0.59858765,00101001000100,3473,3473,-1.275502e-04,0,0,0,0
0.59900742,00101001000011,3474,3474,2.926268e-04,0,0,0,0
0.59942719,00101001000010,3475,3475,-1.271401e-04,0,0,0,0
0.59984695,00101001000001,3476,3476,2.930370e-04,0,0,0,0
0.60026672,00101001000000,3477,3477,-1.267300e-04,0,0,0,0
0.60068649,00100110111111,3478,3478,2.934471e-04,0,0,0,0
0.60110625,00100110111110,3479,3479,-1.263199e-04,0,0,0,0
0.60152602,00100110111101,3480,3480,2.938572e-04,0,0,0,0
0.60194579,00100110111100,3481,3481,-1.259097e-04,0,0,0,0
0.60236556,00100110111011,3482,3482,2.942673e-04,0,0,0,0
0.60278532,00100110111010,3483,3483,-1.254996e-04,0,0,0,0
0.60320509,00100110111001,3484,3484,2.946775e-04,0,0,0,0
0.60362486,00100110111000,3485,3485,-1.250895e-04,0,0,0,0
0.60404462,00100110110111,3486,3486,2.950876e-04,0,0,0,0
0.60446439,00100110110110,3487,3487,-1.246793e-04,0,0,0,0
0.60488416,00100110110101,3488,3488,2.954977e-04,0,0,0,0
0.60530392,00100110110100,3489,3489,-1.242692e-04,0,0,0,0
0.60572369,00100110110011,3490,3490,2.959079e-04,0,0,0,0
0.60614346,00100110110010,3491,3491,-1.238591e-04,0,0,0,0
0.60656322,00100110110001,3492,3492,2.963180e-04,0,0,0,0
0.60698299,00100110110000,3493,3493,-1.234490e-04,0,0,0,0
0.60740276,00100110101111,3494,3494,2.967281e-04,0,0,0,0
0.60782253,00100110101110,3495,3495,-1.230388e-04,0,0,0,0
0.60824229,00100110101101,3496,3496,2.971382e-04,0,0,0,0
0.60866206,00100110101100,3497,3497,-1.226287e-04,0,0,0,0
0.60908183,00100110101011,3498,3498,2.975484e-04,0,0,0,0
0.60950159,00100110101010,3499,3499,-1.222186e-04,0,0,0,0
0.60992136,00100110101001,3500,3500,2.979585e-04,0,0,0,0
0.61034113,00100110101000,3501,3501,-1.218084e-04,0,0,0,0
0.61076089,00100110100111,3502,3502,2.983686e-04,0,0,0,0
0.61118066,00100110100110,3503,3503,-1.213983e-04,0,0,0,0
0.61160043,00100110100101,3504,3504,2.987788e-04,0,0,0,0
0.61202019,00100110100100,3505,3505,-1.209882e-04,0,0,0,0
0.61243996,00100110100011,3506,3506,2.991889e-04,0,0,0,0
0.61285973,00100110100010,3507,3507,-1.205781e-04,0,0,0,0
0.6132795,00100110100001,3508,3508,2.995990e-04,0,0,0,0
0.61369926,00100110100000,3509,3509,-1.201679e-04,0,0,0,0
0.61411903,00100110011111,3510,3510,3.000091e-04,0,0,0,0
0.6145388,00100101011111,3511,3511,3.002142e-04,0,0,0,0
0.61495856,00100101011110,3512,3512,-1.195527e-04,0,0,0,0
0.61537833,00100101011101,3513,3513,3.006243e-04,0,0,0,0
0.6157981,00100101011100,3514,3514,-1.191426e-04,0,0,0,0
0.61621786,00100101011011,3515,3515,3.010345e-04,0,0,0,0
0.61663763,00100101011010,3516,3516,-1.187325e-04,0,0,0,0
0.6170574,00100101011001,3517,3517,3.014446e-04,0,0,0,0
0.61747717,00100101011000,3518,3518,-1.183223e-04,0,0,0,0
0.61789693,00100101010111,3519,3519,3.018547e-04,0,0,0,0
0.6183167,00100101010110,3520,3520,-1.179122e-04,0,0,0,0
0.61873647,00100101010101,3521,3521,3.022649e-04,0,0,0,0
0.61915623,00100101010100,3522,3522,-1.175021e-04,0,0,0,0
0.619576,00100101010011,3523,3523,3.026750e-04,0,0,0,0
0.61999577,00100101010010,3524,3524,-1.170920e-04,0,0,0,0
0.62041553,00100101010001,3525,3525,3.030851e-04,0,0,0,0
0.6208353,00100101010000,3526,3526,-1.166818e-04,0,0,0,0
0.62125507,00100101001111,3527,3527,3.034952e-04,0,0,0,0
0.62167483,00100101001110,3528,3528,-1.162717e-04,0,0,0,0
0.6220946,00100101001101,3529,3529,3.039054e-04,0,0,0,0
0.62251437,00100101001100,3530,3530,-1.158616e-04,0,0,0,0
0.62293414,00100101001011,3531,3531,3.043155e-04,0,0,0,0
0.6233539,00100101001010,3532,3532,-1.154514e-04,0,0,0,0
0.62377367,00100101001001,3533,3533,3.047256e-04,0,0,0,0
0.62419344,00100101001000,3534,3534,-1.150413e-04,0,0,0,0
0.6246132,00100101000111,3535,3535,3.051358e-04,0,0,0,0
0.62503297,00100101000110,3536,3536,-1.146312e-04,0,0,0,0
0.62545274,00100101000101,3537,3537,3.055459e-04,0,0,0,0
0.6258725,00100101000100,3538,3538,-1.142211e-04,0,0,0,0
0.62629227,00100101000011,3539,3539,3.059560e-04,0,0,0,0
0.62671204,00100101000010,3540,3540,-1.138109e-04,0,0,0,0
0.6271318,00100101000001,3541,3541,3.063661e-04,0,0,0,0
0.62755157,00100101000000,3542,3542,-1.134008e-04,0,0,0,0
0.62797134,00100010111111,3543,3543,3.067763e-04,0,0,0,0
0.62839111,00100010111110,3544,3544,-1.129907e-04,0,0,0,0
0.62881087,00100010111101,3545,3545,3.071864e-04,0,0,0,0
0.62923064,00100010111100,3546,3546,-1.125805e-04,0,0,0,0
0.62965041,00100010111011,3547,3547,3.075965e-04,0,0,0,0
0.63007017,00100010111010,3548,3548,-1.121704e-04,0,0,0,0
0.63048994,00100010111001,3549,3549,3.080067e-04,0,0,0,0
0.63090971,00100010111000,3550,3550,-1.117603e-04,0,0,0,0
0.63132947,00100010110111,3551,3551,3.084168e-04,0,0,0,0
0.63174924,00100010110110,3552,3552,-1.113502e-04,0,0,0,0
0.63216901,00100010110101,3553,3553,3.088269e-04,0,0,0,0
0.63258877,00100010110100,3554,3554,-1.109400e-04,0,0,0,0
0.63300854,00100010110011,3555,3555,3.092370e-04,0,0,0,0
0.63342831,00100010110010,3556,3556,-1.105299e-04,0,0,0,0
0.63384808,00100010110001,3557,3557,3.096472e-04,0,0,0,0
0.63426784,00100010110000,3558,3558,-1.101198e-04,0,0,0,0
0.63468761,00100010101111,3559,3559,3.100573e-04,0,0,0,0
0.63510738,00100010101110,3560,3560,-1.097096e-04,0,0,0,0
0.63552714,00100010101101,3561,3561,3.104674e-04,0,0,0,0
0.63594691,00100010101100,3562,3562,-1.092995e-04,0,0,0,0
0.63636668,00100010101011,3563,3563,3.108776e-04,0,0,0,0
0.63678644,00100010101010,3564,3564,-1.088894e-04,0,0,0,0
0.63720621,00100010101001,3565,3565,3.112877e-04,0,0,0,0
0.63762598,00100010101000,3566,3566,-1.084793e-04,0,0,0,0
0.63804575,00100010100111,3567,3567,3.116978e-04,0,0,0,0
0.63846551,00100010100110,3568,3568,-1.080691e-04,0,0,0,0
0.63888528,00100010100101,3569,3569,3.121079e-04,0,0,0,0
0.63930505,00100010100100,3570,3570,-1.076590e-04,0,0,0,0
0.63972481,00100010100011,3571,3571,3.125181e-04,0,0,0,0
0.64014458,00100010100010,3572,3572,-1.072489e-04,0,0,0,0
0.64056435,00100010100001,3573,3573,3.129282e-04,0,0,0,0
0.64098411,00100010100000,3574,3574,-1.068387e-04,0,0,0,0
0.64140388,00100010011111,3575,3575,3.133383e-04,0,0,0,0
0.64182365,00100001011111,3576,3576,3.135434e-04,0,0,0,0
0.64224341,00100001011110,3577,3577,-1.062235e-04,0,0,0,0
0.64266318,00100001011101,3578,3578,3.139535e-04,0,0,0,0
0.64308295,00100001011100,3579,3579,-1.058134e-04,0,0,0,0
0.64350272,00100001011011,3580,3580,3.143636e-04,0,0,0,0
0.64392248,00100001011010,3581,3581,-1.054033e-04,0,0,0,0
0.64434225,00100001011001,3582,3582,3.147738e-04,0,0,0,0
0.64476202,00100001011000,3583,3583,-1.049932e-04,0,0,0,0
0.64518178,00100001010111,3584,3584,3.151839e-04,0,0,0,0
0.64560155,00100001010110,3585,3585,-1.045830e-04,0,0,0,0
0.64602132,00100001010101,3586,3586,3.155940e-04,0,0,0,0
0.64644108,00100001010100,3587,3587,-1.041729e-04,0,0,0,0
0.64686085,00100001010011,3588,3588,3.160042e-04,0,0,0,0
0.64728062,00100001010010,3589,3589,-1.037628e-04,0,0,0,0
0.64770038,00100001010001,3590,3590,3.164143e-04,0,0,0,0
0.64812015,00100001010000,3591,3591,-1.033526e-04,0,0,0,0
0.64853992,00100001001111,3592,3592,3.168244e-04,0,0,0,0
0.64895969,00100001001110,3593,3593,-1.029425e-04,0,0,0,0
0.64937945,00100001001101,3594,3594,3.172345e-04,0,0,0,0
0.64979922,00100001001100,3595,3595,-1.025324e-04,0,0,0,0
0.65021899,00100001001011,3596,3596,3.176447e-04,0,0,0,0
0.65063875,00100001001010,3597,3597,-1.021223e-04,0,0,0,0
0.65105852,00100001001001,3598,3598,3.180548e-04,0,0,0,0
0.65147829,00100001001000,3599,3599,-1.017121e-04,0,0,0,0
0.65189805,00100001000111,3600,3600,3.184649e-04,0,0,0,0
0.65231782,00100001000110,3601,3601,-1.013020e-04,0,0,0,0
0.65273759,00100001000101,3602,3602,3.188751e-04,0,0,0,0
0.65315735,00100001000100,3603,3603,-1.008919e-04,0,0,0,0
0.65357712,00100001000011,3604,3604,3.192852e-04,0,0,0,0
0.65399689,00100001000010,3605,3605,-1.004817e-04,0,0,0,0
0.65441666,00100001000001,3606,3606,3.196953e-04,0,0,0,0
0.65483642,00100001000000,3607,3607,-1.000716e-04,0,0,0,0
0.65525619,00011110111111,3608,3608,3.201055e-04,0,0,0,0
0.65567596,00011110111110,3609,3609,-9.966149e-05,0,0,0,0
0.65609572,00011110111101,3610,3610,3.205156e-04,0,0,0,0
0.65651549,00011110111100,3611,3611,-9.925136e-05,0,0,0,0
0.65693526,00011110111011,3612,3612,3.209257e-04,0,0,0,0
0.65735502,00011110111010,3613,3613,-9.884123e-05,0,0,0,0
0.65777479,00011110111001,3614,3614,3.213358e-04,0,0,0,0
0.65819456,00011110111000,3615,3615,-9.843110e-05,0,0,0,0
0.65861432,00011110110111,3616,3616,3.217460e-04,0,0,0,0
0.65903409,00011110110110,3617,3617,-9.802097e-05,0,0,0,0
0.65945386,00011110110101,3618,3618,3.221561e-04,0,0,0,0
0.65987363,00011110110100,3619,3619,-9.761084e-05,0,0,0,0
0.66029339,00011110110011,3620,3620,3.225662e-04,0,0,0,0
0.66071316,00011110110010,3621,3621,-9.720071e-05,0,0,0,0
0.66113293,00011110110001,3622,3622,3.229764e-04,0,0,0,0
0.66155269,00011110110000,3623,3623,-9.679059e-05,0,0,0,0
0.66197246,00011110101111,3624,3624,3.233865e-04,0,0,0,0
0.66239223,00011110101110,3625,3625,-9.638046e-05,0,0,0,0
0.66281199,00011110101101,3626,3626,3.237966e-04,0,0,0,0
0.66323176,00011110101100,3627,3627,-9.597033e-05,0,0,0,0
0.66365153,00011110101011,3628,3628,3.242067e-04,0,0,0,0
0.6640713,00011110101010,3629,3629,-9.556020e-05,0,0,0,0
0.66449106,00011110101001,3630,3630,3.246169e-04,0,0,0,0
0.66491083,00011110101000,3631,3631,-9.515007e-05,0,0,0,0
0.6653306,00011110100111,3632,3632,3.250270e-04,0,0,0,0
0.66575036,00011110100110,3633,3633,-9.473994e-05,0,0,0,0
0.66617013,00011110100101,3634,3634,3.254371e-04,0,0,0,0
0.6665899,00011110100100,3635,3635,-9.432981e-05,0,0,0,0
0.66700966,00011110100011,3636,3636,3.258473e-04,0,0,0,0
0.66742943,00011110100010,3637,3637,-9.391968e-05,0,0,0,0
0.6678492,00011110100001,3638,3638,3.262574e-04,0,0,0,0
0.66826896,00011110100000,3639,3639,-9.350956e-05,0,0,0,0
0.66868873,00011110011111,3640,3640,3.266675e-04,0,0,0,0
0.6691085,00011101011111,3641,3641,3.268726e-04,0,0,0,0
0.66952827,00011101011110,3642,3642,-9.289436e-05,0,0,0,0
0.66994803,00011101011101,3643,3643,3.272827e-04,0,0,0,0
0.6703678,00011101011100,3644,3644,-9.248423e-05,0,0,0,0
0.67078757,00011101011011,3645,3645,3.276928e-04,0,0,0,0
0.67120733,00011101011010,3646,3646,-9.207411e-05,0,0,0,0
0.6716271,00011101011001,3647,3647,3.281030e-04,0,0,0,0
0.67204687,00011101011000,3648,3648,-9.166398e-05,0,0,0,0
0.67246663,00011101010111,3649,3649,3.285131e-04,0,0,0,0
0.6728864,00011101010110,3650,3650,-9.125385e-05,0,0,0,0
0.67330617,00011101010101,3651,3651,3.289232e-04,0,0,0,0
0.67372593,00011101010100,3652,3652,-9.084372e-05,0,0,0,0
0.6741457,00011101010011,3653,3653,3.293333e-04,0,0,0,0
0.67456547,00011101010010,3654,3654,-9.043359e-05,0,0,0,0
0.67498524,00011101010001,3655,3655,3.297435e-04,0,0,0,0
0.675405,00011101010000,3656,3656,-9.002346e-05,0,0,0,0
0.67582477,00011101001111,3657,3657,3.301536e-04,0,0,0,0
0.67624454,00011101001110,3658,3658,-8.961333e-05,0,0,0,0
0.6766643,00011101001101,3659,3659,3.305637e-04,0,0,0,0
0.67708407,00011101001100,3660,3660,-8.920320e-05,0,0,0,0
0.67750384,00011101001011,3661,3661,3.309739e-04,0,0,0,0
0.6779236,00011101001010,3662,3662,-8.879308e-05,0,0,0,0
0.67834337,00011101001001,3663,3663,3.313840e-04,0,0,0,0
0.67876314,00011101001000,3664,3664,-8.838295e-05,0,0,0,0
0.6791829,00011101000111,3665,3665,3.317941e-04,0,0,0,0
0.67960267,00011101000110,3666,3666,-8.797282e-05,0,0,0,0
0.68002244,00011101000101,3667,3667,3.322042e-04,0,0,0,0
0.68044221,00011101000100,3668,3668,-8.756269e-05,0,0,0,0
0.68086197,00011101000011,3669,3669,3.326144e-04,0,0,0,0
0.68128174,00011101000010,3670,3670,-8.715256e-05,0,0,0,0
0.68170151,00011101000001,3671,3671,3.330245e-04,0,0,0,0
0.68212127,00011101000000,3672,3672,-8.674243e-05,0,0,0,0
0.68254104,00011010111111,3673,3673,3.334346e-04,0,0,0,0
0.68296081,00011010111110,3674,3674,-8.633230e-05,0,0,0,0
0.68338057,00011010111101,3675,3675,3.338448e-04,0,0,0,0
0.68380034,00011010111100,3676,3676,-8.592218e-05,0,0,0,0
0.68422011,00011010111011,3677,3677,3.342549e-04,0,0,0,0
0.68463988,00011010111010,3678,3678,-8.551205e-05,0,0,0,0
0.68505964,00011010111001,3679,3679,3.346650e-04,0,0,0,0
0.68547941,00011010111000,3680,3680,-8.510192e-05,0,0,0,0
0.68589918,00011010110111,3681,3681,3.350751e-04,0,0,0,0
0.68631894,00011010110110,3682,3682,-8.469179e-05,0,0,0,0
0.68673871,00011010110101,3683,3683,3.354853e-04,0,0,0,0
0.68715848,00011010110100,3684,3684,-8.428166e-05,0,0,0,0
0.68757824,00011010110011,3685,3685,3.358954e-04,0,0,0,0
0.68799801,00011010110010,3686,3686,-8.387153e-05,0,0,0,0
0.68841778,00011010110001,3687,3687,3.363055e-04,0,0,0,0
0.68883754,00011010110000,3688,3688,-8.346140e-05,0,0,0,0
0.68925731,00011010101111,3689,3689,3.367157e-04,0,0,0,0
0.68967708,00011010101110,3690,3690,-8.305127e-05,0,0,0,0
0.69009685,00011010101101,3691,3691,3.371258e-04,0,0,0,0
0.69051661,00011010101100,3692,3692,-8.264115e-05,0,0,0,0
0.69093638,00011010101011,3693,3693,3.375359e-04,0,0,0,0
0.69135615,00011010101010,3694,3694,-8.223102e-05,0,0,0,0
0.69177591,00011010101001,3695,3695,3.379460e-04,0,0,0,0
0.69219568,00011010101000,3696,3696,-8.182089e-05,0,0,0,0
0.69261545,00011010100111,3697,3697,3.383562e-04,0,0,0,0
0.69303521,00011010100110,3698,3698,-8.141076e-05,0,0,0,0
0.69345498,00011010100101,3699,3699,3.387663e-04,0,0,0,0
0.69387475,00011010100100,3700,3700,-8.100063e-05,0,0,0,0
0.69429451,00011010100011,3701,3701,3.391764e-04,0,0,0,0
0.69471428,00011010100010,3702,3702,-8.059050e-05,0,0,0,0
0.69513405,00011010100001,3703,3703,3.395866e-04,0,0,0,0
0.69555382,00011010100000,3704,3704,-8.018037e-05,0,0,0,0
0.69597358,00011010011111,3705,3705,3.399967e-04,0,0,0,0
0.69639335,00011001011111,3706,3706,3.402018e-04,0,0,0,0
0.69681312,00011001011110,3707,3707,-7.956518e-05,0,0,0,0
0.69723288,00011001011101,3708,3708,3.406119e-04,0,0,0,0
0.69765265,00011001011100,3709,3709,-7.915505e-05,0,0,0,0
0.69807242,00011001011011,3710,3710,3.410220e-04,0,0,0,0
0.69849218,00011001011010,3711,3711,-7.874492e-05,0,0,0,0
0.69891195,00011001011001,3712,3712,3.414321e-04,0,0,0,0
0.69933172,00011001011000,3713,3713,-7.833479e-05,0,0,0,0
0.69975148,00011001010111,3714,3714,3.418423e-04,0,0,0,0
0.70017125,00011001010110,3715,3715,-7.792467e-05,0,0,0,0
0.70059102,00011001010101,3716,3716,3.422524e-04,0,0,0,0
0.70101079,00011001010100,3717,3717,-7.751454e-05,0,0,0,0
0.70143055,00011001010011,3718,3718,3.426625e-04,0,0,0,0
0.70185032,00011001010010,3719,3719,-7.710441e-05,0,0,0,0
0.70227009,00011001010001,3720,3720,3.430727e-04,0,0,0,0
0.70268985,00011001010000,3721,3721,-7.669428e-05,0,0,0,0
0.70310962,00011001001111,3722,3722,3.434828e-04,0,0,0,0
0.70352939,00011001001110,3723,3723,-7.628415e-05,0,0,0,0
0.70394915,00011001001101,3724,3724,3.438929e-04,0,0,0,0
0.70436892,00011001001100,3725,3725,-7.587402e-05,0,0,0,0
0.70478869,00011001001011,3726,3726,3.443030e-04,0,0,0,0
0.70520846,00011001001010,3727,3727,-7.546389e-05,0,0,0,0
0.70562822,00011001001001,3728,3728,3.447132e-04,0,0,0,0
0.70604799,00011001001000,3729,3729,-7.505376e-05,0,0,0,0
0.70646776,00011001000111,3730,3730,3.451233e-04,0,0,0,0
0.70688752,00011001000110,3731,3731,-7.464364e-05,0,0,0,0
0.70730729,00011001000101,3732,3732,3.455334e-04,0,0,0,0
0.70772706,00011001000100,3733,3733,-7.423351e-05,0,0,0,0
0.70814682,00011001000011,3734,3734,3.459436e-04,0,0,0,0
0.70856659,00011001000010,3735,3735,-7.382338e-05,0,0,0,0
0.70898636,00011001000001,3736,3736,3.463537e-04,0,0,0,0
0.70940612,00011001000000,3737,3737,-7.341325e-05,0,0,0,0
0.70982589,00010110111111,3738,3738,3.467638e-04,0,0,0,0
0.71024566,00010110111110,3739,3739,-7.300312e-05,0,0,0,0
0.71066543,00010110111101,3740,3740,3.471739e-04,0,0,0,0
0.71108519,00010110111100,3741,3741,-7.259299e-05,0,0,0,0
0.71150496,00010110111011,3742,3742,3.475841e-04,0,0,0,0
0.71192473,00010110111010,3743,3743,-7.218286e-05,0,0,0,0
0.71234449,00010110111001,3744,3744,3.479942e-04,0,0,0,0
0.71276426,00010110111000,3745,3745,-7.177274e-05,0,0,0,0
0.71318403,00010110110111,3746,3746,3.484043e-04,0,0,0,0
0.71360379,00010110110110,3747,3747,-7.136261e-05,0,0,0,0
0.71402356,00010110110101,3748,3748,3.488145e-04,0,0,0,0
0.71444333,00010110110100,3749,3749,-7.095248e-05,0,0,0,0
0.71486309,00010110110011,3750,3750,3.492246e-04,0,0,0,0
0.71528286,00010110110010,3751,3751,-7.054235e-05,0,0,0,0
0.71570263,00010110110001,3752,3752,3.496347e-04,0,0,0,0
0.7161224,00010110110000,3753,3753,-7.013222e-05,0,0,0,0
0.71654216,00010110101111,3754,3754,3.500448e-04,0,0,0,0
0.71696193,00010110101110,3755,3755,-6.972209e-05,0,0,0,0
0.7173817,00010110101101,3756,3756,3.504550e-04,0,0,0,0
0.71780146,00010110101100,3757,3757,-6.931196e-05,0,0,0,0
0.71822123,00010110101011,3758,3758,3.508651e-04,0,0,0,0
0.718641,00010110101010,3759,3759,-6.890183e-05,0,0,0,0
0.71906076,00010110101001,3760,3760,3.512752e-04,0,0,0,0
0.71948053,00010110101000,3761,3761,-6.849171e-05,0,0,0,0
0.7199003,00010110100111,3762,3762,3.516854e-04,0,0,0,0
0.72032006,00010110100110,3763,3763,-6.808158e-05,0,0,0,0
0.72073983,00010110100101,3764,3764,3.520955e-04,0,0,0,0
0.7211596,00010110100100,3765,3765,-6.767145e-05,0,0,0,0
0.72157937,00010110100011,3766,3766,3.525056e-04,0,0,0,0
0.72199913,00010110100010,3767,3767,-6.726132e-05,0,0,0,0
0.7224189,00010110100001,3768,3768,3.529157e-04,0,0,0,0
0.72283867,00010110100000,3769,3769,-6.685119e-05,0,0,0,0
0.72325843,00010110011111,3770,3770,3.533259e-04,0,0,0,0
0.7236782,00010101011111,3771,3771,3.535309e-04,0,0,0,0
0.72409797,00010101011110,3772,3772,-6.623600e-05,0,0,0,0
0.72451773,00010101011101,3773,3773,3.539411e-04,0,0,0,0
0.7249375,00010101011100,3774,3774,-6.582587e-05,0,0,0,0
0.72535727,00010101011011,3775,3775,3.543512e-04,0,0,0,0
0.72577703,00010101011010,3776,3776,-6.541574e-05,0,0,0,0
0.7261968,00010101011001,3777,3777,3.547613e-04,0,0,0,0
0.72661657,00010101011000,3778,3778,-6.500561e-05,0,0,0,0
0.72703634,00010101010111,3779,3779,3.551715e-04,0,0,0,0
0.7274561,00010101010110,3780,3780,-6.459548e-05,0,0,0,0
0.72787587,00010101010101,3781,3781,3.555816e-04,0,0,0,0
0.72829564,00010101010100,3782,3782,-6.418535e-05,0,0,0,0
0.7287154,00010101010011,3783,3783,3.559917e-04,0,0,0,0
0.72913517,00010101010010,3784,3784,-6.377523e-05,0,0,0,0
0.72955494,00010101010001,3785,3785,3.564018e-04,0,0,0,0
0.7299747,00010101010000,3786,3786,-6.336510e-05,0,0,0,0
0.73039447,00010101001111,3787,3787,3.568120e-04,0,0,0,0
0.73081424,00010101001110,3788,3788,-6.295497e-05,0,0,0,0
0.73123401,00010101001101,3789,3789,3.572221e-04,0,0,0,0
0.73165377,00010101001100,3790,3790,-6.254484e-05,0,0,0,0
0.73207354,00010101001011,3791,3791,3.576322e-04,0,0,0,0
0.73249331,00010101001010,3792,3792,-6.213471e-05,0,0,0,0
0.73291307,00010101001001,3793,3793,3.580424e-04,0,0,0,0
0.73333284,00010101001000,3794,3794,-6.172458e-05,0,0,0,0
0.73375261,00010101000111,3795,3795,3.584525e-04,0,0,0,0
0.73417237,00010101000110,3796,3796,-6.131445e-05,0,0,0,0
0.73459214,00010101000101,3797,3797,3.588626e-04,0,0,0,0
0.73501191,00010101000100,3798,3798,-6.090432e-05,0,0,0,0
0.73543167,00010101000011,3799,3799,3.592727e-04,0,0,0,0
0.73585144,00010101000010,3800,3800,-6.049420e-05,0,0,0,0
0.73627121,00010101000001,3801,3801,3.596829e-04,0,0,0,0
0.73669098,00010101000000,3802,3802,-6.008407e-05,0,0,0,0
0.73711074,00010010111111,3803,3803,3.600930e-04,0,0,0,0
0.73753051,00010010111110,3804,3804,-5.967394e-05,0,0,0,0
0.73795028,00010010111101,3805,3805,3.605031e-04,0,0,0,0
0.73837004,00010010111100,3806,3806,-5.926381e-05,0,0,0,0
0.73878981,00010010111011,3807,3807,3.609133e-04,0,0,0,0
0.73920958,00010010111010,3808,3808,-5.885368e-05,0,0,0,0
0.73962934,00010010111001,3809,3809,3.613234e-04,0,0,0,0
0.74004911,00010010111000,3810,3810,-5.844355e-05,0,0,0,0
0.74046888,00010010110111,3811,3811,3.617335e-04,0,0,0,0
0.74088864,00010010110110,3812,3812,-5.803342e-05,0,0,0,0
0.74130841,00010010110101,3813,3813,3.621436e-04,0,0,0,0
0.74172818,00010010110100,3814,3814,-5.762329e-05,0,0,0,0
0.74214795,00010010110011,3815,3815,3.625538e-04,0,0,0,0
0.74256771,00010010110010,3816,3816,-5.721317e-05,0,0,0,0
0.74298748,00010010110001,3817,3817,3.629639e-04,0,0,0,0
0.74340725,00010010110000,3818,3818,-5.680304e-05,0,0,0,0
0.74382701,00010010101111,3819,3819,3.633740e-04,0,0,0,0
0.74424678,00010010101110,3820,3820,-5.639291e-05,0,0,0,0
0.74466655,00010010101101,3821,3821,3.637842e-04,0,0,0,0
0.74508631,00010010101100,3822,3822,-5.598278e-05,0,0,0,0
0.74550608,00010010101011,3823,3823,3.641943e-04,0,0,0,0
0.74592585,00010010101010,3824,3824,-5.557265e-05,0,0,0,0
0.74634561,00010010101001,3825,3825,3.646044e-04,0,0,0,0
0.74676538,00010010101000,3826,3826,-5.516252e-05,0,0,0,0
0.74718515,00010010100111,3827,3827,3.650145e-04,0,0,0,0
0.74760492,00010010100110,3828,3828,-5.475239e-05,0,0,0,0
0.74802468,00010010100101,3829,3829,3.654247e-04,0,0,0,0
0.74844445,00010010100100,3830,3830,-5.434227e-05,0,0,0,0
0.74886422,00010010100011,3831,3831,3.658348e-04,0,0,0,0
0.74928398,00010010100010,3832,3832,-5.393214e-05,0,0,0,0
0.74970375,00010010100001,3833,3833,3.662449e-04,0,0,0,0
0.75012352,00010010100000,3834,3834,-5.352201e-05,0,0,0,0
0.75054328,00010010011111,3835,3835,3.666551e-04,0,0,0,0
0.75096305,00010001011111,3836,3836,3.668601e-04,0,0,0,0
0.75138282,00010001011110,3837,3837,-5.290681e-05,0,0,0,0
0.75180259,00010001011101,3838,3838,3.672703e-04,0,0,0,0
0.75222235,00010001011100,3839,3839,-5.249669e-05,0,0,0,0
0.75264212,00010001011011,3840,3840,3.676804e-04,0,0,0,0
0.75306189,00010001011010,3841,3841,-5.208656e-05,0,0,0,0
0.75348165,00010001011001,3842,3842,3.680905e-04,0,0,0,0
0.75390142,00010001011000,3843,3843,-5.167643e-05,0,0,0,0
0.75432119,00010001010111,3844,3844,3.685006e-04,0,0,0,0
0.75474095,00010001010110,3845,3845,-5.126630e-05,0,0,0,0
0.75516072,00010001010101,3846,3846,3.689108e-04,0,0,0,0
0.75558049,00010001010100,3847,3847,-5.085617e-05,0,0,0,0
0.75600025,00010001010011,3848,3848,3.693209e-04,0,0,0,0
0.75642002,00010001010010,3849,3849,-5.044604e-05,0,0,0,0
0.75683979,00010001010001,3850,3850,3.697310e-04,0,0,0,0
0.75725956,00010001010000,3851,3851,-5.003591e-05,0,0,0,0
0.75767932,00010001001111,3852,3852,3.701412e-04,0,0,0,0
0.75809909,00010001001110,3853,3853,-4.962579e-05,0,0,0,0
0.75851886,00010001001101,3854,3854,3.705513e-04,0,0,0,0
0.75893862,00010001001100,3855,3855,-4.921566e-05,0,0,0,0
0.75935839,00010001001011,3856,3856,3.709614e-04,0,0,0,0
0.75977816,00010001001010,3857,3857,-4.880553e-05,0,0,0,0
0.76019792,00010001001001,3858,3858,3.713715e-04,0,0,0,0
0.76061769,00010001001000,3859,3859,-4.839540e-05,0,0,0,0
0.76103746,00010001000111,3860,3860,3.717817e-04,0,0,0,0
0.76145722,00010001000110,3861,3861,-4.798527e-05,0,0,0,0
0.76187699,00010001000101,3862,3862,3.721918e-04,0,0,0,0
0.76229676,00010001000100,3863,3863,-4.757514e-05,0,0,0,0
0.76271653,00010001000011,3864,3864,3.726019e-04,0,0,0,0
0.76313629,00010001000010,3865,3865,-4.716501e-05,0,0,0,0
0.76355606,00010001000001,3866,3866,3.730121e-04,0,0,0,0
0.76397583,00010001000000,3867,3867,-4.675488e-05,0,0,0,0
0.76439559,00001110111111,3868,3868,3.734222e-04,0,0,0,0
0.76481536,00001110111110,3869,3869,-4.634476e-05,0,0,0,0
0.76523513,00001110111101,3870,3870,3.738323e-04,0,0,0,0
0.76565489,00001110111100,3871,3871,-4.593463e-05,0,0,0,0
0.76607466,00001110111011,3872,3872,3.742424e-04,0,0,0,0
0.76649443,00001110111010,3873,3873,-4.552450e-05,0,0,0,0
0.76691419,00001110111001,3874,3874,3.746526e-04,0,0,0,0
0.76733396,00001110111000,3875,3875,-4.511437e-05,0,0,0,0
0.76775373,00001110110111,3876,3876,3.750627e-04,0,0,0,0
0.7681735,00001110110110,3877,3877,-4.470424e-05,0,0,0,0
0.76859326,00001110110101,3878,3878,3.754728e-04,0,0,0,0
0.76901303,00001110110100,3879,3879,-4.429411e-05,0,0,0,0
0.7694328,00001110110011,3880,3880,3.758830e-04,0,0,0,0
0.76985256,00001110110010,3881,3881,-4.388398e-05,0,0,0,0
0.77027233,00001110110001,3882,3882,3.762931e-04,0,0,0,0
0.7706921,00001110110000,3883,3883,-4.347385e-05,0,0,0,0
0.77111186,00001110101111,3884,3884,3.767032e-04,0,0,0,0
0.77153163,00001110101110,3885,3885,-4.306373e-05,0,0,0,0
0.7719514,00001110101101,3886,3886,3.771133e-04,0,0,0,0
0.77237117,00001110101100,3887,3887,-4.265360e-05,0,0,0,0
0.77279093,00001110101011,3888,3888,3.775235e-04,0,0,0,0
0.7732107,00001110101010,3889,3889,-4.224347e-05,0,0,0,0
0.77363047,00001110101001,3890,3890,3.779336e-04,0,0,0,0
0.77405023,00001110101000,3891,3891,-4.183334e-05,0,0,0,0
0.77447,00001110100111,3892,3892,3.783437e-04,0,0,0,0
0.77488977,00001110100110,3893,3893,-4.142321e-05,0,0,0,0
0.77530953,00001110100101,3894,3894,3.787539e-04,0,0,0,0
0.7757293,00001110100100,3895,3895,-4.101308e-05,0,0,0,0
0.77614907,00001110100011,3896,3896,3.791640e-04,0,0,0,0
0.77656883,00001110100010,3897,3897,-4.060295e-05,0,0,0,0
0.7769886,00001110100001,3898,3898,3.795741e-04,0,0,0,0
0.77740837,00001110100000,3899,3899,-4.019283e-05,0,0,0,0
0.77782814,00001110011111,3900,3900,3.799842e-04,0,0,0,0
0.7782479,00001101011111,3901,3901,3.801893e-04,0,0,0,0
0.77866767,00001101011110,3902,3902,-3.957763e-05,0,0,0,0
0.77908744,00001101011101,3903,3903,3.805994e-04,0,0,0,0
0.7795072,00001101011100,3904,3904,-3.916750e-05,0,0,0,0
0.77992697,00001101011011,3905,3905,3.810096e-04,0,0,0,0
0.78034674,00001101011010,3906,3906,-3.875737e-05,0,0,0,0
0.7807665,00001101011001,3907,3907,3.814197e-04,0,0,0,0
0.78118627,00001101011000,3908,3908,-3.834725e-05,0,0,0,0
0.78160604,00001101010111,3909,3909,3.818298e-04,0,0,0,0
0.7820258,00001101010110,3910,3910,-3.793712e-05,0,0,0,0
0.78244557,00001101010101,3911,3911,3.822399e-04,0,0,0,0
0.78286534,00001101010100,3912,3912,-3.752699e-05,0,0,0,0
0.78328511,00001101010011,3913,3913,3.826501e-04,0,0,0,0
0.78370487,00001101010010,3914,3914,-3.711686e-05,0,0,0,0
0.78412464,00001101010001,3915,3915,3.830602e-04,0,0,0,0
0.78454441,00001101010000,3916,3916,-3.670673e-05,0,0,0,0
0.78496417,00001101001111,3917,3917,3.834703e-04,0,0,0,0
0.78538394,00001101001110,3918,3918,-3.629660e-05,0,0,0,0
0.78580371,00001101001101,3919,3919,3.838805e-04,0,0,0,0
0.78622347,00001101001100,3920,3920,-3.588647e-05,0,0,0,0
0.78664324,00001101001011,3921,3921,3.842906e-04,0,0,0,0
0.78706301,00001101001010,3922,3922,-3.547635e-05,0,0,0,0
0.78748277,00001101001001,3923,3923,3.847007e-04,0,0,0,0
0.78790254,00001101001000,3924,3924,-3.506622e-05,0,0,0,0
0.78832231,00001101000111,3925,3925,3.851108e-04,0,0,0,0
0.78874208,00001101000110,3926,3926,-3.465609e-05,0,0,0,0
0.78916184,00001101000101,3927,3927,3.855210e-04,0,0,0,0
0.78958161,00001101000100,3928,3928,-3.424596e-05,0,0,0,0
0.79000138,00001101000011,3929,3929,3.859311e-04,0,0,0,0
0.79042114,00001101000010,3930,3930,-3.383583e-05,0,0,0,0
0.79084091,00001101000001,3931,3931,3.863412e-04,0,0,0,0
0.79126068,00001101000000,3932,3932,-3.342570e-05,0,0,0,0
0.79168044,00001010111111,3933,3933,3.867514e-04,0,0,0,0
0.79210021,00001010111110,3934,3934,-3.301557e-05,0,0,0,0
0.79251998,00001010111101,3935,3935,3.871615e-04,0,0,0,0
0.79293974,00001010111100,3936,3936,-3.260544e-05,0,0,0,0
0.79335951,00001010111011,3937,3937,3.875716e-04,0,0,0,0
0.79377928,00001010111010,3938,3938,-3.219532e-05,0,0,0,0
0.79419905,00001010111001,3939,3939,3.879818e-04,0,0,0,0
0.79461881,00001010111000,3940,3940,-3.178519e-05,0,0,0,0
0.79503858,00001010110111,3941,3941,3.883919e-04,0,0,0,0
0.79545835,00001010110110,3942,3942,-3.137506e-05,0,0,0,0
0.79587811,00001010110101,3943,3943,3.888020e-04,0,0,0,0
0.79629788,00001010110100,3944,3944,-3.096493e-05,0,0,0,0
0.79671765,00001010110011,3945,3945,3.892121e-04,0,0,0,0
0.79713741,00001010110010,3946,3946,-3.055480e-05,0,0,0,0
0.79755718,00001010110001,3947,3947,3.896223e-04,0,0,0,0
0.79797695,00001010110000,3948,3948,-3.014467e-05,0,0,0,0
0.79839672,00001010101111,3949,3949,3.900324e-04,0,0,0,0
0.79881648,00001010101110,3950,3950,-2.973454e-05,0,0,0,0
0.79923625,00001010101101,3951,3951,3.904425e-04,0,0,0,0
0.79965602,00001010101100,3952,3952,-2.932441e-05,0,0,0,0
0.80007578,00001010101011,3953,3953,3.908527e-04,0,0,0,0
0.80049555,00001010101010,3954,3954,-2.891429e-05,0,0,0,0
0.80091532,00001010101001,3955,3955,3.912628e-04,0,0,0,0
0.80133508,00001010101000,3956,3956,-2.850416e-05,0,0,0,0
0.80175485,00001010100111,3957,3957,3.916729e-04,0,0,0,0
0.80217462,00001010100110,3958,3958,-2.809403e-05,0,0,0,0
0.80259438,00001010100101,3959,3959,3.920830e-04,0,0,0,0
0.80301415,00001010100100,3960,3960,-2.768390e-05,0,0,0,0
0.80343392,00001010100011,3961,3961,3.924932e-04,0,0,0,0
0.80385369,00001010100010,3962,3962,-2.727377e-05,0,0,0,0
0.80427345,00001010100001,3963,3963,3.929033e-04,0,0,0,0
0.80469322,00001010100000,3964,3964,-2.686364e-05,0,0,0,0
0.80511299,00001010011111,3965,3965,3.933134e-04,0,0,0,0
0.80553275,00001001011111,3966,3966,3.935185e-04,0,0,0,0
0.80595252,00001001011110,3967,3967,-2.624845e-05,0,0,0,0
0.80637229,00001001011101,3968,3968,3.939286e-04,0,0,0,0
0.80679205,00001001011100,3969,3969,-2.583832e-05,0,0,0,0
0.80721182,00001001011011,3970,3970,3.943387e-04,0,0,0,0
0.80763159,00001001011010,3971,3971,-2.542819e-05,0,0,0,0
0.80805135,00001001011001,3972,3972,3.947489e-04,0,0,0,0
0.80847112,00001001011000,3973,3973,-2.501806e-05,0,0,0,0
0.80889089,00001001010111,3974,3974,3.951590e-04,0,0,0,0
0.80931066,00001001010110,3975,3975,-2.460793e-05,0,0,0,0
0.80973042,00001001010101,3976,3976,3.955691e-04,0,0,0,0
0.81015019,00001001010100,3977,3977,-2.419781e-05,0,0,0,0
0.81056996,00001001010011,3978,3978,3.959793e-04,0,0,0,0
0.81098972,00001001010010,3979,3979,-2.378768e-05,0,0,0,0
0.81140949,00001001010001,3980,3980,3.963894e-04,0,0,0,0
0.81182926,00001001010000,3981,3981,-2.337755e-05,0,0,0,0
0.81224902,00001001001111,3982,3982,3.967995e-04,0,0,0,0
0.81266879,00001001001110,3983,3983,-2.296742e-05,0,0,0,0
0.81308856,00001001001101,3984,3984,3.972096e-04,0,0,0,0
0.81350832,00001001001100,3985,3985,-2.255729e-05,0,0,0,0
0.81392809,00001001001011,3986,3986,3.976198e-04,0,0,0,0
0.81434786,00001001001010,3987,3987,-2.214716e-05,0,0,0,0
0.81476763,00001001001001,3988,3988,3.980299e-04,0,0,0,0
0.81518739,00001001001000,3989,3989,-2.173703e-05,0,0,0,0
0.81560716,00001001000111,3990,3990,3.984400e-04,0,0,0,0
0.81602693,00001001000110,3991,3991,-2.132690e-05,0,0,0,0
0.81644669,00001001000101,3992,3992,3.988502e-04,0,0,0,0
0.81686646,00001001000100,3993,3993,-2.091678e-05,0,0,0,0
0.81728623,00001001000011,3994,3994,3.992603e-04,0,0,0,0
0.81770599,00001001000010,3995,3995,-2.050665e-05,0,0,0,0
0.81812576,00001001000001,3996,3996,3.996704e-04,0,0,0,0
0.81854553,00001001000000,3997,3997,-2.009652e-05,0,0,0,0
0.8189653,00000110111111,3998,3998,4.000805e-04,0,0,0,0
0.81938506,00000110111110,3999,3999,-1.968639e-05,0,0,0,0
0.81980483,00000110111101,4000,4000,4.004907e-04,0,0,0,0
0.8202246,00000110111100,4001,4001,-1.927626e-05,0,0,0,0
0.82064436,00000110111011,4002,4002,4.009008e-04,0,0,0,0
0.82106413,00000110111010,4003,4003,-1.886613e-05,0,0,0,0
0.8214839,00000110111001,4004,4004,4.013109e-04,0,0,0,0
0.82190366,00000110111000,4005,4005,-1.845600e-05,0,0,0,0
0.82232343,00000110110111,4006,4006,4.017211e-04,0,0,0,0
0.8227432,00000110110110,4007,4007,-1.804588e-05,0,0,0,0
0.82316296,00000110110101,4008,4008,4.021312e-04,0,0,0,0
0.82358273,00000110110100,4009,4009,-1.763575e-05,0,0,0,0
0.8240025,00000110110011,4010,4010,4.025413e-04,0,0,0,0
0.82442227,00000110110010,4011,4011,-1.722562e-05,0,0,0,0
0.82484203,00000110110001,4012,4012,4.029514e-04,0,0,0,0
0.8252618,00000110110000,4013,4013,-1.681549e-05,0,0,0,0
0.82568157,00000110101111,4014,4014,4.033616e-04,0,0,0,0
0.82610133,00000110101110,4015,4015,-1.640536e-05,0,0,0,0
0.8265211,00000110101101,4016,4016,4.037717e-04,0,0,0,0
0.82694087,00000110101100,4017,4017,-1.599523e-05,0,0,0,0
0.82736063,00000110101011,4018,4018,4.041818e-04,0,0,0,0
0.8277804,00000110101010,4019,4019,-1.558510e-05,0,0,0,0
0.82820017,00000110101001,4020,4020,4.045920e-04,0,0,0,0
0.82861993,00000110101000,4021,4021,-1.517497e-05,0,0,0,0
0.8290397,00000110100111,4022,4022,4.050021e-04,0,0,0,0
0.82945947,00000110100110,4023,4023,-1.476485e-05,0,0,0,0
0.82987924,00000110100101,4024,4024,4.054122e-04,0,0,0,0
0.830299,00000110100100,4025,4025,-1.435472e-05,0,0,0,0
0.83071877,00000110100011,4026,4026,4.058223e-04,0,0,0,0
0.83113854,00000110100010,4027,4027,-1.394459e-05,0,0,0,0
0.8315583,00000110100001,4028,4028,4.062325e-04,0,0,0,0
0.83197807,00000110100000,4029,4029,-1.353446e-05,0,0,0,0
0.83239784,00000110011111,4030,4030,4.066426e-04,0,0,0,0
0.8328176,00000101011111,4031,4031,4.068477e-04,0,0,0,0
0.83323737,00000101011110,4032,4032,-1.291927e-05,0,0,0,0
0.83365714,00000101011101,4033,4033,4.072578e-04,0,0,0,0
0.8340769,00000101011100,4034,4034,-1.250914e-05,0,0,0,0
0.83449667,00000101011011,4035,4035,4.076679e-04,0,0,0,0
0.83491644,00000101011010,4036,4036,-1.209901e-05,0,0,0,0
0.83533621,00000101011001,4037,4037,4.080781e-04,0,0,0,0
0.83575597,00000101011000,4038,4038,-1.168888e-05,0,0,0,0
0.83617574,00000101010111,4039,4039,4.084882e-04,0,0,0,0
0.83659551,00000101010110,4040,4040,-1.127875e-05,0,0,0,0
0.83701527,00000101010101,4041,4041,4.088983e-04,0,0,0,0
0.83743504,00000101010100,4042,4042,-1.086862e-05,0,0,0,0
0.83785481,00000101010011,4043,4043,4.093084e-04,0,0,0,0
0.83827457,00000101010010,4044,4044,-1.045849e-05,0,0,0,0
0.83869434,00000101010001,4045,4045,4.097186e-04,0,0,0,0
0.83911411,00000101010000,4046,4046,-1.004837e-05,0,0,0,0
0.83953388,00000101001111,4047,4047,4.101287e-04,0,0,0,0
0.83995364,00000101001110,4048,4048,-9.638237e-06,0,0,0,0
0.84037341,00000101001101,4049,4049,4.105388e-04,0,0,0,0
0.84079318,00000101001100,4050,4050,-9.228108e-06,0,0,0,0
0.84121294,00000101001011,4051,4051,4.109490e-04,0,0,0,0
0.84163271,00000101001010,4052,4052,-8.817979e-06,0,0,0,0
0.84205248,00000101001001,4053,4053,4.113591e-04,0,0,0,0
0.84247224,00000101001000,4054,4054,-8.407851e-06,0,0,0,0
0.84289201,00000101000111,4055,4055,4.117692e-04,0,0,0,0
0.84331178,00000101000110,4056,4056,-7.997722e-06,0,0,0,0
0.84373154,00000101000101,4057,4057,4.121793e-04,0,0,0,0
0.84415131,00000101000100,4058,4058,-7.587593e-06,0,0,0,0
0.84457108,00000101000011,4059,4059,4.125895e-04,0,0,0,0
0.84499085,00000101000010,4060,4060,-7.177465e-06,0,0,0,0
0.84541061,00000101000001,4061,4061,4.129996e-04,0,0,0,0
0.84583038,00000101000000,4062,4062,-6.767336e-06,0,0,0,0
0.84625015,00000010111111,4063,4063,4.134097e-04,0,0,0,0
0.84666991,00000010111110,4064,4064,-6.357207e-06,0,0,0,0
0.84708968,00000010111101,4065,4065,4.138199e-04,0,0,0,0
0.84750945,00000010111100,4066,4066,-5.947079e-06,0,0,0,0
0.84792921,00000010111011,4067,4067,4.142300e-04,0,0,0,0
0.84834898,00000010111010,4068,4068,-5.536950e-06,0,0,0,0
0.84876875,00000010111001,4069,4069,4.146401e-04,0,0,0,0
0.84918851,00000010111000,4070,4070,-5.126821e-06,0,0,0,0
0.84960828,00000010110111,4071,4071,4.150502e-04,0,0,0,0
0.85002805,00000010110110,4072,4072,-4.716692e-06,0,0,0,0
0.85044782,00000010110101,4073,4073,4.154604e-04,0,0,0,0
0.85086758,00000010110100,4074,4074,-4.306564e-06,0,0,0,0
0.85128735,00000010110011,4075,4075,4.158705e-04,0,0,0,0
0.85170712,00000010110010,4076,4076,-3.896435e-06,0,0,0,0
0.85212688,00000010110001,4077,4077,4.162806e-04,0,0,0,0
0.85254665,00000010110000,4078,4078,-3.486306e-06,0,0,0,0
0.85296642,00000010101111,4079,4079,4.166908e-04,0,0,0,0
0.85338618,00000010101110,4080,4080,-3.076178e-06,0,0,0,0
0.85380595,00000010101101,4081,4081,4.171009e-04,0,0,0,0
0.85422572,00000010101100,4082,4082,-2.666049e-06,0,0,0,0
0.85464548,00000010101011,4083,4083,4.175110e-04,0,0,0,0
0.85506525,00000010101010,4084,4084,-2.255920e-06,0,0,0,0
0.85548502,00000010101001,4085,4085,4.179211e-04,0,0,0,0
0.85590479,00000010101000,4086,4086,-1.845792e-06,0,0,0,0
0.85632455,00000010100111,4087,4087,4.183313e-04,0,0,0,0
0.85674432,00000010100110,4088,4088,-1.435663e-06,0,0,0,0
0.85716409,00000010100101,4089,4089,4.187414e-04,0,0,0,0
0.85758385,00000010100100,4090,4090,-1.025534e-06,0,0,0,0
0.85800362,00000010100011,4091,4091,4.191515e-04,0,0,0,0
0.85842339,00000010100010,4092,4092,-6.154054e-07,0,0,0,0
0.85884315,00000010100001,4093,4093,4.195617e-04,0,0,0,0
0.85926292,00000010100000,4094,4094,-2.052767e-07,0,0,0,0
0.85968269,00000010011111,4095,4095,4.199718e-04,0,0,0,0
