combo,bit_pattern,vdiff_v,code_nominal,code_physical,decisions
8191,1111111111111,-0.900000000,0,0,1111111111111
4095,0111111111111,-0.899160056,0,0,1111111111110
6143,1011111111111,-0.898320112,0,0,1111111111101
2047,0011111111111,-0.897480168,0,0,1111111111100
7167,1101111111111,-0.896640224,0,0,1111111111011
3071,0101111111111,-0.895800280,0,0,1111111111010
5119,1001111111111,-0.894960336,0,0,1111111111001
1023,0001111111111,-0.894120392,0,0,1111111111000
7679,1110111111111,-0.893280448,0,0,1111111110111
3583,0110111111111,-0.892440504,0,0,1111111110110
5631,1010111111111,-0.891600560,0,0,1111111110101
1535,0010111111111,-0.890760616,0,0,1111111110100
6655,1100111111111,-0.889920672,0,0,1111111110011
2559,0100111111111,-0.889080728,0,0,1111111110010
4607,1000111111111,-0.888240784,0,0,1111111110001
511,0000111111111,-0.887400840,0,0,1111111110000
7935,1111011111111,-0.886560896,0,0,1111111101111
3839,0111011111111,-0.885720952,0,0,1111111101110
5887,1011011111111,-0.884881008,0,0,1111111101101
1791,0011011111111,-0.884041064,0,0,1111111101100
6911,1101011111111,-0.883201120,0,0,1111111101011
2815,0101011111111,-0.882361176,0,0,1111111101010
4863,1001011111111,-0.881521232,0,0,1111111101001
767,0001011111111,-0.880681288,0,0,1111111101000
7423,1110011111111,-0.879841344,0,0,1111111100111
3327,0110011111111,-0.879001400,0,0,1111111100110
5375,1010011111111,-0.878161456,0,0,1111111100101
1279,0010011111111,-0.877321512,0,0,1111111100100
6399,1100011111111,-0.876481568,0,0,1111111100011
2303,0100011111111,-0.875641624,0,0,1111111100010
4351,1000011111111,-0.874801680,0,0,1111111100001
255,0000011111111,-0.873961736,0,0,1111111100000
8063,1111101111111,-0.873121792,0,0,1111111011111
8127,1111110111111,-0.872701820,0,0,1111110111111
8159,1111111011111,-0.872701820,0,0,1111101111111
3967,0111101111111,-0.872281848,0,0,1111111011110
4031,0111110111111,-0.871861876,0,0,1111110111110
4063,0111111011111,-0.871861876,0,0,1111101111110
6015,1011101111111,-0.871441904,0,0,1111111011101
6079,1011110111111,-0.871021932,0,0,1111110111101
6111,1011111011111,-0.871021932,0,0,1111101111101
1919,0011101111111,-0.870601960,0,0,1111111011100
1983,0011110111111,-0.870181988,0,0,1111110111100
2015,0011111011111,-0.870181988,0,0,1111101111100
7039,1101101111111,-0.869762016,0,0,1111111011011
7103,1101110111111,-0.869342044,0,0,1111110111011
7135,1101111011111,-0.869342044,0,0,1111101111011
2943,0101101111111,-0.868922072,0,0,1111111011010
3007,0101110111111,-0.868502100,0,0,1111110111010
3039,0101111011111,-0.868502100,0,0,1111101111010
4991,1001101111111,-0.868082128,0,0,1111111011001
5055,1001110111111,-0.867662156,0,0,1111110111001
5087,1001111011111,-0.867662156,0,0,1111101111001
895,0001101111111,-0.867242184,0,0,1111111011000
959,0001110111111,-0.866822212,0,0,1111110111000
991,0001111011111,-0.866822212,0,0,1111101111000
7551,1110101111111,-0.866402240,0,0,1111111010111
7615,1110110111111,-0.865982268,0,0,1111110110111
7647,1110111011111,-0.865982268,0,0,1111101110111
3455,0110101111111,-0.865562296,0,0,1111111010110
3519,0110110111111,-0.865142324,0,0,1111110110110
3551,0110111011111,-0.865142324,0,0,1111101110110
5503,1010101111111,-0.864722352,0,0,1111111010101
5567,1010110111111,-0.864302380,0,0,1111110110101
5599,1010111011111,-0.864302380,0,0,1111101110101
1407,0010101111111,-0.863882408,0,0,1111111010100
1471,0010110111111,-0.863462436,0,0,1111110110100
1503,0010111011111,-0.863462436,0,0,1111101110100
6527,1100101111111,-0.863042464,0,0,1111111010011
6591,1100110111111,-0.862622492,0,0,1111110110011
6623,1100111011111,-0.862622492,0,0,1111101110011
2431,0100101111111,-0.862202520,0,0,1111111010010
2495,0100110111111,-0.861782548,0,0,1111110110010
2527,0100111011111,-0.861782548,0,0,1111101110010
4479,1000101111111,-0.861362576,0,0,1111111010001
4543,1000110111111,-0.860942604,0,0,1111110110001
4575,1000111011111,-0.860942604,0,0,1111101110001
383,0000101111111,-0.860522632,0,0,1111111010000
447,0000110111111,-0.860102660,0,0,1111110110000
479,0000111011111,-0.860102660,0,0,1111101110000
7807,1111001111111,-0.859682688,1,1,1111111001111
7871,1111010111111,-0.859262716,2,2,1111110101111
7903,1111011011111,-0.859262716,2,2,1111101101111
3711,0111001111111,-0.858842744,3,3,1111111001110
3775,0111010111111,-0.858422772,4,4,1111110101110
3807,0111011011111,-0.858422772,4,4,1111101101110
5759,1011001111111,-0.858002800,5,5,1111111001101
5823,1011010111111,-0.857582828,6,6,1111110101101
5855,1011011011111,-0.857582828,6,6,1111101101101
1663,0011001111111,-0.857162856,7,7,1111111001100
1727,0011010111111,-0.856742884,8,8,1111110101100
1759,0011011011111,-0.856742884,8,8,1111101101100
6783,1101001111111,-0.856322912,9,9,1111111001011
6847,1101010111111,-0.855902940,10,10,1111110101011
6879,1101011011111,-0.855902940,10,10,1111101101011
2687,0101001111111,-0.855482968,11,11,1111111001010
2751,0101010111111,-0.855062996,12,12,1111110101010
2783,0101011011111,-0.855062996,12,12,1111101101010
4735,1001001111111,-0.854643024,13,13,1111111001001
4799,1001010111111,-0.854223052,14,14,1111110101001
4831,1001011011111,-0.854223052,14,14,1111101101001
639,0001001111111,-0.853803080,15,15,1111111001000
703,0001010111111,-0.853383108,16,16,1111110101000
735,0001011011111,-0.853383108,16,16,1111101101000
7295,1110001111111,-0.852963136,17,17,1111111000111
7359,1110010111111,-0.852543164,18,18,1111110100111
7391,1110011011111,-0.852543164,18,18,1111101100111
3199,0110001111111,-0.852123192,19,19,1111111000110
3263,0110010111111,-0.851703220,20,20,1111110100110
3295,0110011011111,-0.851703220,20,20,1111101100110
5247,1010001111111,-0.851283248,21,21,1111111000101
5311,1010010111111,-0.850863276,22,22,1111110100101
5343,1010011011111,-0.850863276,22,22,1111101100101
1151,0010001111111,-0.850443304,23,23,1111111000100
1215,0010010111111,-0.850023332,24,24,1111110100100
1247,0010011011111,-0.850023332,24,24,1111101100100
6271,1100001111111,-0.849603360,25,25,1111111000011
6335,1100010111111,-0.849183388,26,26,1111110100011
6367,1100011011111,-0.849183388,26,26,1111101100011
2175,0100001111111,-0.848763416,27,27,1111111000010
2239,0100010111111,-0.848343444,28,28,1111110100010
2271,0100011011111,-0.848343444,28,28,1111101100010
4223,1000001111111,-0.847923472,29,29,1111111000001
4287,1000010111111,-0.847503500,30,30,1111110100001
4319,1000011011111,-0.847503500,30,30,1111101100001
127,0000001111111,-0.847083528,31,31,1111111000000
191,0000010111111,-0.846663556,32,32,1111110100000
223,0000011011111,-0.846663556,32,32,1111101100000
7999,1111100111111,-0.845823612,34,34,1111110011111
8031,1111101011111,-0.845823612,34,34,1111101011111
8095,1111110011111,-0.845403640,35,35,1111100111111
8175,1111111101111,-0.845403640,35,35,1111011111111
3903,0111100111111,-0.844983668,36,36,1111110011110
3935,0111101011111,-0.844983668,36,36,1111101011110
3999,0111110011111,-0.844563696,37,37,1111100111110
4079,0111111101111,-0.844563696,37,37,1111011111110
5951,1011100111111,-0.844143724,38,38,1111110011101
5983,1011101011111,-0.844143724,38,38,1111101011101
6047,1011110011111,-0.843723752,39,39,1111100111101
6127,1011111101111,-0.843723752,39,39,1111011111101
1855,0011100111111,-0.843303780,40,40,1111110011100
1887,0011101011111,-0.843303780,40,40,1111101011100
1951,0011110011111,-0.842883808,41,41,1111100111100
2031,0011111101111,-0.842883808,41,41,1111011111100
6975,1101100111111,-0.842463836,42,42,1111110011011
7007,1101101011111,-0.842463836,42,42,1111101011011
7071,1101110011111,-0.842043864,43,43,1111100111011
7151,1101111101111,-0.842043864,43,43,1111011111011
2879,0101100111111,-0.841623892,44,44,1111110011010
2911,0101101011111,-0.841623892,44,44,1111101011010
2975,0101110011111,-0.841203920,45,45,1111100111010
3055,0101111101111,-0.841203920,45,45,1111011111010
4927,1001100111111,-0.840783948,46,46,1111110011001
4959,1001101011111,-0.840783948,46,46,1111101011001
5023,1001110011111,-0.840363976,47,47,1111100111001
5103,1001111101111,-0.840363976,47,47,1111011111001
831,0001100111111,-0.839944004,48,48,1111110011000
863,0001101011111,-0.839944004,48,48,1111101011000
927,0001110011111,-0.839524032,49,49,1111100111000
1007,0001111101111,-0.839524032,49,49,1111011111000
7487,1110100111111,-0.839104060,50,50,1111110010111
7519,1110101011111,-0.839104060,50,50,1111101010111
7583,1110110011111,-0.838684088,51,51,1111100110111
7663,1110111101111,-0.838684088,51,51,1111011110111
3391,0110100111111,-0.838264116,52,52,1111110010110
3423,0110101011111,-0.838264116,52,52,1111101010110
3487,0110110011111,-0.837844144,53,53,1111100110110
3567,0110111101111,-0.837844144,53,53,1111011110110
5439,1010100111111,-0.837424172,54,54,1111110010101
5471,1010101011111,-0.837424172,54,54,1111101010101
5535,1010110011111,-0.837004200,55,55,1111100110101
5615,1010111101111,-0.837004200,55,55,1111011110101
1343,0010100111111,-0.836584228,56,56,1111110010100
1375,0010101011111,-0.836584228,56,56,1111101010100
1439,0010110011111,-0.836164256,57,57,1111100110100
1519,0010111101111,-0.836164256,57,57,1111011110100
6463,1100100111111,-0.835744284,58,58,1111110010011
6495,1100101011111,-0.835744284,58,58,1111101010011
6559,1100110011111,-0.835324312,59,59,1111100110011
6639,1100111101111,-0.835324312,59,59,1111011110011
2367,0100100111111,-0.834904340,60,60,1111110010010
2399,0100101011111,-0.834904340,60,60,1111101010010
2463,0100110011111,-0.834484368,61,61,1111100110010
2543,0100111101111,-0.834484368,61,61,1111011110010
4415,1000100111111,-0.834064396,62,62,1111110010001
4447,1000101011111,-0.834064396,62,62,1111101010001
4511,1000110011111,-0.833644424,63,63,1111100110001
4591,1000111101111,-0.833644424,63,63,1111011110001
319,0000100111111,-0.833224452,64,64,1111110010000
351,0000101011111,-0.833224452,64,64,1111101010000
415,0000110011111,-0.832804480,65,65,1111100110000
495,0000111101111,-0.832804480,65,65,1111011110000
7743,1111000111111,-0.832384508,66,66,1111110001111
7775,1111001011111,-0.832384508,66,66,1111101001111
7839,1111010011111,-0.831964536,67,67,1111100101111
7919,1111011101111,-0.831964536,67,67,1111011101111
3647,0111000111111,-0.831544564,68,68,1111110001110
3679,0111001011111,-0.831544564,68,68,1111101001110
3743,0111010011111,-0.831124592,69,69,1111100101110
3823,0111011101111,-0.831124592,69,69,1111011101110
5695,1011000111111,-0.830704620,70,70,1111110001101
5727,1011001011111,-0.830704620,70,70,1111101001101
5791,1011010011111,-0.830284648,71,71,1111100101101
5871,1011011101111,-0.830284648,71,71,1111011101101
1599,0011000111111,-0.829864676,72,72,1111110001100
1631,0011001011111,-0.829864676,72,72,1111101001100
1695,0011010011111,-0.829444704,73,73,1111100101100
1775,0011011101111,-0.829444704,73,73,1111011101100
6719,1101000111111,-0.829024732,74,74,1111110001011
6751,1101001011111,-0.829024732,74,74,1111101001011
6815,1101010011111,-0.828604760,75,75,1111100101011
6895,1101011101111,-0.828604760,75,75,1111011101011
2623,0101000111111,-0.828184788,76,76,1111110001010
2655,0101001011111,-0.828184788,76,76,1111101001010
2719,0101010011111,-0.827764816,77,77,1111100101010
2799,0101011101111,-0.827764816,77,77,1111011101010
4671,1001000111111,-0.827344844,78,78,1111110001001
4703,1001001011111,-0.827344844,78,78,1111101001001
4767,1001010011111,-0.826924872,79,79,1111100101001
4847,1001011101111,-0.826924872,79,79,1111011101001
575,0001000111111,-0.826504900,80,80,1111110001000
607,0001001011111,-0.826504900,80,80,1111101001000
671,0001010011111,-0.826084928,81,81,1111100101000
751,0001011101111,-0.826084928,81,81,1111011101000
7231,1110000111111,-0.825664956,82,82,1111110000111
7263,1110001011111,-0.825664956,82,82,1111101000111
7327,1110010011111,-0.825244984,83,83,1111100100111
7407,1110011101111,-0.825244984,83,83,1111011100111
3135,0110000111111,-0.824825012,84,84,1111110000110
3167,0110001011111,-0.824825012,84,84,1111101000110
3231,0110010011111,-0.824405040,85,85,1111100100110
3311,0110011101111,-0.824405040,85,85,1111011100110
5183,1010000111111,-0.823985068,86,86,1111110000101
5215,1010001011111,-0.823985068,86,86,1111101000101
5279,1010010011111,-0.823565096,87,87,1111100100101
5359,1010011101111,-0.823565096,87,87,1111011100101
1087,0010000111111,-0.823145124,88,88,1111110000100
1119,0010001011111,-0.823145124,88,88,1111101000100
1183,0010010011111,-0.822725152,89,89,1111100100100
1263,0010011101111,-0.822725152,89,89,1111011100100
6207,1100000111111,-0.822305180,90,90,1111110000011
6239,1100001011111,-0.822305180,90,90,1111101000011
6303,1100010011111,-0.821885208,91,91,1111100100011
6383,1100011101111,-0.821885208,91,91,1111011100011
2111,0100000111111,-0.821465236,92,92,1111110000010
2143,0100001011111,-0.821465236,92,92,1111101000010
2207,0100010011111,-0.821045264,93,93,1111100100010
2287,0100011101111,-0.821045264,93,93,1111011100010
4159,1000000111111,-0.820625292,94,94,1111110000001
4191,1000001011111,-0.820625292,94,94,1111101000001
4255,1000010011111,-0.820205320,95,95,1111100100001
4335,1000011101111,-0.820205320,95,95,1111011100001
63,0000000111111,-0.819785348,96,96,1111110000000
95,0000001011111,-0.819785348,96,96,1111101000000
159,0000010011111,-0.819365376,97,97,1111100100000
239,0000011101111,-0.819365376,97,97,1111011100000
7967,1111100011111,-0.818525432,99,99,1111100011111
8047,1111101101111,-0.818525432,99,99,1111011011111
8111,1111110101111,-0.818105460,100,100,1111010111111
8143,1111111001111,-0.818105460,100,100,1111001111111
3871,0111100011111,-0.817685488,101,101,1111100011110
3951,0111101101111,-0.817685488,101,101,1111011011110
4015,0111110101111,-0.817265516,102,102,1111010111110
4047,0111111001111,-0.817265516,102,102,1111001111110
5919,1011100011111,-0.816845544,103,103,1111100011101
5999,1011101101111,-0.816845544,103,103,1111011011101
6063,1011110101111,-0.816425572,104,104,1111010111101
6095,1011111001111,-0.816425572,104,104,1111001111101
1823,0011100011111,-0.816005600,105,105,1111100011100
1903,0011101101111,-0.816005600,105,105,1111011011100
1967,0011110101111,-0.815585628,106,106,1111010111100
1999,0011111001111,-0.815585628,106,106,1111001111100
6943,1101100011111,-0.815165656,107,107,1111100011011
7023,1101101101111,-0.815165656,107,107,1111011011011
7087,1101110101111,-0.814745684,108,108,1111010111011
7119,1101111001111,-0.814745684,108,108,1111001111011
2847,0101100011111,-0.814325712,109,109,1111100011010
2927,0101101101111,-0.814325712,109,109,1111011011010
2991,0101110101111,-0.813905740,110,110,1111010111010
3023,0101111001111,-0.813905740,110,110,1111001111010
4895,1001100011111,-0.813485768,111,111,1111100011001
4975,1001101101111,-0.813485768,111,111,1111011011001
5039,1001110101111,-0.813065796,112,112,1111010111001
5071,1001111001111,-0.813065796,112,112,1111001111001
799,0001100011111,-0.812645824,113,113,1111100011000
879,0001101101111,-0.812645824,113,113,1111011011000
943,0001110101111,-0.812225852,114,114,1111010111000
975,0001111001111,-0.812225852,114,114,1111001111000
7455,1110100011111,-0.811805880,115,115,1111100010111
7535,1110101101111,-0.811805880,115,115,1111011010111
7599,1110110101111,-0.811385908,116,116,1111010110111
7631,1110111001111,-0.811385908,116,116,1111001110111
3359,0110100011111,-0.810965936,117,117,1111100010110
3439,0110101101111,-0.810965936,117,117,1111011010110
3503,0110110101111,-0.810545964,118,118,1111010110110
3535,0110111001111,-0.810545964,118,118,1111001110110
5407,1010100011111,-0.810125992,119,119,1111100010101
5487,1010101101111,-0.810125992,119,119,1111011010101
5551,1010110101111,-0.809706020,120,120,1111010110101
5583,1010111001111,-0.809706020,120,120,1111001110101
1311,0010100011111,-0.809286048,121,121,1111100010100
1391,0010101101111,-0.809286048,121,121,1111011010100
1455,0010110101111,-0.808866076,122,122,1111010110100
1487,0010111001111,-0.808866076,122,122,1111001110100
6431,1100100011111,-0.808446104,123,123,1111100010011
6511,1100101101111,-0.808446104,123,123,1111011010011
6575,1100110101111,-0.808026132,124,124,1111010110011
6607,1100111001111,-0.808026132,124,124,1111001110011
2335,0100100011111,-0.807606160,125,125,1111100010010
2415,0100101101111,-0.807606160,125,125,1111011010010
2479,0100110101111,-0.807186188,126,126,1111010110010
2511,0100111001111,-0.807186188,126,126,1111001110010
4383,1000100011111,-0.806766216,127,127,1111100010001
4463,1000101101111,-0.806766216,127,127,1111011010001
4527,1000110101111,-0.806346244,128,128,1111010110001
4559,1000111001111,-0.806346244,128,128,1111001110001
287,0000100011111,-0.805926272,129,129,1111100010000
367,0000101101111,-0.805926272,129,129,1111011010000
431,0000110101111,-0.805506300,130,130,1111010110000
463,0000111001111,-0.805506300,130,130,1111001110000
7711,1111000011111,-0.805086328,131,131,1111100001111
7791,1111001101111,-0.805086328,131,131,1111011001111
7855,1111010101111,-0.804666356,132,132,1111010101111
7887,1111011001111,-0.804666356,132,132,1111001101111
3615,0111000011111,-0.804246384,133,133,1111100001110
3695,0111001101111,-0.804246384,133,133,1111011001110
3759,0111010101111,-0.803826412,134,134,1111010101110
3791,0111011001111,-0.803826412,134,134,1111001101110
5663,1011000011111,-0.803406440,135,135,1111100001101
5743,1011001101111,-0.803406440,135,135,1111011001101
5807,1011010101111,-0.802986468,136,136,1111010101101
5839,1011011001111,-0.802986468,136,136,1111001101101
1567,0011000011111,-0.802566496,137,137,1111100001100
1647,0011001101111,-0.802566496,137,137,1111011001100
1711,0011010101111,-0.802146524,138,138,1111010101100
1743,0011011001111,-0.802146524,138,138,1111001101100
6687,1101000011111,-0.801726552,139,139,1111100001011
6767,1101001101111,-0.801726552,139,139,1111011001011
6831,1101010101111,-0.801306580,140,140,1111010101011
6863,1101011001111,-0.801306580,140,140,1111001101011
2591,0101000011111,-0.800886608,141,141,1111100001010
2671,0101001101111,-0.800886608,141,141,1111011001010
2735,0101010101111,-0.800466636,142,142,1111010101010
2767,0101011001111,-0.800466636,142,142,1111001101010
4639,1001000011111,-0.800046664,143,143,1111100001001
4719,1001001101111,-0.800046664,143,143,1111011001001
4783,1001010101111,-0.799626692,144,144,1111010101001
4815,1001011001111,-0.799626692,144,144,1111001101001
543,0001000011111,-0.799206720,145,145,1111100001000
623,0001001101111,-0.799206720,145,145,1111011001000
687,0001010101111,-0.798786748,146,146,1111010101000
719,0001011001111,-0.798786748,146,146,1111001101000
7199,1110000011111,-0.798366776,147,147,1111100000111
7279,1110001101111,-0.798366776,147,147,1111011000111
7343,1110010101111,-0.797946804,148,148,1111010100111
7375,1110011001111,-0.797946804,148,148,1111001100111
3103,0110000011111,-0.797526832,149,149,1111100000110
3183,0110001101111,-0.797526832,149,149,1111011000110
3247,0110010101111,-0.797106860,150,150,1111010100110
3279,0110011001111,-0.797106860,150,150,1111001100110
5151,1010000011111,-0.796686888,151,151,1111100000101
5231,1010001101111,-0.796686888,151,151,1111011000101
5295,1010010101111,-0.796266916,152,152,1111010100101
5327,1010011001111,-0.796266916,152,152,1111001100101
1055,0010000011111,-0.795846944,153,153,1111100000100
1135,0010001101111,-0.795846944,153,153,1111011000100
1199,0010010101111,-0.795426972,154,154,1111010100100
1231,0010011001111,-0.795426972,154,154,1111001100100
6175,1100000011111,-0.795007000,155,155,1111100000011
6255,1100001101111,-0.795007000,155,155,1111011000011
6319,1100010101111,-0.794587028,156,156,1111010100011
6351,1100011001111,-0.794587028,156,156,1111001100011
2079,0100000011111,-0.794167056,157,157,1111100000010
2159,0100001101111,-0.794167056,157,157,1111011000010
2223,0100010101111,-0.793747084,158,158,1111010100010
2255,0100011001111,-0.793747084,158,158,1111001100010
4127,1000000011111,-0.793327112,159,159,1111100000001
4207,1000001101111,-0.793327112,159,159,1111011000001
4271,1000010101111,-0.792907140,160,160,1111010100001
4303,1000011001111,-0.792907140,160,160,1111001100001
31,0000000011111,-0.792487168,161,161,1111100000000
111,0000001101111,-0.792487168,161,161,1111011000000
175,0000010101111,-0.792067196,162,162,1111010100000
207,0000011001111,-0.792067196,162,162,1111001100000
7983,1111100101111,-0.791227252,164,164,1111010011111
8015,1111101001111,-0.791227252,164,164,1111001011111
8079,1111110001111,-0.790807280,165,165,1111000111111
8183,1111111110111,-0.790807280,165,165,1110111111111
3887,0111100101111,-0.790387308,166,166,1111010011110
3919,0111101001111,-0.790387308,166,166,1111001011110
3983,0111110001111,-0.789967336,167,167,1111000111110
4087,0111111110111,-0.789967336,167,167,1110111111110
5935,1011100101111,-0.789547364,168,168,1111010011101
5967,1011101001111,-0.789547364,168,168,1111001011101
6031,1011110001111,-0.789127392,169,169,1111000111101
6135,1011111110111,-0.789127392,169,169,1110111111101
1839,0011100101111,-0.788707420,170,170,1111010011100
1871,0011101001111,-0.788707420,170,170,1111001011100
1935,0011110001111,-0.788287448,171,171,1111000111100
2039,0011111110111,-0.788287448,171,171,1110111111100
6959,1101100101111,-0.787867476,172,172,1111010011011
6991,1101101001111,-0.787867476,172,172,1111001011011
7055,1101110001111,-0.787447503,173,173,1111000111011
7159,1101111110111,-0.787447503,173,173,1110111111011
2863,0101100101111,-0.787027531,174,174,1111010011010
2895,0101101001111,-0.787027531,174,174,1111001011010
2959,0101110001111,-0.786607559,175,175,1111000111010
3063,0101111110111,-0.786607559,175,175,1110111111010
4911,1001100101111,-0.786187587,176,176,1111010011001
4943,1001101001111,-0.786187587,176,176,1111001011001
5007,1001110001111,-0.785767615,177,177,1111000111001
5111,1001111110111,-0.785767615,177,177,1110111111001
815,0001100101111,-0.785347643,178,178,1111010011000
847,0001101001111,-0.785347643,178,178,1111001011000
911,0001110001111,-0.784927671,179,179,1111000111000
1015,0001111110111,-0.784927671,179,179,1110111111000
7471,1110100101111,-0.784507699,180,180,1111010010111
7503,1110101001111,-0.784507699,180,180,1111001010111
7567,1110110001111,-0.784087727,181,181,1111000110111
7671,1110111110111,-0.784087727,181,181,1110111110111
3375,0110100101111,-0.783667755,182,182,1111010010110
3407,0110101001111,-0.783667755,182,182,1111001010110
3471,0110110001111,-0.783247783,183,183,1111000110110
3575,0110111110111,-0.783247783,183,183,1110111110110
5423,1010100101111,-0.782827811,184,184,1111010010101
5455,1010101001111,-0.782827811,184,184,1111001010101
5519,1010110001111,-0.782407839,185,185,1111000110101
5623,1010111110111,-0.782407839,185,185,1110111110101
1327,0010100101111,-0.781987867,186,186,1111010010100
1359,0010101001111,-0.781987867,186,186,1111001010100
1423,0010110001111,-0.781567895,187,187,1111000110100
1527,0010111110111,-0.781567895,187,187,1110111110100
6447,1100100101111,-0.781147923,188,188,1111010010011
6479,1100101001111,-0.781147923,188,188,1111001010011
6543,1100110001111,-0.780727951,189,189,1111000110011
6647,1100111110111,-0.780727951,189,189,1110111110011
2351,0100100101111,-0.780307979,190,190,1111010010010
2383,0100101001111,-0.780307979,190,190,1111001010010
2447,0100110001111,-0.779888007,191,191,1111000110010
2551,0100111110111,-0.779888007,191,191,1110111110010
4399,1000100101111,-0.779468035,192,192,1111010010001
4431,1000101001111,-0.779468035,192,192,1111001010001
4495,1000110001111,-0.779048063,193,193,1111000110001
4599,1000111110111,-0.779048063,193,193,1110111110001
303,0000100101111,-0.778628091,194,194,1111010010000
335,0000101001111,-0.778628091,194,194,1111001010000
399,0000110001111,-0.778208119,195,195,1111000110000
503,0000111110111,-0.778208119,195,195,1110111110000
7727,1111000101111,-0.777788147,196,196,1111010001111
7759,1111001001111,-0.777788147,196,196,1111001001111
7823,1111010001111,-0.777368175,197,197,1111000101111
7927,1111011110111,-0.777368175,197,197,1110111101111
3631,0111000101111,-0.776948203,198,198,1111010001110
3663,0111001001111,-0.776948203,198,198,1111001001110
3727,0111010001111,-0.776528231,199,199,1111000101110
3831,0111011110111,-0.776528231,199,199,1110111101110
5679,1011000101111,-0.776108259,200,200,1111010001101
5711,1011001001111,-0.776108259,200,200,1111001001101
5775,1011010001111,-0.775688287,201,201,1111000101101
5879,1011011110111,-0.775688287,201,201,1110111101101
1583,0011000101111,-0.775268315,202,202,1111010001100
1615,0011001001111,-0.775268315,202,202,1111001001100
1679,0011010001111,-0.774848343,203,203,1111000101100
1783,0011011110111,-0.774848343,203,203,1110111101100
6703,1101000101111,-0.774428371,204,204,1111010001011
6735,1101001001111,-0.774428371,204,204,1111001001011
6799,1101010001111,-0.774008399,205,205,1111000101011
6903,1101011110111,-0.774008399,205,205,1110111101011
2607,0101000101111,-0.773588427,206,206,1111010001010
2639,0101001001111,-0.773588427,206,206,1111001001010
2703,0101010001111,-0.773168455,207,207,1111000101010
2807,0101011110111,-0.773168455,207,207,1110111101010
4655,1001000101111,-0.772748483,208,208,1111010001001
4687,1001001001111,-0.772748483,208,208,1111001001001
4751,1001010001111,-0.772328511,209,209,1111000101001
4855,1001011110111,-0.772328511,209,209,1110111101001
559,0001000101111,-0.771908539,210,210,1111010001000
591,0001001001111,-0.771908539,210,210,1111001001000
655,0001010001111,-0.771488567,211,211,1111000101000
759,0001011110111,-0.771488567,211,211,1110111101000
7215,1110000101111,-0.771068595,212,212,1111010000111
7247,1110001001111,-0.771068595,212,212,1111001000111
7311,1110010001111,-0.770648623,213,213,1111000100111
7415,1110011110111,-0.770648623,213,213,1110111100111
3119,0110000101111,-0.770228651,214,214,1111010000110
3151,0110001001111,-0.770228651,214,214,1111001000110
3215,0110010001111,-0.769808679,215,215,1111000100110
3319,0110011110111,-0.769808679,215,215,1110111100110
5167,1010000101111,-0.769388707,216,216,1111010000101
5199,1010001001111,-0.769388707,216,216,1111001000101
5263,1010010001111,-0.768968735,217,217,1111000100101
5367,1010011110111,-0.768968735,217,217,1110111100101
1071,0010000101111,-0.768548763,218,218,1111010000100
1103,0010001001111,-0.768548763,218,218,1111001000100
1167,0010010001111,-0.768128791,219,219,1111000100100
1271,0010011110111,-0.768128791,219,219,1110111100100
6191,1100000101111,-0.767708819,220,220,1111010000011
6223,1100001001111,-0.767708819,220,220,1111001000011
6287,1100010001111,-0.767288847,221,221,1111000100011
6391,1100011110111,-0.767288847,221,221,1110111100011
2095,0100000101111,-0.766868875,222,222,1111010000010
2127,0100001001111,-0.766868875,222,222,1111001000010
2191,0100010001111,-0.766448903,223,223,1111000100010
2295,0100011110111,-0.766448903,223,223,1110111100010
4143,1000000101111,-0.766028931,224,224,1111010000001
4175,1000001001111,-0.766028931,224,224,1111001000001
4239,1000010001111,-0.765608959,225,225,1111000100001
4343,1000011110111,-0.765608959,225,225,1110111100001
47,0000000101111,-0.765188987,226,226,1111010000000
79,0000001001111,-0.765188987,226,226,1111001000000
143,0000010001111,-0.764769015,227,227,1111000100000
247,0000011110111,-0.764769015,227,227,1110111100000
7951,1111100001111,-0.763929071,229,229,1111000011111
8055,1111101110111,-0.763929071,229,229,1110111011111
8119,1111110110111,-0.763509099,230,230,1110110111111
8151,1111111010111,-0.763509099,230,230,1110101111111
3855,0111100001111,-0.763089127,231,231,1111000011110
3959,0111101110111,-0.763089127,231,231,1110111011110
4023,0111110110111,-0.762669155,232,232,1110110111110
4055,0111111010111,-0.762669155,232,232,1110101111110
5903,1011100001111,-0.762249183,233,233,1111000011101
6007,1011101110111,-0.762249183,233,233,1110111011101
6071,1011110110111,-0.761829211,234,234,1110110111101
6103,1011111010111,-0.761829211,234,234,1110101111101
1807,0011100001111,-0.761409239,235,235,1111000011100
1911,0011101110111,-0.761409239,235,235,1110111011100
1975,0011110110111,-0.760989267,236,236,1110110111100
2007,0011111010111,-0.760989267,236,236,1110101111100
6927,1101100001111,-0.760569295,237,237,1111000011011
7031,1101101110111,-0.760569295,237,237,1110111011011
7095,1101110110111,-0.760149323,238,238,1110110111011
7127,1101111010111,-0.760149323,238,238,1110101111011
2831,0101100001111,-0.759729351,239,239,1111000011010
2935,0101101110111,-0.759729351,239,239,1110111011010
2999,0101110110111,-0.759309379,240,240,1110110111010
3031,0101111010111,-0.759309379,240,240,1110101111010
4879,1001100001111,-0.758889407,241,241,1111000011001
4983,1001101110111,-0.758889407,241,241,1110111011001
5047,1001110110111,-0.758469435,242,242,1110110111001
5079,1001111010111,-0.758469435,242,242,1110101111001
783,0001100001111,-0.758049463,243,243,1111000011000
887,0001101110111,-0.758049463,243,243,1110111011000
951,0001110110111,-0.757629491,244,244,1110110111000
983,0001111010111,-0.757629491,244,244,1110101111000
7439,1110100001111,-0.757209519,245,245,1111000010111
7543,1110101110111,-0.757209519,245,245,1110111010111
7607,1110110110111,-0.756789547,246,246,1110110110111
7639,1110111010111,-0.756789547,246,246,1110101110111
3343,0110100001111,-0.756369575,247,247,1111000010110
3447,0110101110111,-0.756369575,247,247,1110111010110
3511,0110110110111,-0.755949603,248,248,1110110110110
3543,0110111010111,-0.755949603,248,248,1110101110110
5391,1010100001111,-0.755529631,249,249,1111000010101
5495,1010101110111,-0.755529631,249,249,1110111010101
5559,1010110110111,-0.755109659,250,250,1110110110101
5591,1010111010111,-0.755109659,250,250,1110101110101
1295,0010100001111,-0.754689687,251,251,1111000010100
1399,0010101110111,-0.754689687,251,251,1110111010100
1463,0010110110111,-0.754269715,252,252,1110110110100
1495,0010111010111,-0.754269715,252,252,1110101110100
6415,1100100001111,-0.753849743,253,253,1111000010011
6519,1100101110111,-0.753849743,253,253,1110111010011
6583,1100110110111,-0.753429771,254,254,1110110110011
6615,1100111010111,-0.753429771,254,254,1110101110011
2319,0100100001111,-0.753009799,255,255,1111000010010
2423,0100101110111,-0.753009799,255,255,1110111010010
2487,0100110110111,-0.752589827,256,256,1110110110010
2519,0100111010111,-0.752589827,256,256,1110101110010
4367,1000100001111,-0.752169855,257,257,1111000010001
4471,1000101110111,-0.752169855,257,257,1110111010001
4535,1000110110111,-0.751749883,258,258,1110110110001
4567,1000111010111,-0.751749883,258,258,1110101110001
271,0000100001111,-0.751329911,259,259,1111000010000
375,0000101110111,-0.751329911,259,259,1110111010000
439,0000110110111,-0.750909939,260,260,1110110110000
471,0000111010111,-0.750909939,260,260,1110101110000
7695,1111000001111,-0.750489967,261,261,1111000001111
7799,1111001110111,-0.750489967,261,261,1110111001111
7863,1111010110111,-0.750069995,262,262,1110110101111
7895,1111011010111,-0.750069995,262,262,1110101101111
3599,0111000001111,-0.749650023,263,263,1111000001110
3703,0111001110111,-0.749650023,263,263,1110111001110
3767,0111010110111,-0.749230051,264,264,1110110101110
3799,0111011010111,-0.749230051,264,264,1110101101110
5647,1011000001111,-0.748810079,265,265,1111000001101
5751,1011001110111,-0.748810079,265,265,1110111001101
5815,1011010110111,-0.748390107,266,266,1110110101101
5847,1011011010111,-0.748390107,266,266,1110101101101
1551,0011000001111,-0.747970135,267,267,1111000001100
1655,0011001110111,-0.747970135,267,267,1110111001100
1719,0011010110111,-0.747550163,268,268,1110110101100
1751,0011011010111,-0.747550163,268,268,1110101101100
6671,1101000001111,-0.747130191,269,269,1111000001011
6775,1101001110111,-0.747130191,269,269,1110111001011
6839,1101010110111,-0.746710219,270,270,1110110101011
6871,1101011010111,-0.746710219,270,270,1110101101011
2575,0101000001111,-0.746290247,271,271,1111000001010
2679,0101001110111,-0.746290247,271,271,1110111001010
2743,0101010110111,-0.745870275,272,272,1110110101010
2775,0101011010111,-0.745870275,272,272,1110101101010
4623,1001000001111,-0.745450303,273,273,1111000001001
4727,1001001110111,-0.745450303,273,273,1110111001001
4791,1001010110111,-0.745030331,274,274,1110110101001
4823,1001011010111,-0.745030331,274,274,1110101101001
527,0001000001111,-0.744610359,275,275,1111000001000
631,0001001110111,-0.744610359,275,275,1110111001000
695,0001010110111,-0.744190387,276,276,1110110101000
727,0001011010111,-0.744190387,276,276,1110101101000
7183,1110000001111,-0.743770415,277,277,1111000000111
7287,1110001110111,-0.743770415,277,277,1110111000111
7351,1110010110111,-0.743350443,278,278,1110110100111
7383,1110011010111,-0.743350443,278,278,1110101100111
3087,0110000001111,-0.742930471,279,279,1111000000110
3191,0110001110111,-0.742930471,279,279,1110111000110
3255,0110010110111,-0.742510499,280,280,1110110100110
3287,0110011010111,-0.742510499,280,280,1110101100110
5135,1010000001111,-0.742090527,281,281,1111000000101
5239,1010001110111,-0.742090527,281,281,1110111000101
5303,1010010110111,-0.741670555,282,282,1110110100101
5335,1010011010111,-0.741670555,282,282,1110101100101
1039,0010000001111,-0.741250583,283,283,1111000000100
1143,0010001110111,-0.741250583,283,283,1110111000100
1207,0010010110111,-0.740830611,284,284,1110110100100
1239,0010011010111,-0.740830611,284,284,1110101100100
6159,1100000001111,-0.740410639,285,285,1111000000011
6263,1100001110111,-0.740410639,285,285,1110111000011
6327,1100010110111,-0.739990667,286,286,1110110100011
6359,1100011010111,-0.739990667,286,286,1110101100011
2063,0100000001111,-0.739570695,287,287,1111000000010
2167,0100001110111,-0.739570695,287,287,1110111000010
2231,0100010110111,-0.739150723,288,288,1110110100010
2263,0100011010111,-0.739150723,288,288,1110101100010
4111,1000000001111,-0.738730751,289,289,1111000000001
4215,1000001110111,-0.738730751,289,289,1110111000001
4279,1000010110111,-0.738310779,290,290,1110110100001
4311,1000011010111,-0.738310779,290,290,1110101100001
15,0000000001111,-0.737890807,291,291,1111000000000
119,0000001110111,-0.737890807,291,291,1110111000000
183,0000010110111,-0.737470835,292,292,1110110100000
215,0000011010111,-0.737470835,292,292,1110101100000
7991,1111100110111,-0.736630891,294,294,1110110011111
8023,1111101010111,-0.736630891,294,294,1110101011111
8087,1111110010111,-0.736210919,295,295,1110100111111
8167,1111111100111,-0.736210919,295,295,1110011111111
3895,0111100110111,-0.735790947,296,296,1110110011110
3927,0111101010111,-0.735790947,296,296,1110101011110
3991,0111110010111,-0.735370975,297,297,1110100111110
4071,0111111100111,-0.735370975,297,297,1110011111110
5943,1011100110111,-0.734951003,298,298,1110110011101
5975,1011101010111,-0.734951003,298,298,1110101011101
6039,1011110010111,-0.734531031,299,299,1110100111101
6119,1011111100111,-0.734531031,299,299,1110011111101
1847,0011100110111,-0.734111059,300,300,1110110011100
1879,0011101010111,-0.734111059,300,300,1110101011100
1943,0011110010111,-0.733691087,301,301,1110100111100
2023,0011111100111,-0.733691087,301,301,1110011111100
6967,1101100110111,-0.733271115,302,302,1110110011011
6999,1101101010111,-0.733271115,302,302,1110101011011
7063,1101110010111,-0.732851143,303,303,1110100111011
7143,1101111100111,-0.732851143,303,303,1110011111011
2871,0101100110111,-0.732431171,304,304,1110110011010
2903,0101101010111,-0.732431171,304,304,1110101011010
2967,0101110010111,-0.732011199,305,305,1110100111010
3047,0101111100111,-0.732011199,305,305,1110011111010
4919,1001100110111,-0.731591227,306,306,1110110011001
4951,1001101010111,-0.731591227,306,306,1110101011001
5015,1001110010111,-0.731171255,307,307,1110100111001
5095,1001111100111,-0.731171255,307,307,1110011111001
823,0001100110111,-0.730751283,308,308,1110110011000
855,0001101010111,-0.730751283,308,308,1110101011000
919,0001110010111,-0.730331311,309,309,1110100111000
999,0001111100111,-0.730331311,309,309,1110011111000
7479,1110100110111,-0.729911339,310,310,1110110010111
7511,1110101010111,-0.729911339,310,310,1110101010111
7575,1110110010111,-0.729491367,311,311,1110100110111
7655,1110111100111,-0.729491367,311,311,1110011110111
3383,0110100110111,-0.729071395,312,312,1110110010110
3415,0110101010111,-0.729071395,312,312,1110101010110
3479,0110110010111,-0.728651423,313,313,1110100110110
3559,0110111100111,-0.728651423,313,313,1110011110110
5431,1010100110111,-0.728231451,314,314,1110110010101
5463,1010101010111,-0.728231451,314,314,1110101010101
5527,1010110010111,-0.727811479,315,315,1110100110101
5607,1010111100111,-0.727811479,315,315,1110011110101
1335,0010100110111,-0.727391507,316,316,1110110010100
1367,0010101010111,-0.727391507,316,316,1110101010100
1431,0010110010111,-0.726971535,317,317,1110100110100
1511,0010111100111,-0.726971535,317,317,1110011110100
6455,1100100110111,-0.726551563,318,318,1110110010011
6487,1100101010111,-0.726551563,318,318,1110101010011
6551,1100110010111,-0.726131591,319,319,1110100110011
6631,1100111100111,-0.726131591,319,319,1110011110011
2359,0100100110111,-0.725711619,320,320,1110110010010
2391,0100101010111,-0.725711619,320,320,1110101010010
2455,0100110010111,-0.725291647,321,321,1110100110010
2535,0100111100111,-0.725291647,321,321,1110011110010
4407,1000100110111,-0.724871675,322,322,1110110010001
4439,1000101010111,-0.724871675,322,322,1110101010001
4503,1000110010111,-0.724451703,323,323,1110100110001
4583,1000111100111,-0.724451703,323,323,1110011110001
311,0000100110111,-0.724031731,324,324,1110110010000
343,0000101010111,-0.724031731,324,324,1110101010000
407,0000110010111,-0.723611759,325,325,1110100110000
487,0000111100111,-0.723611759,325,325,1110011110000
7735,1111000110111,-0.723191787,326,326,1110110001111
7767,1111001010111,-0.723191787,326,326,1110101001111
7831,1111010010111,-0.722771815,327,327,1110100101111
7911,1111011100111,-0.722771815,327,327,1110011101111
3639,0111000110111,-0.722351843,328,328,1110110001110
3671,0111001010111,-0.722351843,328,328,1110101001110
3735,0111010010111,-0.721931871,329,329,1110100101110
3815,0111011100111,-0.721931871,329,329,1110011101110
5687,1011000110111,-0.721511899,330,330,1110110001101
5719,1011001010111,-0.721511899,330,330,1110101001101
5783,1011010010111,-0.721091927,331,331,1110100101101
5863,1011011100111,-0.721091927,331,331,1110011101101
1591,0011000110111,-0.720671955,332,332,1110110001100
1623,0011001010111,-0.720671955,332,332,1110101001100
1687,0011010010111,-0.720251983,333,333,1110100101100
1767,0011011100111,-0.720251983,333,333,1110011101100
6711,1101000110111,-0.719832011,334,334,1110110001011
6743,1101001010111,-0.719832011,334,334,1110101001011
6807,1101010010111,-0.719412039,335,335,1110100101011
6887,1101011100111,-0.719412039,335,335,1110011101011
2615,0101000110111,-0.718992067,336,336,1110110001010
2647,0101001010111,-0.718992067,336,336,1110101001010
2711,0101010010111,-0.718572095,337,337,1110100101010
2791,0101011100111,-0.718572095,337,337,1110011101010
4663,1001000110111,-0.718152123,338,338,1110110001001
4695,1001001010111,-0.718152123,338,338,1110101001001
4759,1001010010111,-0.717732151,339,339,1110100101001
4839,1001011100111,-0.717732151,339,339,1110011101001
567,0001000110111,-0.717312179,340,340,1110110001000
599,0001001010111,-0.717312179,340,340,1110101001000
663,0001010010111,-0.716892207,341,341,1110100101000
743,0001011100111,-0.716892207,341,341,1110011101000
7223,1110000110111,-0.716472235,342,342,1110110000111
7255,1110001010111,-0.716472235,342,342,1110101000111
7319,1110010010111,-0.716052263,343,343,1110100100111
7399,1110011100111,-0.716052263,343,343,1110011100111
3127,0110000110111,-0.715632291,344,344,1110110000110
3159,0110001010111,-0.715632291,344,344,1110101000110
3223,0110010010111,-0.715212319,345,345,1110100100110
3303,0110011100111,-0.715212319,345,345,1110011100110
5175,1010000110111,-0.714792347,346,346,1110110000101
5207,1010001010111,-0.714792347,346,346,1110101000101
5271,1010010010111,-0.714372375,347,347,1110100100101
5351,1010011100111,-0.714372375,347,347,1110011100101
1079,0010000110111,-0.713952403,348,348,1110110000100
1111,0010001010111,-0.713952403,348,348,1110101000100
1175,0010010010111,-0.713532431,349,349,1110100100100
1255,0010011100111,-0.713532431,349,349,1110011100100
6199,1100000110111,-0.713112459,350,350,1110110000011
6231,1100001010111,-0.713112459,350,350,1110101000011
6295,1100010010111,-0.712692487,351,351,1110100100011
6375,1100011100111,-0.712692487,351,351,1110011100011
2103,0100000110111,-0.712272515,352,352,1110110000010
2135,0100001010111,-0.712272515,352,352,1110101000010
2199,0100010010111,-0.711852543,353,353,1110100100010
2279,0100011100111,-0.711852543,353,353,1110011100010
4151,1000000110111,-0.711432571,354,354,1110110000001
4183,1000001010111,-0.711432571,354,354,1110101000001
4247,1000010010111,-0.711012599,355,355,1110100100001
4327,1000011100111,-0.711012599,355,355,1110011100001
55,0000000110111,-0.710592627,356,356,1110110000000
87,0000001010111,-0.710592627,356,356,1110101000000
151,0000010010111,-0.710172655,357,357,1110100100000
231,0000011100111,-0.710172655,357,357,1110011100000
7959,1111100010111,-0.709332711,359,359,1110100011111
8039,1111101100111,-0.709332711,359,359,1110011011111
8103,1111110100111,-0.708912739,360,360,1110010111111
8135,1111111000111,-0.708912739,360,360,1110001111111
3863,0111100010111,-0.708492767,361,361,1110100011110
3943,0111101100111,-0.708492767,361,361,1110011011110
4007,0111110100111,-0.708072795,362,362,1110010111110
4039,0111111000111,-0.708072795,362,362,1110001111110
5911,1011100010111,-0.707652823,363,363,1110100011101
5991,1011101100111,-0.707652823,363,363,1110011011101
6055,1011110100111,-0.707232851,364,364,1110010111101
6087,1011111000111,-0.707232851,364,364,1110001111101
1815,0011100010111,-0.706812879,365,365,1110100011100
1895,0011101100111,-0.706812879,365,365,1110011011100
1959,0011110100111,-0.706392907,366,366,1110010111100
1991,0011111000111,-0.706392907,366,366,1110001111100
6935,1101100010111,-0.705972935,367,367,1110100011011
7015,1101101100111,-0.705972935,367,367,1110011011011
7079,1101110100111,-0.705552963,368,368,1110010111011
7111,1101111000111,-0.705552963,368,368,1110001111011
2839,0101100010111,-0.705132991,369,369,1110100011010
2919,0101101100111,-0.705132991,369,369,1110011011010
2983,0101110100111,-0.704713019,370,370,1110010111010
3015,0101111000111,-0.704713019,370,370,1110001111010
4887,1001100010111,-0.704293047,371,371,1110100011001
4967,1001101100111,-0.704293047,371,371,1110011011001
5031,1001110100111,-0.703873075,372,372,1110010111001
5063,1001111000111,-0.703873075,372,372,1110001111001
791,0001100010111,-0.703453103,373,373,1110100011000
871,0001101100111,-0.703453103,373,373,1110011011000
935,0001110100111,-0.703033131,374,374,1110010111000
967,0001111000111,-0.703033131,374,374,1110001111000
7447,1110100010111,-0.702613159,375,375,1110100010111
7527,1110101100111,-0.702613159,375,375,1110011010111
7591,1110110100111,-0.702193187,376,376,1110010110111
7623,1110111000111,-0.702193187,376,376,1110001110111
3351,0110100010111,-0.701773215,377,377,1110100010110
3431,0110101100111,-0.701773215,377,377,1110011010110
3495,0110110100111,-0.701353243,378,378,1110010110110
3527,0110111000111,-0.701353243,378,378,1110001110110
5399,1010100010111,-0.700933271,379,379,1110100010101
5479,1010101100111,-0.700933271,379,379,1110011010101
5543,1010110100111,-0.700513299,380,380,1110010110101
5575,1010111000111,-0.700513299,380,380,1110001110101
1303,0010100010111,-0.700093327,381,381,1110100010100
1383,0010101100111,-0.700093327,381,381,1110011010100
1447,0010110100111,-0.699673355,382,382,1110010110100
1479,0010111000111,-0.699673355,382,382,1110001110100
6423,1100100010111,-0.699253383,383,383,1110100010011
6503,1100101100111,-0.699253383,383,383,1110011010011
6567,1100110100111,-0.698833411,384,384,1110010110011
6599,1100111000111,-0.698833411,384,384,1110001110011
2327,0100100010111,-0.698413439,385,385,1110100010010
2407,0100101100111,-0.698413439,385,385,1110011010010
2471,0100110100111,-0.697993467,386,386,1110010110010
2503,0100111000111,-0.697993467,386,386,1110001110010
4375,1000100010111,-0.697573495,387,387,1110100010001
4455,1000101100111,-0.697573495,387,387,1110011010001
4519,1000110100111,-0.697153523,388,388,1110010110001
4551,1000111000111,-0.697153523,388,388,1110001110001
279,0000100010111,-0.696733551,389,389,1110100010000
359,0000101100111,-0.696733551,389,389,1110011010000
423,0000110100111,-0.696313579,390,390,1110010110000
455,0000111000111,-0.696313579,390,390,1110001110000
7703,1111000010111,-0.695893607,391,391,1110100001111
7783,1111001100111,-0.695893607,391,391,1110011001111
7847,1111010100111,-0.695473635,392,392,1110010101111
7879,1111011000111,-0.695473635,392,392,1110001101111
3607,0111000010111,-0.695053663,393,393,1110100001110
3687,0111001100111,-0.695053663,393,393,1110011001110
3751,0111010100111,-0.694633691,394,394,1110010101110
3783,0111011000111,-0.694633691,394,394,1110001101110
5655,1011000010111,-0.694213719,395,395,1110100001101
5735,1011001100111,-0.694213719,395,395,1110011001101
5799,1011010100111,-0.693793747,396,396,1110010101101
5831,1011011000111,-0.693793747,396,396,1110001101101
1559,0011000010111,-0.693373775,397,397,1110100001100
1639,0011001100111,-0.693373775,397,397,1110011001100
1703,0011010100111,-0.692953803,398,398,1110010101100
1735,0011011000111,-0.692953803,398,398,1110001101100
6679,1101000010111,-0.692533831,399,399,1110100001011
6759,1101001100111,-0.692533831,399,399,1110011001011
6823,1101010100111,-0.692113859,400,400,1110010101011
6855,1101011000111,-0.692113859,400,400,1110001101011
2583,0101000010111,-0.691693887,401,401,1110100001010
2663,0101001100111,-0.691693887,401,401,1110011001010
2727,0101010100111,-0.691273915,402,402,1110010101010
2759,0101011000111,-0.691273915,402,402,1110001101010
4631,1001000010111,-0.690853943,403,403,1110100001001
4711,1001001100111,-0.690853943,403,403,1110011001001
4775,1001010100111,-0.690433971,404,404,1110010101001
4807,1001011000111,-0.690433971,404,404,1110001101001
535,0001000010111,-0.690013999,405,405,1110100001000
615,0001001100111,-0.690013999,405,405,1110011001000
679,0001010100111,-0.689594027,406,406,1110010101000
711,0001011000111,-0.689594027,406,406,1110001101000
7191,1110000010111,-0.689174055,407,407,1110100000111
7271,1110001100111,-0.689174055,407,407,1110011000111
7335,1110010100111,-0.688754083,408,408,1110010100111
7367,1110011000111,-0.688754083,408,408,1110001100111
3095,0110000010111,-0.688334111,409,409,1110100000110
3175,0110001100111,-0.688334111,409,409,1110011000110
3239,0110010100111,-0.687914139,410,410,1110010100110
3271,0110011000111,-0.687914139,410,410,1110001100110
5143,1010000010111,-0.687494167,411,411,1110100000101
5223,1010001100111,-0.687494167,411,411,1110011000101
5287,1010010100111,-0.687074195,412,412,1110010100101
5319,1010011000111,-0.687074195,412,412,1110001100101
1047,0010000010111,-0.686654223,413,413,1110100000100
1127,0010001100111,-0.686654223,413,413,1110011000100
1191,0010010100111,-0.686234251,414,414,1110010100100
1223,0010011000111,-0.686234251,414,414,1110001100100
6167,1100000010111,-0.685814279,415,415,1110100000011
6247,1100001100111,-0.685814279,415,415,1110011000011
6311,1100010100111,-0.685394307,416,416,1110010100011
6343,1100011000111,-0.685394307,416,416,1110001100011
2071,0100000010111,-0.684974335,417,417,1110100000010
2151,0100001100111,-0.684974335,417,417,1110011000010
2215,0100010100111,-0.684554363,418,418,1110010100010
2247,0100011000111,-0.684554363,418,418,1110001100010
4119,1000000010111,-0.684134391,419,419,1110100000001
4199,1000001100111,-0.684134391,419,419,1110011000001
4263,1000010100111,-0.683714419,420,420,1110010100001
4295,1000011000111,-0.683714419,420,420,1110001100001
23,0000000010111,-0.683294447,421,421,1110100000000
103,0000001100111,-0.683294447,421,421,1110011000000
167,0000010100111,-0.682874475,422,422,1110010100000
199,0000011000111,-0.682874475,422,422,1110001100000
7975,1111100100111,-0.682034531,424,424,1110010011111
8007,1111101000111,-0.682034531,424,424,1110001011111
8071,1111110000111,-0.681614559,425,425,1110000111111
8187,1111111111011,-0.681614559,425,425,1101111111111
3879,0111100100111,-0.681194587,426,426,1110010011110
3911,0111101000111,-0.681194587,426,426,1110001011110
3975,0111110000111,-0.680774615,427,427,1110000111110
4091,0111111111011,-0.680774615,427,427,1101111111110
5927,1011100100111,-0.680354643,428,428,1110010011101
5959,1011101000111,-0.680354643,428,428,1110001011101
6023,1011110000111,-0.679934671,429,429,1110000111101
6139,1011111111011,-0.679934671,429,429,1101111111101
1831,0011100100111,-0.679514699,430,430,1110010011100
1863,0011101000111,-0.679514699,430,430,1110001011100
1927,0011110000111,-0.679094727,431,431,1110000111100
2043,0011111111011,-0.679094727,431,431,1101111111100
6951,1101100100111,-0.678674755,432,432,1110010011011
6983,1101101000111,-0.678674755,432,432,1110001011011
7047,1101110000111,-0.678254783,433,433,1110000111011
7163,1101111111011,-0.678254783,433,433,1101111111011
2855,0101100100111,-0.677834811,434,434,1110010011010
2887,0101101000111,-0.677834811,434,434,1110001011010
2951,0101110000111,-0.677414839,435,435,1110000111010
3067,0101111111011,-0.677414839,435,435,1101111111010
4903,1001100100111,-0.676994867,436,436,1110010011001
4935,1001101000111,-0.676994867,436,436,1110001011001
4999,1001110000111,-0.676574895,437,437,1110000111001
5115,1001111111011,-0.676574895,437,437,1101111111001
807,0001100100111,-0.676154923,438,438,1110010011000
839,0001101000111,-0.676154923,438,438,1110001011000
903,0001110000111,-0.675734951,439,439,1110000111000
1019,0001111111011,-0.675734951,439,439,1101111111000
7463,1110100100111,-0.675314979,440,440,1110010010111
7495,1110101000111,-0.675314979,440,440,1110001010111
7559,1110110000111,-0.674895007,441,441,1110000110111
7675,1110111111011,-0.674895007,441,441,1101111110111
3367,0110100100111,-0.674475035,442,442,1110010010110
3399,0110101000111,-0.674475035,442,442,1110001010110
3463,0110110000111,-0.674055063,443,443,1110000110110
3579,0110111111011,-0.674055063,443,443,1101111110110
5415,1010100100111,-0.673635091,444,444,1110010010101
5447,1010101000111,-0.673635091,444,444,1110001010101
5511,1010110000111,-0.673215119,445,445,1110000110101
5627,1010111111011,-0.673215119,445,445,1101111110101
1319,0010100100111,-0.672795147,446,446,1110010010100
1351,0010101000111,-0.672795147,446,446,1110001010100
1415,0010110000111,-0.672375175,447,447,1110000110100
1531,0010111111011,-0.672375175,447,447,1101111110100
6439,1100100100111,-0.671955203,448,448,1110010010011
6471,1100101000111,-0.671955203,448,448,1110001010011
6535,1100110000111,-0.671535231,449,449,1110000110011
6651,1100111111011,-0.671535231,449,449,1101111110011
2343,0100100100111,-0.671115259,450,450,1110010010010
2375,0100101000111,-0.671115259,450,450,1110001010010
2439,0100110000111,-0.670695287,451,451,1110000110010
2555,0100111111011,-0.670695287,451,451,1101111110010
4391,1000100100111,-0.670275315,452,452,1110010010001
4423,1000101000111,-0.670275315,452,452,1110001010001
4487,1000110000111,-0.669855343,453,453,1110000110001
4603,1000111111011,-0.669855343,453,453,1101111110001
295,0000100100111,-0.669435371,454,454,1110010010000
327,0000101000111,-0.669435371,454,454,1110001010000
391,0000110000111,-0.669015399,455,455,1110000110000
507,0000111111011,-0.669015399,455,455,1101111110000
7719,1111000100111,-0.668595427,456,456,1110010001111
7751,1111001000111,-0.668595427,456,456,1110001001111
7815,1111010000111,-0.668175455,457,457,1110000101111
7931,1111011111011,-0.668175455,457,457,1101111101111
3623,0111000100111,-0.667755483,458,458,1110010001110
3655,0111001000111,-0.667755483,458,458,1110001001110
3719,0111010000111,-0.667335511,459,459,1110000101110
3835,0111011111011,-0.667335511,459,459,1101111101110
5671,1011000100111,-0.666915539,460,460,1110010001101
5703,1011001000111,-0.666915539,460,460,1110001001101
5767,1011010000111,-0.666495567,461,461,1110000101101
5883,1011011111011,-0.666495567,461,461,1101111101101
1575,0011000100111,-0.666075595,462,462,1110010001100
1607,0011001000111,-0.666075595,462,462,1110001001100
1671,0011010000111,-0.665655623,463,463,1110000101100
1787,0011011111011,-0.665655623,463,463,1101111101100
6695,1101000100111,-0.665235651,464,464,1110010001011
6727,1101001000111,-0.665235651,464,464,1110001001011
6791,1101010000111,-0.664815679,465,465,1110000101011
6907,1101011111011,-0.664815679,465,465,1101111101011
2599,0101000100111,-0.664395707,466,466,1110010001010
2631,0101001000111,-0.664395707,466,466,1110001001010
2695,0101010000111,-0.663975735,467,467,1110000101010
2811,0101011111011,-0.663975735,467,467,1101111101010
4647,1001000100111,-0.663555763,468,468,1110010001001
4679,1001001000111,-0.663555763,468,468,1110001001001
4743,1001010000111,-0.663135791,469,469,1110000101001
4859,1001011111011,-0.663135791,469,469,1101111101001
551,0001000100111,-0.662715819,470,470,1110010001000
583,0001001000111,-0.662715819,470,470,1110001001000
647,0001010000111,-0.662295847,471,471,1110000101000
763,0001011111011,-0.662295847,471,471,1101111101000
7207,1110000100111,-0.661875875,472,472,1110010000111
7239,1110001000111,-0.661875875,472,472,1110001000111
7303,1110010000111,-0.661455903,473,473,1110000100111
7419,1110011111011,-0.661455903,473,473,1101111100111
3111,0110000100111,-0.661035931,474,474,1110010000110
3143,0110001000111,-0.661035931,474,474,1110001000110
3207,0110010000111,-0.660615959,475,475,1110000100110
3323,0110011111011,-0.660615959,475,475,1101111100110
5159,1010000100111,-0.660195987,476,476,1110010000101
5191,1010001000111,-0.660195987,476,476,1110001000101
5255,1010010000111,-0.659776015,477,477,1110000100101
5371,1010011111011,-0.659776015,477,477,1101111100101
1063,0010000100111,-0.659356043,478,478,1110010000100
1095,0010001000111,-0.659356043,478,478,1110001000100
1159,0010010000111,-0.658936071,479,479,1110000100100
1275,0010011111011,-0.658936071,479,479,1101111100100
6183,1100000100111,-0.658516099,480,480,1110010000011
6215,1100001000111,-0.658516099,480,480,1110001000011
6279,1100010000111,-0.658096127,481,481,1110000100011
6395,1100011111011,-0.658096127,481,481,1101111100011
2087,0100000100111,-0.657676155,482,482,1110010000010
2119,0100001000111,-0.657676155,482,482,1110001000010
2183,0100010000111,-0.657256183,483,483,1110000100010
2299,0100011111011,-0.657256183,483,483,1101111100010
4135,1000000100111,-0.656836211,484,484,1110010000001
4167,1000001000111,-0.656836211,484,484,1110001000001
4231,1000010000111,-0.656416239,485,485,1110000100001
4347,1000011111011,-0.656416239,485,485,1101111100001
39,0000000100111,-0.655996267,486,486,1110010000000
71,0000001000111,-0.655996267,486,486,1110001000000
135,0000010000111,-0.655576295,487,487,1110000100000
251,0000011111011,-0.655576295,487,487,1101111100000
7943,1111100000111,-0.654736351,489,489,1110000011111
8059,1111101111011,-0.654736351,489,489,1101111011111
8123,1111110111011,-0.654316379,490,490,1101110111111
8155,1111111011011,-0.654316379,490,490,1101101111111
3847,0111100000111,-0.653896407,491,491,1110000011110
3963,0111101111011,-0.653896407,491,491,1101111011110
4027,0111110111011,-0.653476435,492,492,1101110111110
4059,0111111011011,-0.653476435,492,492,1101101111110
5895,1011100000111,-0.653056463,493,493,1110000011101
6011,1011101111011,-0.653056463,493,493,1101111011101
6075,1011110111011,-0.652636491,494,494,1101110111101
6107,1011111011011,-0.652636491,494,494,1101101111101
1799,0011100000111,-0.652216519,495,495,1110000011100
1915,0011101111011,-0.652216519,495,495,1101111011100
1979,0011110111011,-0.651796547,496,496,1101110111100
2011,0011111011011,-0.651796547,496,496,1101101111100
6919,1101100000111,-0.651376575,497,497,1110000011011
7035,1101101111011,-0.651376575,497,497,1101111011011
7099,1101110111011,-0.650956603,498,498,1101110111011
7131,1101111011011,-0.650956603,498,498,1101101111011
2823,0101100000111,-0.650536631,499,499,1110000011010
2939,0101101111011,-0.650536631,499,499,1101111011010
3003,0101110111011,-0.650116659,500,500,1101110111010
3035,0101111011011,-0.650116659,500,500,1101101111010
4871,1001100000111,-0.649696687,501,501,1110000011001
4987,1001101111011,-0.649696687,501,501,1101111011001
5051,1001110111011,-0.649276715,502,502,1101110111001
5083,1001111011011,-0.649276715,502,502,1101101111001
775,0001100000111,-0.648856743,503,503,1110000011000
891,0001101111011,-0.648856743,503,503,1101111011000
955,0001110111011,-0.648436771,504,504,1101110111000
987,0001111011011,-0.648436771,504,504,1101101111000
7431,1110100000111,-0.648016799,505,505,1110000010111
7547,1110101111011,-0.648016799,505,505,1101111010111
7611,1110110111011,-0.647596827,506,506,1101110110111
7643,1110111011011,-0.647596827,506,506,1101101110111
3335,0110100000111,-0.647176855,507,507,1110000010110
3451,0110101111011,-0.647176855,507,507,1101111010110
3515,0110110111011,-0.646756883,508,508,1101110110110
3547,0110111011011,-0.646756883,508,508,1101101110110
5383,1010100000111,-0.646336911,509,509,1110000010101
5499,1010101111011,-0.646336911,509,509,1101111010101
5563,1010110111011,-0.645916939,510,510,1101110110101
5595,1010111011011,-0.645916939,510,510,1101101110101
1287,0010100000111,-0.645496967,511,511,1110000010100
1403,0010101111011,-0.645496967,511,511,1101111010100
1467,0010110111011,-0.645076995,512,512,1101110110100
1499,0010111011011,-0.645076995,512,512,1101101110100
6407,1100100000111,-0.644657023,513,513,1110000010011
6523,1100101111011,-0.644657023,513,513,1101111010011
6587,1100110111011,-0.644237051,514,514,1101110110011
6619,1100111011011,-0.644237051,514,514,1101101110011
2311,0100100000111,-0.643817079,515,515,1110000010010
2427,0100101111011,-0.643817079,515,515,1101111010010
2491,0100110111011,-0.643397107,516,516,1101110110010
2523,0100111011011,-0.643397107,516,516,1101101110010
4359,1000100000111,-0.642977135,517,517,1110000010001
4475,1000101111011,-0.642977135,517,517,1101111010001
4539,1000110111011,-0.642557163,518,518,1101110110001
4571,1000111011011,-0.642557163,518,518,1101101110001
263,0000100000111,-0.642137191,519,519,1110000010000
379,0000101111011,-0.642137191,519,519,1101111010000
443,0000110111011,-0.641717219,520,520,1101110110000
475,0000111011011,-0.641717219,520,520,1101101110000
7687,1111000000111,-0.641297247,521,521,1110000001111
7803,1111001111011,-0.641297247,521,521,1101111001111
7867,1111010111011,-0.640877275,522,522,1101110101111
7899,1111011011011,-0.640877275,522,522,1101101101111
3591,0111000000111,-0.640457303,523,523,1110000001110
3707,0111001111011,-0.640457303,523,523,1101111001110
3771,0111010111011,-0.640037331,524,524,1101110101110
3803,0111011011011,-0.640037331,524,524,1101101101110
5639,1011000000111,-0.639617359,525,525,1110000001101
5755,1011001111011,-0.639617359,525,525,1101111001101
5819,1011010111011,-0.639197387,526,526,1101110101101
5851,1011011011011,-0.639197387,526,526,1101101101101
1543,0011000000111,-0.638777415,527,527,1110000001100
1659,0011001111011,-0.638777415,527,527,1101111001100
1723,0011010111011,-0.638357443,528,528,1101110101100
1755,0011011011011,-0.638357443,528,528,1101101101100
6663,1101000000111,-0.637937471,529,529,1110000001011
6779,1101001111011,-0.637937471,529,529,1101111001011
6843,1101010111011,-0.637517499,530,530,1101110101011
6875,1101011011011,-0.637517499,530,530,1101101101011
2567,0101000000111,-0.637097527,531,531,1110000001010
2683,0101001111011,-0.637097527,531,531,1101111001010
2747,0101010111011,-0.636677555,532,532,1101110101010
2779,0101011011011,-0.636677555,532,532,1101101101010
4615,1001000000111,-0.636257583,533,533,1110000001001
4731,1001001111011,-0.636257583,533,533,1101111001001
4795,1001010111011,-0.635837611,534,534,1101110101001
4827,1001011011011,-0.635837611,534,534,1101101101001
519,0001000000111,-0.635417639,535,535,1110000001000
635,0001001111011,-0.635417639,535,535,1101111001000
699,0001010111011,-0.634997667,536,536,1101110101000
731,0001011011011,-0.634997667,536,536,1101101101000
7175,1110000000111,-0.634577695,537,537,1110000000111
7291,1110001111011,-0.634577695,537,537,1101111000111
7355,1110010111011,-0.634157723,538,538,1101110100111
7387,1110011011011,-0.634157723,538,538,1101101100111
3079,0110000000111,-0.633737751,539,539,1110000000110
3195,0110001111011,-0.633737751,539,539,1101111000110
3259,0110010111011,-0.633317779,540,540,1101110100110
3291,0110011011011,-0.633317779,540,540,1101101100110
5127,1010000000111,-0.632897807,541,541,1110000000101
5243,1010001111011,-0.632897807,541,541,1101111000101
5307,1010010111011,-0.632477835,542,542,1101110100101
5339,1010011011011,-0.632477835,542,542,1101101100101
1031,0010000000111,-0.632057863,543,543,1110000000100
1147,0010001111011,-0.632057863,543,543,1101111000100
1211,0010010111011,-0.631637891,544,544,1101110100100
1243,0010011011011,-0.631637891,544,544,1101101100100
6151,1100000000111,-0.631217919,545,545,1110000000011
6267,1100001111011,-0.631217919,545,545,1101111000011
6331,1100010111011,-0.630797947,546,546,1101110100011
6363,1100011011011,-0.630797947,546,546,1101101100011
2055,0100000000111,-0.630377975,547,547,1110000000010
2171,0100001111011,-0.630377975,547,547,1101111000010
2235,0100010111011,-0.629958003,548,548,1101110100010
2267,0100011011011,-0.629958003,548,548,1101101100010
4103,1000000000111,-0.629538031,549,549,1110000000001
4219,1000001111011,-0.629538031,549,549,1101111000001
4283,1000010111011,-0.629118059,550,550,1101110100001
4315,1000011011011,-0.629118059,550,550,1101101100001
7,0000000000111,-0.628698087,551,551,1110000000000
123,0000001111011,-0.628698087,551,551,1101111000000
187,0000010111011,-0.628278115,552,552,1101110100000
219,0000011011011,-0.628278115,552,552,1101101100000
7995,1111100111011,-0.627438171,554,554,1101110011111
8027,1111101011011,-0.627438171,554,554,1101101011111
8091,1111110011011,-0.627018199,555,555,1101100111111
8171,1111111101011,-0.627018199,555,555,1101011111111
3899,0111100111011,-0.626598227,556,556,1101110011110
3931,0111101011011,-0.626598227,556,556,1101101011110
3995,0111110011011,-0.626178255,557,557,1101100111110
4075,0111111101011,-0.626178255,557,557,1101011111110
5947,1011100111011,-0.625758283,558,558,1101110011101
5979,1011101011011,-0.625758283,558,558,1101101011101
6043,1011110011011,-0.625338311,559,559,1101100111101
6123,1011111101011,-0.625338311,559,559,1101011111101
1851,0011100111011,-0.624918339,560,560,1101110011100
1883,0011101011011,-0.624918339,560,560,1101101011100
1947,0011110011011,-0.624498367,561,561,1101100111100
2027,0011111101011,-0.624498367,561,561,1101011111100
6971,1101100111011,-0.624078395,562,562,1101110011011
7003,1101101011011,-0.624078395,562,562,1101101011011
7067,1101110011011,-0.623658423,563,563,1101100111011
7147,1101111101011,-0.623658423,563,563,1101011111011
2875,0101100111011,-0.623238451,564,564,1101110011010
2907,0101101011011,-0.623238451,564,564,1101101011010
2971,0101110011011,-0.622818479,565,565,1101100111010
3051,0101111101011,-0.622818479,565,565,1101011111010
4923,1001100111011,-0.622398507,566,566,1101110011001
4955,1001101011011,-0.622398507,566,566,1101101011001
5019,1001110011011,-0.621978535,567,567,1101100111001
5099,1001111101011,-0.621978535,567,567,1101011111001
827,0001100111011,-0.621558563,568,568,1101110011000
859,0001101011011,-0.621558563,568,568,1101101011000
923,0001110011011,-0.621138591,569,569,1101100111000
1003,0001111101011,-0.621138591,569,569,1101011111000
7483,1110100111011,-0.620718619,570,570,1101110010111
7515,1110101011011,-0.620718619,570,570,1101101010111
7579,1110110011011,-0.620298647,571,571,1101100110111
7659,1110111101011,-0.620298647,571,571,1101011110111
3387,0110100111011,-0.619878675,572,572,1101110010110
3419,0110101011011,-0.619878675,572,572,1101101010110
3483,0110110011011,-0.619458703,573,573,1101100110110
3563,0110111101011,-0.619458703,573,573,1101011110110
5435,1010100111011,-0.619038731,574,574,1101110010101
5467,1010101011011,-0.619038731,574,574,1101101010101
5531,1010110011011,-0.618618759,575,575,1101100110101
5611,1010111101011,-0.618618759,575,575,1101011110101
1339,0010100111011,-0.618198787,576,576,1101110010100
1371,0010101011011,-0.618198787,576,576,1101101010100
1435,0010110011011,-0.617778815,577,577,1101100110100
1515,0010111101011,-0.617778815,577,577,1101011110100
6459,1100100111011,-0.617358843,578,578,1101110010011
6491,1100101011011,-0.617358843,578,578,1101101010011
6555,1100110011011,-0.616938871,579,579,1101100110011
6635,1100111101011,-0.616938871,579,579,1101011110011
2363,0100100111011,-0.616518899,580,580,1101110010010
2395,0100101011011,-0.616518899,580,580,1101101010010
2459,0100110011011,-0.616098927,581,581,1101100110010
2539,0100111101011,-0.616098927,581,581,1101011110010
4411,1000100111011,-0.615678955,582,582,1101110010001
4443,1000101011011,-0.615678955,582,582,1101101010001
4507,1000110011011,-0.615258983,583,583,1101100110001
4587,1000111101011,-0.615258983,583,583,1101011110001
315,0000100111011,-0.614839011,584,584,1101110010000
347,0000101011011,-0.614839011,584,584,1101101010000
411,0000110011011,-0.614419039,585,585,1101100110000
491,0000111101011,-0.614419039,585,585,1101011110000
7739,1111000111011,-0.613999067,586,586,1101110001111
7771,1111001011011,-0.613999067,586,586,1101101001111
7835,1111010011011,-0.613579095,587,587,1101100101111
7915,1111011101011,-0.613579095,587,587,1101011101111
3643,0111000111011,-0.613159123,588,588,1101110001110
3675,0111001011011,-0.613159123,588,588,1101101001110
3739,0111010011011,-0.612739151,589,589,1101100101110
3819,0111011101011,-0.612739151,589,589,1101011101110
5691,1011000111011,-0.612319179,590,590,1101110001101
5723,1011001011011,-0.612319179,590,590,1101101001101
5787,1011010011011,-0.611899207,591,591,1101100101101
5867,1011011101011,-0.611899207,591,591,1101011101101
1595,0011000111011,-0.611479235,592,592,1101110001100
1627,0011001011011,-0.611479235,592,592,1101101001100
1691,0011010011011,-0.611059263,593,593,1101100101100
1771,0011011101011,-0.611059263,593,593,1101011101100
6715,1101000111011,-0.610639291,594,594,1101110001011
6747,1101001011011,-0.610639291,594,594,1101101001011
6811,1101010011011,-0.610219319,595,595,1101100101011
6891,1101011101011,-0.610219319,595,595,1101011101011
2619,0101000111011,-0.609799347,596,596,1101110001010
2651,0101001011011,-0.609799347,596,596,1101101001010
2715,0101010011011,-0.609379375,597,597,1101100101010
2795,0101011101011,-0.609379375,597,597,1101011101010
4667,1001000111011,-0.608959403,598,598,1101110001001
4699,1001001011011,-0.608959403,598,598,1101101001001
4763,1001010011011,-0.608539431,599,599,1101100101001
4843,1001011101011,-0.608539431,599,599,1101011101001
571,0001000111011,-0.608119459,600,600,1101110001000
603,0001001011011,-0.608119459,600,600,1101101001000
667,0001010011011,-0.607699487,601,601,1101100101000
747,0001011101011,-0.607699487,601,601,1101011101000
7227,1110000111011,-0.607279515,602,602,1101110000111
7259,1110001011011,-0.607279515,602,602,1101101000111
7323,1110010011011,-0.606859543,603,603,1101100100111
7403,1110011101011,-0.606859543,603,603,1101011100111
3131,0110000111011,-0.606439571,604,604,1101110000110
3163,0110001011011,-0.606439571,604,604,1101101000110
3227,0110010011011,-0.606019599,605,605,1101100100110
3307,0110011101011,-0.606019599,605,605,1101011100110
5179,1010000111011,-0.605599627,606,606,1101110000101
5211,1010001011011,-0.605599627,606,606,1101101000101
5275,1010010011011,-0.605179655,607,607,1101100100101
5355,1010011101011,-0.605179655,607,607,1101011100101
1083,0010000111011,-0.604759683,608,608,1101110000100
1115,0010001011011,-0.604759683,608,608,1101101000100
1179,0010010011011,-0.604339711,609,609,1101100100100
1259,0010011101011,-0.604339711,609,609,1101011100100
6203,1100000111011,-0.603919739,610,610,1101110000011
6235,1100001011011,-0.603919739,610,610,1101101000011
6299,1100010011011,-0.603499767,611,611,1101100100011
6379,1100011101011,-0.603499767,611,611,1101011100011
2107,0100000111011,-0.603079795,612,612,1101110000010
2139,0100001011011,-0.603079795,612,612,1101101000010
2203,0100010011011,-0.602659823,613,613,1101100100010
2283,0100011101011,-0.602659823,613,613,1101011100010
4155,1000000111011,-0.602239851,614,614,1101110000001
4187,1000001011011,-0.602239851,614,614,1101101000001
4251,1000010011011,-0.601819879,615,615,1101100100001
4331,1000011101011,-0.601819879,615,615,1101011100001
59,0000000111011,-0.601399907,616,616,1101110000000
91,0000001011011,-0.601399907,616,616,1101101000000
155,0000010011011,-0.600979935,617,617,1101100100000
235,0000011101011,-0.600979935,617,617,1101011100000
7963,1111100011011,-0.600139991,619,619,1101100011111
8043,1111101101011,-0.600139991,619,619,1101011011111
8107,1111110101011,-0.599720019,620,620,1101010111111
8139,1111111001011,-0.599720019,620,620,1101001111111
3867,0111100011011,-0.599300047,621,621,1101100011110
3947,0111101101011,-0.599300047,621,621,1101011011110
4011,0111110101011,-0.598880075,622,622,1101010111110
4043,0111111001011,-0.598880075,622,622,1101001111110
5915,1011100011011,-0.598460103,623,623,1101100011101
5995,1011101101011,-0.598460103,623,623,1101011011101
6059,1011110101011,-0.598040131,624,624,1101010111101
6091,1011111001011,-0.598040131,624,624,1101001111101
1819,0011100011011,-0.597620159,625,625,1101100011100
1899,0011101101011,-0.597620159,625,625,1101011011100
1963,0011110101011,-0.597200187,626,626,1101010111100
1995,0011111001011,-0.597200187,626,626,1101001111100
6939,1101100011011,-0.596780215,627,627,1101100011011
7019,1101101101011,-0.596780215,627,627,1101011011011
7083,1101110101011,-0.596360243,628,628,1101010111011
7115,1101111001011,-0.596360243,628,628,1101001111011
2843,0101100011011,-0.595940271,629,629,1101100011010
2923,0101101101011,-0.595940271,629,629,1101011011010
2987,0101110101011,-0.595520299,630,630,1101010111010
3019,0101111001011,-0.595520299,630,630,1101001111010
4891,1001100011011,-0.595100327,631,631,1101100011001
4971,1001101101011,-0.595100327,631,631,1101011011001
5035,1001110101011,-0.594680355,632,632,1101010111001
5067,1001111001011,-0.594680355,632,632,1101001111001
795,0001100011011,-0.594260383,633,633,1101100011000
875,0001101101011,-0.594260383,633,633,1101011011000
939,0001110101011,-0.593840411,634,634,1101010111000
971,0001111001011,-0.593840411,634,634,1101001111000
7451,1110100011011,-0.593420439,635,635,1101100010111
7531,1110101101011,-0.593420439,635,635,1101011010111
7595,1110110101011,-0.593000467,636,636,1101010110111
7627,1110111001011,-0.593000467,636,636,1101001110111
3355,0110100011011,-0.592580495,637,637,1101100010110
3435,0110101101011,-0.592580495,637,637,1101011010110
3499,0110110101011,-0.592160523,638,638,1101010110110
3531,0110111001011,-0.592160523,638,638,1101001110110
5403,1010100011011,-0.591740551,639,639,1101100010101
5483,1010101101011,-0.591740551,639,639,1101011010101
5547,1010110101011,-0.591320579,640,640,1101010110101
5579,1010111001011,-0.591320579,640,640,1101001110101
1307,0010100011011,-0.590900607,641,641,1101100010100
1387,0010101101011,-0.590900607,641,641,1101011010100
1451,0010110101011,-0.590480635,642,642,1101010110100
1483,0010111001011,-0.590480635,642,642,1101001110100
6427,1100100011011,-0.590060663,643,643,1101100010011
6507,1100101101011,-0.590060663,643,643,1101011010011
6571,1100110101011,-0.589640691,644,644,1101010110011
6603,1100111001011,-0.589640691,644,644,1101001110011
2331,0100100011011,-0.589220719,645,645,1101100010010
2411,0100101101011,-0.589220719,645,645,1101011010010
2475,0100110101011,-0.588800747,646,646,1101010110010
2507,0100111001011,-0.588800747,646,646,1101001110010
4379,1000100011011,-0.588380775,647,647,1101100010001
4459,1000101101011,-0.588380775,647,647,1101011010001
4523,1000110101011,-0.587960803,648,648,1101010110001
4555,1000111001011,-0.587960803,648,648,1101001110001
283,0000100011011,-0.587540831,649,649,1101100010000
363,0000101101011,-0.587540831,649,649,1101011010000
427,0000110101011,-0.587120859,650,650,1101010110000
459,0000111001011,-0.587120859,650,650,1101001110000
7707,1111000011011,-0.586700887,651,651,1101100001111
7787,1111001101011,-0.586700887,651,651,1101011001111
7851,1111010101011,-0.586280915,652,652,1101010101111
7883,1111011001011,-0.586280915,652,652,1101001101111
3611,0111000011011,-0.585860943,653,653,1101100001110
3691,0111001101011,-0.585860943,653,653,1101011001110
3755,0111010101011,-0.585440971,654,654,1101010101110
3787,0111011001011,-0.585440971,654,654,1101001101110
5659,1011000011011,-0.585020999,655,655,1101100001101
5739,1011001101011,-0.585020999,655,655,1101011001101
5803,1011010101011,-0.584601027,656,656,1101010101101
5835,1011011001011,-0.584601027,656,656,1101001101101
1563,0011000011011,-0.584181055,657,657,1101100001100
1643,0011001101011,-0.584181055,657,657,1101011001100
1707,0011010101011,-0.583761083,658,658,1101010101100
1739,0011011001011,-0.583761083,658,658,1101001101100
6683,1101000011011,-0.583341111,659,659,1101100001011
6763,1101001101011,-0.583341111,659,659,1101011001011
6827,1101010101011,-0.582921139,660,660,1101010101011
6859,1101011001011,-0.582921139,660,660,1101001101011
2587,0101000011011,-0.582501167,661,661,1101100001010
2667,0101001101011,-0.582501167,661,661,1101011001010
2731,0101010101011,-0.582081195,662,662,1101010101010
2763,0101011001011,-0.582081195,662,662,1101001101010
4635,1001000011011,-0.581661223,663,663,1101100001001
4715,1001001101011,-0.581661223,663,663,1101011001001
4779,1001010101011,-0.581241251,664,664,1101010101001
4811,1001011001011,-0.581241251,664,664,1101001101001
539,0001000011011,-0.580821279,665,665,1101100001000
619,0001001101011,-0.580821279,665,665,1101011001000
683,0001010101011,-0.580401307,666,666,1101010101000
715,0001011001011,-0.580401307,666,666,1101001101000
7195,1110000011011,-0.579981335,667,667,1101100000111
7275,1110001101011,-0.579981335,667,667,1101011000111
7339,1110010101011,-0.579561363,668,668,1101010100111
7371,1110011001011,-0.579561363,668,668,1101001100111
3099,0110000011011,-0.579141391,669,669,1101100000110
3179,0110001101011,-0.579141391,669,669,1101011000110
3243,0110010101011,-0.578721419,670,670,1101010100110
3275,0110011001011,-0.578721419,670,670,1101001100110
5147,1010000011011,-0.578301447,671,671,1101100000101
5227,1010001101011,-0.578301447,671,671,1101011000101
5291,1010010101011,-0.577881475,672,672,1101010100101
5323,1010011001011,-0.577881475,672,672,1101001100101
1051,0010000011011,-0.577461503,673,673,1101100000100
1131,0010001101011,-0.577461503,673,673,1101011000100
1195,0010010101011,-0.577041531,674,674,1101010100100
1227,0010011001011,-0.577041531,674,674,1101001100100
6171,1100000011011,-0.576621559,675,675,1101100000011
6251,1100001101011,-0.576621559,675,675,1101011000011
6315,1100010101011,-0.576201587,676,676,1101010100011
6347,1100011001011,-0.576201587,676,676,1101001100011
2075,0100000011011,-0.575781615,677,677,1101100000010
2155,0100001101011,-0.575781615,677,677,1101011000010
2219,0100010101011,-0.575361643,678,678,1101010100010
2251,0100011001011,-0.575361643,678,678,1101001100010
4123,1000000011011,-0.574941671,679,679,1101100000001
4203,1000001101011,-0.574941671,679,679,1101011000001
4267,1000010101011,-0.574521699,680,680,1101010100001
4299,1000011001011,-0.574521699,680,680,1101001100001
27,0000000011011,-0.574101727,681,681,1101100000000
107,0000001101011,-0.574101727,681,681,1101011000000
171,0000010101011,-0.573681755,682,682,1101010100000
203,0000011001011,-0.573681755,682,682,1101001100000
7979,1111100101011,-0.572841811,684,684,1101010011111
8011,1111101001011,-0.572841811,684,684,1101001011111
8075,1111110001011,-0.572421839,685,685,1101000111111
8179,1111111110011,-0.572421839,685,685,1100111111111
3883,0111100101011,-0.572001867,686,686,1101010011110
3915,0111101001011,-0.572001867,686,686,1101001011110
3979,0111110001011,-0.571581895,687,687,1101000111110
4083,0111111110011,-0.571581895,687,687,1100111111110
5931,1011100101011,-0.571161923,688,688,1101010011101
5963,1011101001011,-0.571161923,688,688,1101001011101
6027,1011110001011,-0.570741951,689,689,1101000111101
6131,1011111110011,-0.570741951,689,689,1100111111101
1835,0011100101011,-0.570321979,690,690,1101010011100
1867,0011101001011,-0.570321979,690,690,1101001011100
1931,0011110001011,-0.569902007,691,691,1101000111100
2035,0011111110011,-0.569902007,691,691,1100111111100
6955,1101100101011,-0.569482035,692,692,1101010011011
6987,1101101001011,-0.569482035,692,692,1101001011011
7051,1101110001011,-0.569062063,693,693,1101000111011
7155,1101111110011,-0.569062063,693,693,1100111111011
2859,0101100101011,-0.568642091,694,694,1101010011010
2891,0101101001011,-0.568642091,694,694,1101001011010
2955,0101110001011,-0.568222119,695,695,1101000111010
3059,0101111110011,-0.568222119,695,695,1100111111010
4907,1001100101011,-0.567802147,696,696,1101010011001
4939,1001101001011,-0.567802147,696,696,1101001011001
5003,1001110001011,-0.567382175,697,697,1101000111001
5107,1001111110011,-0.567382175,697,697,1100111111001
811,0001100101011,-0.566962203,698,698,1101010011000
843,0001101001011,-0.566962203,698,698,1101001011000
907,0001110001011,-0.566542231,699,699,1101000111000
1011,0001111110011,-0.566542231,699,699,1100111111000
7467,1110100101011,-0.566122259,700,700,1101010010111
7499,1110101001011,-0.566122259,700,700,1101001010111
7563,1110110001011,-0.565702287,701,701,1101000110111
7667,1110111110011,-0.565702287,701,701,1100111110111
3371,0110100101011,-0.565282315,702,702,1101010010110
3403,0110101001011,-0.565282315,702,702,1101001010110
3467,0110110001011,-0.564862343,703,703,1101000110110
3571,0110111110011,-0.564862343,703,703,1100111110110
5419,1010100101011,-0.564442371,704,704,1101010010101
5451,1010101001011,-0.564442371,704,704,1101001010101
5515,1010110001011,-0.564022399,705,705,1101000110101
5619,1010111110011,-0.564022399,705,705,1100111110101
1323,0010100101011,-0.563602427,706,706,1101010010100
1355,0010101001011,-0.563602427,706,706,1101001010100
1419,0010110001011,-0.563182455,707,707,1101000110100
1523,0010111110011,-0.563182455,707,707,1100111110100
6443,1100100101011,-0.562762483,708,708,1101010010011
6475,1100101001011,-0.562762483,708,708,1101001010011
6539,1100110001011,-0.562342510,709,709,1101000110011
6643,1100111110011,-0.562342510,709,709,1100111110011
2347,0100100101011,-0.561922538,710,710,1101010010010
2379,0100101001011,-0.561922538,710,710,1101001010010
2443,0100110001011,-0.561502566,711,711,1101000110010
2547,0100111110011,-0.561502566,711,711,1100111110010
4395,1000100101011,-0.561082594,712,712,1101010010001
4427,1000101001011,-0.561082594,712,712,1101001010001
4491,1000110001011,-0.560662622,713,713,1101000110001
4595,1000111110011,-0.560662622,713,713,1100111110001
299,0000100101011,-0.560242650,714,714,1101010010000
331,0000101001011,-0.560242650,714,714,1101001010000
395,0000110001011,-0.559822678,715,715,1101000110000
499,0000111110011,-0.559822678,715,715,1100111110000
7723,1111000101011,-0.559402706,716,716,1101010001111
7755,1111001001011,-0.559402706,716,716,1101001001111
7819,1111010001011,-0.558982734,717,717,1101000101111
7923,1111011110011,-0.558982734,717,717,1100111101111
3627,0111000101011,-0.558562762,718,718,1101010001110
3659,0111001001011,-0.558562762,718,718,1101001001110
3723,0111010001011,-0.558142790,719,719,1101000101110
3827,0111011110011,-0.558142790,719,719,1100111101110
5675,1011000101011,-0.557722818,720,720,1101010001101
5707,1011001001011,-0.557722818,720,720,1101001001101
5771,1011010001011,-0.557302846,721,721,1101000101101
5875,1011011110011,-0.557302846,721,721,1100111101101
1579,0011000101011,-0.556882874,722,722,1101010001100
1611,0011001001011,-0.556882874,722,722,1101001001100
1675,0011010001011,-0.556462902,723,723,1101000101100
1779,0011011110011,-0.556462902,723,723,1100111101100
6699,1101000101011,-0.556042930,724,724,1101010001011
6731,1101001001011,-0.556042930,724,724,1101001001011
6795,1101010001011,-0.555622958,725,725,1101000101011
6899,1101011110011,-0.555622958,725,725,1100111101011
2603,0101000101011,-0.555202986,726,726,1101010001010
2635,0101001001011,-0.555202986,726,726,1101001001010
2699,0101010001011,-0.554783014,727,727,1101000101010
2803,0101011110011,-0.554783014,727,727,1100111101010
4651,1001000101011,-0.554363042,728,728,1101010001001
4683,1001001001011,-0.554363042,728,728,1101001001001
4747,1001010001011,-0.553943070,729,729,1101000101001
4851,1001011110011,-0.553943070,729,729,1100111101001
555,0001000101011,-0.553523098,730,730,1101010001000
587,0001001001011,-0.553523098,730,730,1101001001000
651,0001010001011,-0.553103126,731,731,1101000101000
755,0001011110011,-0.553103126,731,731,1100111101000
7211,1110000101011,-0.552683154,732,732,1101010000111
7243,1110001001011,-0.552683154,732,732,1101001000111
7307,1110010001011,-0.552263182,733,733,1101000100111
7411,1110011110011,-0.552263182,733,733,1100111100111
3115,0110000101011,-0.551843210,734,734,1101010000110
3147,0110001001011,-0.551843210,734,734,1101001000110
3211,0110010001011,-0.551423238,735,735,1101000100110
3315,0110011110011,-0.551423238,735,735,1100111100110
5163,1010000101011,-0.551003266,736,736,1101010000101
5195,1010001001011,-0.551003266,736,736,1101001000101
5259,1010010001011,-0.550583294,737,737,1101000100101
5363,1010011110011,-0.550583294,737,737,1100111100101
1067,0010000101011,-0.550163322,738,738,1101010000100
1099,0010001001011,-0.550163322,738,738,1101001000100
1163,0010010001011,-0.549743350,739,739,1101000100100
1267,0010011110011,-0.549743350,739,739,1100111100100
6187,1100000101011,-0.549323378,740,740,1101010000011
6219,1100001001011,-0.549323378,740,740,1101001000011
6283,1100010001011,-0.548903406,741,741,1101000100011
6387,1100011110011,-0.548903406,741,741,1100111100011
2091,0100000101011,-0.548483434,742,742,1101010000010
2123,0100001001011,-0.548483434,742,742,1101001000010
2187,0100010001011,-0.548063462,743,743,1101000100010
2291,0100011110011,-0.548063462,743,743,1100111100010
4139,1000000101011,-0.547643490,744,744,1101010000001
4171,1000001001011,-0.547643490,744,744,1101001000001
4235,1000010001011,-0.547223518,745,745,1101000100001
4339,1000011110011,-0.547223518,745,745,1100111100001
43,0000000101011,-0.546803546,746,746,1101010000000
75,0000001001011,-0.546803546,746,746,1101001000000
139,0000010001011,-0.546383574,747,747,1101000100000
243,0000011110011,-0.546383574,747,747,1100111100000
7947,1111100001011,-0.545543630,749,749,1101000011111
8051,1111101110011,-0.545543630,749,749,1100111011111
8115,1111110110011,-0.545123658,750,750,1100110111111
8147,1111111010011,-0.545123658,750,750,1100101111111
3851,0111100001011,-0.544703686,751,751,1101000011110
3955,0111101110011,-0.544703686,751,751,1100111011110
4019,0111110110011,-0.544283714,752,752,1100110111110
4051,0111111010011,-0.544283714,752,752,1100101111110
5899,1011100001011,-0.543863742,753,753,1101000011101
6003,1011101110011,-0.543863742,753,753,1100111011101
6067,1011110110011,-0.543443770,754,754,1100110111101
6099,1011111010011,-0.543443770,754,754,1100101111101
1803,0011100001011,-0.543023798,755,755,1101000011100
1907,0011101110011,-0.543023798,755,755,1100111011100
1971,0011110110011,-0.542603826,756,756,1100110111100
2003,0011111010011,-0.542603826,756,756,1100101111100
6923,1101100001011,-0.542183854,757,757,1101000011011
7027,1101101110011,-0.542183854,757,757,1100111011011
7091,1101110110011,-0.541763882,758,758,1100110111011
7123,1101111010011,-0.541763882,758,758,1100101111011
2827,0101100001011,-0.541343910,759,759,1101000011010
2931,0101101110011,-0.541343910,759,759,1100111011010
2995,0101110110011,-0.540923938,760,760,1100110111010
3027,0101111010011,-0.540923938,760,760,1100101111010
4875,1001100001011,-0.540503966,761,761,1101000011001
4979,1001101110011,-0.540503966,761,761,1100111011001
5043,1001110110011,-0.540083994,762,762,1100110111001
5075,1001111010011,-0.540083994,762,762,1100101111001
779,0001100001011,-0.539664022,763,763,1101000011000
883,0001101110011,-0.539664022,763,763,1100111011000
947,0001110110011,-0.539244050,764,764,1100110111000
979,0001111010011,-0.539244050,764,764,1100101111000
7435,1110100001011,-0.538824078,765,765,1101000010111
7539,1110101110011,-0.538824078,765,765,1100111010111
7603,1110110110011,-0.538404106,766,766,1100110110111
7635,1110111010011,-0.538404106,766,766,1100101110111
3339,0110100001011,-0.537984134,767,767,1101000010110
3443,0110101110011,-0.537984134,767,767,1100111010110
3507,0110110110011,-0.537564162,768,768,1100110110110
3539,0110111010011,-0.537564162,768,768,1100101110110
5387,1010100001011,-0.537144190,769,769,1101000010101
5491,1010101110011,-0.537144190,769,769,1100111010101
5555,1010110110011,-0.536724218,770,770,1100110110101
5587,1010111010011,-0.536724218,770,770,1100101110101
1291,0010100001011,-0.536304246,771,771,1101000010100
1395,0010101110011,-0.536304246,771,771,1100111010100
1459,0010110110011,-0.535884274,772,772,1100110110100
1491,0010111010011,-0.535884274,772,772,1100101110100
6411,1100100001011,-0.535464302,773,773,1101000010011
6515,1100101110011,-0.535464302,773,773,1100111010011
6579,1100110110011,-0.535044330,774,774,1100110110011
6611,1100111010011,-0.535044330,774,774,1100101110011
2315,0100100001011,-0.534624358,775,775,1101000010010
2419,0100101110011,-0.534624358,775,775,1100111010010
2483,0100110110011,-0.534204386,776,776,1100110110010
2515,0100111010011,-0.534204386,776,776,1100101110010
4363,1000100001011,-0.533784414,777,777,1101000010001
4467,1000101110011,-0.533784414,777,777,1100111010001
4531,1000110110011,-0.533364442,778,778,1100110110001
4563,1000111010011,-0.533364442,778,778,1100101110001
267,0000100001011,-0.532944470,779,779,1101000010000
371,0000101110011,-0.532944470,779,779,1100111010000
435,0000110110011,-0.532524498,780,780,1100110110000
467,0000111010011,-0.532524498,780,780,1100101110000
7691,1111000001011,-0.532104526,781,781,1101000001111
7795,1111001110011,-0.532104526,781,781,1100111001111
7859,1111010110011,-0.531684554,782,782,1100110101111
7891,1111011010011,-0.531684554,782,782,1100101101111
3595,0111000001011,-0.531264582,783,783,1101000001110
3699,0111001110011,-0.531264582,783,783,1100111001110
3763,0111010110011,-0.530844610,784,784,1100110101110
3795,0111011010011,-0.530844610,784,784,1100101101110
5643,1011000001011,-0.530424638,785,785,1101000001101
5747,1011001110011,-0.530424638,785,785,1100111001101
5811,1011010110011,-0.530004666,786,786,1100110101101
5843,1011011010011,-0.530004666,786,786,1100101101101
1547,0011000001011,-0.529584694,787,787,1101000001100
1651,0011001110011,-0.529584694,787,787,1100111001100
1715,0011010110011,-0.529164722,788,788,1100110101100
1747,0011011010011,-0.529164722,788,788,1100101101100
6667,1101000001011,-0.528744750,789,789,1101000001011
6771,1101001110011,-0.528744750,789,789,1100111001011
6835,1101010110011,-0.528324778,790,790,1100110101011
6867,1101011010011,-0.528324778,790,790,1100101101011
2571,0101000001011,-0.527904806,791,791,1101000001010
2675,0101001110011,-0.527904806,791,791,1100111001010
2739,0101010110011,-0.527484834,792,792,1100110101010
2771,0101011010011,-0.527484834,792,792,1100101101010
4619,1001000001011,-0.527064862,793,793,1101000001001
4723,1001001110011,-0.527064862,793,793,1100111001001
4787,1001010110011,-0.526644890,794,794,1100110101001
4819,1001011010011,-0.526644890,794,794,1100101101001
523,0001000001011,-0.526224918,795,795,1101000001000
627,0001001110011,-0.526224918,795,795,1100111001000
691,0001010110011,-0.525804946,796,796,1100110101000
723,0001011010011,-0.525804946,796,796,1100101101000
7179,1110000001011,-0.525384974,797,797,1101000000111
7283,1110001110011,-0.525384974,797,797,1100111000111
7347,1110010110011,-0.524965002,798,798,1100110100111
7379,1110011010011,-0.524965002,798,798,1100101100111
3083,0110000001011,-0.524545030,799,799,1101000000110
3187,0110001110011,-0.524545030,799,799,1100111000110
3251,0110010110011,-0.524125058,800,800,1100110100110
3283,0110011010011,-0.524125058,800,800,1100101100110
5131,1010000001011,-0.523705086,801,801,1101000000101
5235,1010001110011,-0.523705086,801,801,1100111000101
5299,1010010110011,-0.523285114,802,802,1100110100101
5331,1010011010011,-0.523285114,802,802,1100101100101
1035,0010000001011,-0.522865142,803,803,1101000000100
1139,0010001110011,-0.522865142,803,803,1100111000100
1203,0010010110011,-0.522445170,804,804,1100110100100
1235,0010011010011,-0.522445170,804,804,1100101100100
6155,1100000001011,-0.522025198,805,805,1101000000011
6259,1100001110011,-0.522025198,805,805,1100111000011
6323,1100010110011,-0.521605226,806,806,1100110100011
6355,1100011010011,-0.521605226,806,806,1100101100011
2059,0100000001011,-0.521185254,807,807,1101000000010
2163,0100001110011,-0.521185254,807,807,1100111000010
2227,0100010110011,-0.520765282,808,808,1100110100010
2259,0100011010011,-0.520765282,808,808,1100101100010
4107,1000000001011,-0.520345310,809,809,1101000000001
4211,1000001110011,-0.520345310,809,809,1100111000001
4275,1000010110011,-0.519925338,810,810,1100110100001
4307,1000011010011,-0.519925338,810,810,1100101100001
11,0000000001011,-0.519505366,811,811,1101000000000
115,0000001110011,-0.519505366,811,811,1100111000000
179,0000010110011,-0.519085394,812,812,1100110100000
211,0000011010011,-0.519085394,812,812,1100101100000
7987,1111100110011,-0.518245450,814,814,1100110011111
8019,1111101010011,-0.518245450,814,814,1100101011111
8083,1111110010011,-0.517825478,815,815,1100100111111
8163,1111111100011,-0.517825478,815,815,1100011111111
3891,0111100110011,-0.517405506,816,816,1100110011110
3923,0111101010011,-0.517405506,816,816,1100101011110
3987,0111110010011,-0.516985534,817,817,1100100111110
4067,0111111100011,-0.516985534,817,817,1100011111110
5939,1011100110011,-0.516565562,818,818,1100110011101
5971,1011101010011,-0.516565562,818,818,1100101011101
6035,1011110010011,-0.516145590,819,819,1100100111101
6115,1011111100011,-0.516145590,819,819,1100011111101
1843,0011100110011,-0.515725618,820,820,1100110011100
1875,0011101010011,-0.515725618,820,820,1100101011100
1939,0011110010011,-0.515305646,821,821,1100100111100
2019,0011111100011,-0.515305646,821,821,1100011111100
6963,1101100110011,-0.514885674,822,822,1100110011011
6995,1101101010011,-0.514885674,822,822,1100101011011
7059,1101110010011,-0.514465702,823,823,1100100111011
7139,1101111100011,-0.514465702,823,823,1100011111011
2867,0101100110011,-0.514045730,824,824,1100110011010
2899,0101101010011,-0.514045730,824,824,1100101011010
2963,0101110010011,-0.513625758,825,825,1100100111010
3043,0101111100011,-0.513625758,825,825,1100011111010
4915,1001100110011,-0.513205786,826,826,1100110011001
4947,1001101010011,-0.513205786,826,826,1100101011001
5011,1001110010011,-0.512785814,827,827,1100100111001
5091,1001111100011,-0.512785814,827,827,1100011111001
819,0001100110011,-0.512365842,828,828,1100110011000
851,0001101010011,-0.512365842,828,828,1100101011000
915,0001110010011,-0.511945870,829,829,1100100111000
995,0001111100011,-0.511945870,829,829,1100011111000
7475,1110100110011,-0.511525898,830,830,1100110010111
7507,1110101010011,-0.511525898,830,830,1100101010111
7571,1110110010011,-0.511105926,831,831,1100100110111
7651,1110111100011,-0.511105926,831,831,1100011110111
3379,0110100110011,-0.510685954,832,832,1100110010110
3411,0110101010011,-0.510685954,832,832,1100101010110
3475,0110110010011,-0.510265982,833,833,1100100110110
3555,0110111100011,-0.510265982,833,833,1100011110110
5427,1010100110011,-0.509846010,834,834,1100110010101
5459,1010101010011,-0.509846010,834,834,1100101010101
5523,1010110010011,-0.509426038,835,835,1100100110101
5603,1010111100011,-0.509426038,835,835,1100011110101
1331,0010100110011,-0.509006066,836,836,1100110010100
1363,0010101010011,-0.509006066,836,836,1100101010100
1427,0010110010011,-0.508586094,837,837,1100100110100
1507,0010111100011,-0.508586094,837,837,1100011110100
6451,1100100110011,-0.508166122,838,838,1100110010011
6483,1100101010011,-0.508166122,838,838,1100101010011
6547,1100110010011,-0.507746150,839,839,1100100110011
6627,1100111100011,-0.507746150,839,839,1100011110011
2355,0100100110011,-0.507326178,840,840,1100110010010
2387,0100101010011,-0.507326178,840,840,1100101010010
2451,0100110010011,-0.506906206,841,841,1100100110010
2531,0100111100011,-0.506906206,841,841,1100011110010
4403,1000100110011,-0.506486234,842,842,1100110010001
4435,1000101010011,-0.506486234,842,842,1100101010001
4499,1000110010011,-0.506066262,843,843,1100100110001
4579,1000111100011,-0.506066262,843,843,1100011110001
307,0000100110011,-0.505646290,844,844,1100110010000
339,0000101010011,-0.505646290,844,844,1100101010000
403,0000110010011,-0.505226318,845,845,1100100110000
483,0000111100011,-0.505226318,845,845,1100011110000
7731,1111000110011,-0.504806346,846,846,1100110001111
7763,1111001010011,-0.504806346,846,846,1100101001111
7827,1111010010011,-0.504386374,847,847,1100100101111
7907,1111011100011,-0.504386374,847,847,1100011101111
3635,0111000110011,-0.503966402,848,848,1100110001110
3667,0111001010011,-0.503966402,848,848,1100101001110
3731,0111010010011,-0.503546430,849,849,1100100101110
3811,0111011100011,-0.503546430,849,849,1100011101110
5683,1011000110011,-0.503126458,850,850,1100110001101
5715,1011001010011,-0.503126458,850,850,1100101001101
5779,1011010010011,-0.502706486,851,851,1100100101101
5859,1011011100011,-0.502706486,851,851,1100011101101
1587,0011000110011,-0.502286514,852,852,1100110001100
1619,0011001010011,-0.502286514,852,852,1100101001100
1683,0011010010011,-0.501866542,853,853,1100100101100
1763,0011011100011,-0.501866542,853,853,1100011101100
6707,1101000110011,-0.501446570,854,854,1100110001011
6739,1101001010011,-0.501446570,854,854,1100101001011
6803,1101010010011,-0.501026598,855,855,1100100101011
6883,1101011100011,-0.501026598,855,855,1100011101011
2611,0101000110011,-0.500606626,856,856,1100110001010
2643,0101001010011,-0.500606626,856,856,1100101001010
2707,0101010010011,-0.500186654,857,857,1100100101010
2787,0101011100011,-0.500186654,857,857,1100011101010
4659,1001000110011,-0.499766682,858,858,1100110001001
4691,1001001010011,-0.499766682,858,858,1100101001001
4755,1001010010011,-0.499346710,859,859,1100100101001
4835,1001011100011,-0.499346710,859,859,1100011101001
563,0001000110011,-0.498926738,860,860,1100110001000
595,0001001010011,-0.498926738,860,860,1100101001000
659,0001010010011,-0.498506766,861,861,1100100101000
739,0001011100011,-0.498506766,861,861,1100011101000
7219,1110000110011,-0.498086794,862,862,1100110000111
7251,1110001010011,-0.498086794,862,862,1100101000111
7315,1110010010011,-0.497666822,863,863,1100100100111
7395,1110011100011,-0.497666822,863,863,1100011100111
3123,0110000110011,-0.497246850,864,864,1100110000110
3155,0110001010011,-0.497246850,864,864,1100101000110
3219,0110010010011,-0.496826878,865,865,1100100100110
3299,0110011100011,-0.496826878,865,865,1100011100110
5171,1010000110011,-0.496406906,866,866,1100110000101
5203,1010001010011,-0.496406906,866,866,1100101000101
5267,1010010010011,-0.495986934,867,867,1100100100101
5347,1010011100011,-0.495986934,867,867,1100011100101
1075,0010000110011,-0.495566962,868,868,1100110000100
1107,0010001010011,-0.495566962,868,868,1100101000100
1171,0010010010011,-0.495146990,869,869,1100100100100
1251,0010011100011,-0.495146990,869,869,1100011100100
6195,1100000110011,-0.494727018,870,870,1100110000011
6227,1100001010011,-0.494727018,870,870,1100101000011
6291,1100010010011,-0.494307046,871,871,1100100100011
6371,1100011100011,-0.494307046,871,871,1100011100011
2099,0100000110011,-0.493887074,872,872,1100110000010
2131,0100001010011,-0.493887074,872,872,1100101000010
2195,0100010010011,-0.493467102,873,873,1100100100010
2275,0100011100011,-0.493467102,873,873,1100011100010
4147,1000000110011,-0.493047130,874,874,1100110000001
4179,1000001010011,-0.493047130,874,874,1100101000001
4243,1000010010011,-0.492627158,875,875,1100100100001
4323,1000011100011,-0.492627158,875,875,1100011100001
51,0000000110011,-0.492207186,876,876,1100110000000
83,0000001010011,-0.492207186,876,876,1100101000000
147,0000010010011,-0.491787214,877,877,1100100100000
227,0000011100011,-0.491787214,877,877,1100011100000
7955,1111100010011,-0.490947270,879,879,1100100011111
8035,1111101100011,-0.490947270,879,879,1100011011111
8099,1111110100011,-0.490527298,880,880,1100010111111
8131,1111111000011,-0.490527298,880,880,1100001111111
3859,0111100010011,-0.490107326,881,881,1100100011110
3939,0111101100011,-0.490107326,881,881,1100011011110
4003,0111110100011,-0.489687354,882,882,1100010111110
4035,0111111000011,-0.489687354,882,882,1100001111110
5907,1011100010011,-0.489267382,883,883,1100100011101
5987,1011101100011,-0.489267382,883,883,1100011011101
6051,1011110100011,-0.488847410,884,884,1100010111101
6083,1011111000011,-0.488847410,884,884,1100001111101
1811,0011100010011,-0.488427438,885,885,1100100011100
1891,0011101100011,-0.488427438,885,885,1100011011100
1955,0011110100011,-0.488007466,886,886,1100010111100
1987,0011111000011,-0.488007466,886,886,1100001111100
6931,1101100010011,-0.487587494,887,887,1100100011011
7011,1101101100011,-0.487587494,887,887,1100011011011
7075,1101110100011,-0.487167522,888,888,1100010111011
7107,1101111000011,-0.487167522,888,888,1100001111011
2835,0101100010011,-0.486747550,889,889,1100100011010
2915,0101101100011,-0.486747550,889,889,1100011011010
2979,0101110100011,-0.486327578,890,890,1100010111010
3011,0101111000011,-0.486327578,890,890,1100001111010
4883,1001100010011,-0.485907606,891,891,1100100011001
4963,1001101100011,-0.485907606,891,891,1100011011001
5027,1001110100011,-0.485487634,892,892,1100010111001
5059,1001111000011,-0.485487634,892,892,1100001111001
787,0001100010011,-0.485067662,893,893,1100100011000
867,0001101100011,-0.485067662,893,893,1100011011000
931,0001110100011,-0.484647690,894,894,1100010111000
963,0001111000011,-0.484647690,894,894,1100001111000
7443,1110100010011,-0.484227718,895,895,1100100010111
7523,1110101100011,-0.484227718,895,895,1100011010111
7587,1110110100011,-0.483807746,896,896,1100010110111
7619,1110111000011,-0.483807746,896,896,1100001110111
3347,0110100010011,-0.483387774,897,897,1100100010110
3427,0110101100011,-0.483387774,897,897,1100011010110
3491,0110110100011,-0.482967802,898,898,1100010110110
3523,0110111000011,-0.482967802,898,898,1100001110110
5395,1010100010011,-0.482547830,899,899,1100100010101
5475,1010101100011,-0.482547830,899,899,1100011010101
5539,1010110100011,-0.482127858,900,900,1100010110101
5571,1010111000011,-0.482127858,900,900,1100001110101
1299,0010100010011,-0.481707886,901,901,1100100010100
1379,0010101100011,-0.481707886,901,901,1100011010100
1443,0010110100011,-0.481287914,902,902,1100010110100
1475,0010111000011,-0.481287914,902,902,1100001110100
6419,1100100010011,-0.480867942,903,903,1100100010011
6499,1100101100011,-0.480867942,903,903,1100011010011
6563,1100110100011,-0.480447970,904,904,1100010110011
6595,1100111000011,-0.480447970,904,904,1100001110011
2323,0100100010011,-0.480027998,905,905,1100100010010
2403,0100101100011,-0.480027998,905,905,1100011010010
2467,0100110100011,-0.479608026,906,906,1100010110010
2499,0100111000011,-0.479608026,906,906,1100001110010
4371,1000100010011,-0.479188054,907,907,1100100010001
4451,1000101100011,-0.479188054,907,907,1100011010001
4515,1000110100011,-0.478768082,908,908,1100010110001
4547,1000111000011,-0.478768082,908,908,1100001110001
275,0000100010011,-0.478348110,909,909,1100100010000
355,0000101100011,-0.478348110,909,909,1100011010000
419,0000110100011,-0.477928138,910,910,1100010110000
451,0000111000011,-0.477928138,910,910,1100001110000
7699,1111000010011,-0.477508166,911,911,1100100001111
7779,1111001100011,-0.477508166,911,911,1100011001111
7843,1111010100011,-0.477088194,912,912,1100010101111
7875,1111011000011,-0.477088194,912,912,1100001101111
3603,0111000010011,-0.476668222,913,913,1100100001110
3683,0111001100011,-0.476668222,913,913,1100011001110
3747,0111010100011,-0.476248250,914,914,1100010101110
3779,0111011000011,-0.476248250,914,914,1100001101110
5651,1011000010011,-0.475828278,915,915,1100100001101
5731,1011001100011,-0.475828278,915,915,1100011001101
5795,1011010100011,-0.475408306,916,916,1100010101101
5827,1011011000011,-0.475408306,916,916,1100001101101
1555,0011000010011,-0.474988334,917,917,1100100001100
1635,0011001100011,-0.474988334,917,917,1100011001100
1699,0011010100011,-0.474568362,918,918,1100010101100
1731,0011011000011,-0.474568362,918,918,1100001101100
6675,1101000010011,-0.474148390,919,919,1100100001011
6755,1101001100011,-0.474148390,919,919,1100011001011
6819,1101010100011,-0.473728418,920,920,1100010101011
6851,1101011000011,-0.473728418,920,920,1100001101011
2579,0101000010011,-0.473308446,921,921,1100100001010
2659,0101001100011,-0.473308446,921,921,1100011001010
2723,0101010100011,-0.472888474,922,922,1100010101010
2755,0101011000011,-0.472888474,922,922,1100001101010
4627,1001000010011,-0.472468502,923,923,1100100001001
4707,1001001100011,-0.472468502,923,923,1100011001001
4771,1001010100011,-0.472048530,924,924,1100010101001
4803,1001011000011,-0.472048530,924,924,1100001101001
531,0001000010011,-0.471628558,925,925,1100100001000
611,0001001100011,-0.471628558,925,925,1100011001000
675,0001010100011,-0.471208586,926,926,1100010101000
707,0001011000011,-0.471208586,926,926,1100001101000
7187,1110000010011,-0.470788614,927,927,1100100000111
7267,1110001100011,-0.470788614,927,927,1100011000111
7331,1110010100011,-0.470368642,928,928,1100010100111
7363,1110011000011,-0.470368642,928,928,1100001100111
3091,0110000010011,-0.469948670,929,929,1100100000110
3171,0110001100011,-0.469948670,929,929,1100011000110
3235,0110010100011,-0.469528698,930,930,1100010100110
3267,0110011000011,-0.469528698,930,930,1100001100110
5139,1010000010011,-0.469108726,931,931,1100100000101
5219,1010001100011,-0.469108726,931,931,1100011000101
5283,1010010100011,-0.468688754,932,932,1100010100101
5315,1010011000011,-0.468688754,932,932,1100001100101
1043,0010000010011,-0.468268782,933,933,1100100000100
1123,0010001100011,-0.468268782,933,933,1100011000100
1187,0010010100011,-0.467848810,934,934,1100010100100
1219,0010011000011,-0.467848810,934,934,1100001100100
6163,1100000010011,-0.467428838,935,935,1100100000011
6243,1100001100011,-0.467428838,935,935,1100011000011
6307,1100010100011,-0.467008866,936,936,1100010100011
6339,1100011000011,-0.467008866,936,936,1100001100011
2067,0100000010011,-0.466588894,937,937,1100100000010
2147,0100001100011,-0.466588894,937,937,1100011000010
2211,0100010100011,-0.466168922,938,938,1100010100010
2243,0100011000011,-0.466168922,938,938,1100001100010
4115,1000000010011,-0.465748950,939,939,1100100000001
4195,1000001100011,-0.465748950,939,939,1100011000001
4259,1000010100011,-0.465328978,940,940,1100010100001
4291,1000011000011,-0.465328978,940,940,1100001100001
19,0000000010011,-0.464909006,941,941,1100100000000
99,0000001100011,-0.464909006,941,941,1100011000000
163,0000010100011,-0.464489034,942,942,1100010100000
195,0000011000011,-0.464489034,942,942,1100001100000
7971,1111100100011,-0.463649090,944,944,1100010011111
8003,1111101000011,-0.463649090,944,944,1100001011111
8067,1111110000011,-0.463229118,945,945,1100000111111
8189,1111111111101,-0.463229118,945,945,1011111111111
3875,0111100100011,-0.462809146,946,946,1100010011110
3907,0111101000011,-0.462809146,946,946,1100001011110
3971,0111110000011,-0.462389174,947,947,1100000111110
4093,0111111111101,-0.462389174,947,947,1011111111110
5923,1011100100011,-0.461969202,948,948,1100010011101
5955,1011101000011,-0.461969202,948,948,1100001011101
6019,1011110000011,-0.461549230,949,949,1100000111101
6141,1011111111101,-0.461549230,949,949,1011111111101
1827,0011100100011,-0.461129258,950,950,1100010011100
1859,0011101000011,-0.461129258,950,950,1100001011100
1923,0011110000011,-0.460709286,951,951,1100000111100
2045,0011111111101,-0.460709286,951,951,1011111111100
6947,1101100100011,-0.460289314,952,952,1100010011011
6979,1101101000011,-0.460289314,952,952,1100001011011
7043,1101110000011,-0.459869342,953,953,1100000111011
7165,1101111111101,-0.459869342,953,953,1011111111011
2851,0101100100011,-0.459449370,954,954,1100010011010
2883,0101101000011,-0.459449370,954,954,1100001011010
2947,0101110000011,-0.459029398,955,955,1100000111010
3069,0101111111101,-0.459029398,955,955,1011111111010
4899,1001100100011,-0.458609426,956,956,1100010011001
4931,1001101000011,-0.458609426,956,956,1100001011001
4995,1001110000011,-0.458189454,957,957,1100000111001
5117,1001111111101,-0.458189454,957,957,1011111111001
803,0001100100011,-0.457769482,958,958,1100010011000
835,0001101000011,-0.457769482,958,958,1100001011000
899,0001110000011,-0.457349510,959,959,1100000111000
1021,0001111111101,-0.457349510,959,959,1011111111000
7459,1110100100011,-0.456929538,960,960,1100010010111
7491,1110101000011,-0.456929538,960,960,1100001010111
7555,1110110000011,-0.456509566,961,961,1100000110111
7677,1110111111101,-0.456509566,961,961,1011111110111
3363,0110100100011,-0.456089594,962,962,1100010010110
3395,0110101000011,-0.456089594,962,962,1100001010110
3459,0110110000011,-0.455669622,963,963,1100000110110
3581,0110111111101,-0.455669622,963,963,1011111110110
5411,1010100100011,-0.455249650,964,964,1100010010101
5443,1010101000011,-0.455249650,964,964,1100001010101
5507,1010110000011,-0.454829678,965,965,1100000110101
5629,1010111111101,-0.454829678,965,965,1011111110101
1315,0010100100011,-0.454409706,966,966,1100010010100
1347,0010101000011,-0.454409706,966,966,1100001010100
1411,0010110000011,-0.453989734,967,967,1100000110100
1533,0010111111101,-0.453989734,967,967,1011111110100
6435,1100100100011,-0.453569762,968,968,1100010010011
6467,1100101000011,-0.453569762,968,968,1100001010011
6531,1100110000011,-0.453149790,969,969,1100000110011
6653,1100111111101,-0.453149790,969,969,1011111110011
2339,0100100100011,-0.452729818,970,970,1100010010010
2371,0100101000011,-0.452729818,970,970,1100001010010
2435,0100110000011,-0.452309846,971,971,1100000110010
2557,0100111111101,-0.452309846,971,971,1011111110010
4387,1000100100011,-0.451889874,972,972,1100010010001
4419,1000101000011,-0.451889874,972,972,1100001010001
4483,1000110000011,-0.451469902,973,973,1100000110001
4605,1000111111101,-0.451469902,973,973,1011111110001
291,0000100100011,-0.451049930,974,974,1100010010000
323,0000101000011,-0.451049930,974,974,1100001010000
387,0000110000011,-0.450629958,975,975,1100000110000
509,0000111111101,-0.450629958,975,975,1011111110000
7715,1111000100011,-0.450209986,976,976,1100010001111
7747,1111001000011,-0.450209986,976,976,1100001001111
7811,1111010000011,-0.449790014,977,977,1100000101111
7933,1111011111101,-0.449790014,977,977,1011111101111
3619,0111000100011,-0.449370042,978,978,1100010001110
3651,0111001000011,-0.449370042,978,978,1100001001110
3715,0111010000011,-0.448950070,979,979,1100000101110
3837,0111011111101,-0.448950070,979,979,1011111101110
5667,1011000100011,-0.448530098,980,980,1100010001101
5699,1011001000011,-0.448530098,980,980,1100001001101
5763,1011010000011,-0.448110126,981,981,1100000101101
5885,1011011111101,-0.448110126,981,981,1011111101101
1571,0011000100011,-0.447690154,982,982,1100010001100
1603,0011001000011,-0.447690154,982,982,1100001001100
1667,0011010000011,-0.447270182,983,983,1100000101100
1789,0011011111101,-0.447270182,983,983,1011111101100
6691,1101000100011,-0.446850210,984,984,1100010001011
6723,1101001000011,-0.446850210,984,984,1100001001011
6787,1101010000011,-0.446430238,985,985,1100000101011
6909,1101011111101,-0.446430238,985,985,1011111101011
2595,0101000100011,-0.446010266,986,986,1100010001010
2627,0101001000011,-0.446010266,986,986,1100001001010
2691,0101010000011,-0.445590294,987,987,1100000101010
2813,0101011111101,-0.445590294,987,987,1011111101010
4643,1001000100011,-0.445170322,988,988,1100010001001
4675,1001001000011,-0.445170322,988,988,1100001001001
4739,1001010000011,-0.444750350,989,989,1100000101001
4861,1001011111101,-0.444750350,989,989,1011111101001
547,0001000100011,-0.444330378,990,990,1100010001000
579,0001001000011,-0.444330378,990,990,1100001001000
643,0001010000011,-0.443910406,991,991,1100000101000
765,0001011111101,-0.443910406,991,991,1011111101000
7203,1110000100011,-0.443490434,992,992,1100010000111
7235,1110001000011,-0.443490434,992,992,1100001000111
7299,1110010000011,-0.443070462,993,993,1100000100111
7421,1110011111101,-0.443070462,993,993,1011111100111
3107,0110000100011,-0.442650490,994,994,1100010000110
3139,0110001000011,-0.442650490,994,994,1100001000110
3203,0110010000011,-0.442230518,995,995,1100000100110
3325,0110011111101,-0.442230518,995,995,1011111100110
5155,1010000100011,-0.441810546,996,996,1100010000101
5187,1010001000011,-0.441810546,996,996,1100001000101
5251,1010010000011,-0.441390574,997,997,1100000100101
5373,1010011111101,-0.441390574,997,997,1011111100101
1059,0010000100011,-0.440970602,998,998,1100010000100
1091,0010001000011,-0.440970602,998,998,1100001000100
1155,0010010000011,-0.440550630,999,999,1100000100100
1277,0010011111101,-0.440550630,999,999,1011111100100
6179,1100000100011,-0.440130658,1000,1000,1100010000011
6211,1100001000011,-0.440130658,1000,1000,1100001000011
6275,1100010000011,-0.439710686,1001,1001,1100000100011
6397,1100011111101,-0.439710686,1001,1001,1011111100011
2083,0100000100011,-0.439290714,1002,1002,1100010000010
2115,0100001000011,-0.439290714,1002,1002,1100001000010
2179,0100010000011,-0.438870742,1003,1003,1100000100010
2301,0100011111101,-0.438870742,1003,1003,1011111100010
4131,1000000100011,-0.438450770,1004,1004,1100010000001
4163,1000001000011,-0.438450770,1004,1004,1100001000001
4227,1000010000011,-0.438030798,1005,1005,1100000100001
4349,1000011111101,-0.438030798,1005,1005,1011111100001
35,0000000100011,-0.437610826,1006,1006,1100010000000
67,0000001000011,-0.437610826,1006,1006,1100001000000
131,0000010000011,-0.437190854,1007,1007,1100000100000
253,0000011111101,-0.437190854,1007,1007,1011111100000
7939,1111100000011,-0.436350910,1009,1009,1100000011111
8061,1111101111101,-0.436350910,1009,1009,1011111011111
8125,1111110111101,-0.435930938,1010,1010,1011110111111
8157,1111111011101,-0.435930938,1010,1010,1011101111111
3843,0111100000011,-0.435510966,1011,1011,1100000011110
3965,0111101111101,-0.435510966,1011,1011,1011111011110
4029,0111110111101,-0.435090994,1012,1012,1011110111110
4061,0111111011101,-0.435090994,1012,1012,1011101111110
5891,1011100000011,-0.434671022,1013,1013,1100000011101
6013,1011101111101,-0.434671022,1013,1013,1011111011101
6077,1011110111101,-0.434251050,1014,1014,1011110111101
6109,1011111011101,-0.434251050,1014,1014,1011101111101
1795,0011100000011,-0.433831078,1015,1015,1100000011100
1917,0011101111101,-0.433831078,1015,1015,1011111011100
1981,0011110111101,-0.433411106,1016,1016,1011110111100
2013,0011111011101,-0.433411106,1016,1016,1011101111100
6915,1101100000011,-0.432991134,1017,1017,1100000011011
7037,1101101111101,-0.432991134,1017,1017,1011111011011
7101,1101110111101,-0.432571162,1018,1018,1011110111011
7133,1101111011101,-0.432571162,1018,1018,1011101111011
2819,0101100000011,-0.432151190,1019,1019,1100000011010
2941,0101101111101,-0.432151190,1019,1019,1011111011010
3005,0101110111101,-0.431731218,1020,1020,1011110111010
3037,0101111011101,-0.431731218,1020,1020,1011101111010
4867,1001100000011,-0.431311246,1021,1021,1100000011001
4989,1001101111101,-0.431311246,1021,1021,1011111011001
5053,1001110111101,-0.430891274,1022,1022,1011110111001
5085,1001111011101,-0.430891274,1022,1022,1011101111001
771,0001100000011,-0.430471302,1023,1023,1100000011000
893,0001101111101,-0.430471302,1023,1023,1011111011000
957,0001110111101,-0.430051330,1024,1024,1011110111000
989,0001111011101,-0.430051330,1024,1024,1011101111000
7427,1110100000011,-0.429631358,1025,1025,1100000010111
7549,1110101111101,-0.429631358,1025,1025,1011111010111
7613,1110110111101,-0.429211386,1026,1026,1011110110111
7645,1110111011101,-0.429211386,1026,1026,1011101110111
3331,0110100000011,-0.428791414,1027,1027,1100000010110
3453,0110101111101,-0.428791414,1027,1027,1011111010110
3517,0110110111101,-0.428371442,1028,1028,1011110110110
3549,0110111011101,-0.428371442,1028,1028,1011101110110
5379,1010100000011,-0.427951470,1029,1029,1100000010101
5501,1010101111101,-0.427951470,1029,1029,1011111010101
5565,1010110111101,-0.427531498,1030,1030,1011110110101
5597,1010111011101,-0.427531498,1030,1030,1011101110101
1283,0010100000011,-0.427111526,1031,1031,1100000010100
1405,0010101111101,-0.427111526,1031,1031,1011111010100
1469,0010110111101,-0.426691554,1032,1032,1011110110100
1501,0010111011101,-0.426691554,1032,1032,1011101110100
6403,1100100000011,-0.426271582,1033,1033,1100000010011
6525,1100101111101,-0.426271582,1033,1033,1011111010011
6589,1100110111101,-0.425851610,1034,1034,1011110110011
6621,1100111011101,-0.425851610,1034,1034,1011101110011
2307,0100100000011,-0.425431638,1035,1035,1100000010010
2429,0100101111101,-0.425431638,1035,1035,1011111010010
2493,0100110111101,-0.425011666,1036,1036,1011110110010
2525,0100111011101,-0.425011666,1036,1036,1011101110010
4355,1000100000011,-0.424591694,1037,1037,1100000010001
4477,1000101111101,-0.424591694,1037,1037,1011111010001
4541,1000110111101,-0.424171722,1038,1038,1011110110001
4573,1000111011101,-0.424171722,1038,1038,1011101110001
259,0000100000011,-0.423751750,1039,1039,1100000010000
381,0000101111101,-0.423751750,1039,1039,1011111010000
445,0000110111101,-0.423331778,1040,1040,1011110110000
477,0000111011101,-0.423331778,1040,1040,1011101110000
7683,1111000000011,-0.422911806,1041,1041,1100000001111
7805,1111001111101,-0.422911806,1041,1041,1011111001111
7869,1111010111101,-0.422491834,1042,1042,1011110101111
7901,1111011011101,-0.422491834,1042,1042,1011101101111
3587,0111000000011,-0.422071862,1043,1043,1100000001110
3709,0111001111101,-0.422071862,1043,1043,1011111001110
3773,0111010111101,-0.421651890,1044,1044,1011110101110
3805,0111011011101,-0.421651890,1044,1044,1011101101110
5635,1011000000011,-0.421231918,1045,1045,1100000001101
5757,1011001111101,-0.421231918,1045,1045,1011111001101
5821,1011010111101,-0.420811946,1046,1046,1011110101101
5853,1011011011101,-0.420811946,1046,1046,1011101101101
1539,0011000000011,-0.420391974,1047,1047,1100000001100
1661,0011001111101,-0.420391974,1047,1047,1011111001100
1725,0011010111101,-0.419972002,1048,1048,1011110101100
1757,0011011011101,-0.419972002,1048,1048,1011101101100
6659,1101000000011,-0.419552030,1049,1049,1100000001011
6781,1101001111101,-0.419552030,1049,1049,1011111001011
6845,1101010111101,-0.419132058,1050,1050,1011110101011
6877,1101011011101,-0.419132058,1050,1050,1011101101011
2563,0101000000011,-0.418712086,1051,1051,1100000001010
2685,0101001111101,-0.418712086,1051,1051,1011111001010
2749,0101010111101,-0.418292114,1052,1052,1011110101010
2781,0101011011101,-0.418292114,1052,1052,1011101101010
4611,1001000000011,-0.417872142,1053,1053,1100000001001
4733,1001001111101,-0.417872142,1053,1053,1011111001001
4797,1001010111101,-0.417452170,1054,1054,1011110101001
4829,1001011011101,-0.417452170,1054,1054,1011101101001
515,0001000000011,-0.417032198,1055,1055,1100000001000
637,0001001111101,-0.417032198,1055,1055,1011111001000
701,0001010111101,-0.416612226,1056,1056,1011110101000
733,0001011011101,-0.416612226,1056,1056,1011101101000
7171,1110000000011,-0.416192254,1057,1057,1100000000111
7293,1110001111101,-0.416192254,1057,1057,1011111000111
7357,1110010111101,-0.415772282,1058,1058,1011110100111
7389,1110011011101,-0.415772282,1058,1058,1011101100111
3075,0110000000011,-0.415352310,1059,1059,1100000000110
3197,0110001111101,-0.415352310,1059,1059,1011111000110
3261,0110010111101,-0.414932338,1060,1060,1011110100110
3293,0110011011101,-0.414932338,1060,1060,1011101100110
5123,1010000000011,-0.414512366,1061,1061,1100000000101
5245,1010001111101,-0.414512366,1061,1061,1011111000101
5309,1010010111101,-0.414092394,1062,1062,1011110100101
5341,1010011011101,-0.414092394,1062,1062,1011101100101
1027,0010000000011,-0.413672422,1063,1063,1100000000100
1149,0010001111101,-0.413672422,1063,1063,1011111000100
1213,0010010111101,-0.413252450,1064,1064,1011110100100
1245,0010011011101,-0.413252450,1064,1064,1011101100100
6147,1100000000011,-0.412832478,1065,1065,1100000000011
6269,1100001111101,-0.412832478,1065,1065,1011111000011
6333,1100010111101,-0.412412506,1066,1066,1011110100011
6365,1100011011101,-0.412412506,1066,1066,1011101100011
2051,0100000000011,-0.411992534,1067,1067,1100000000010
2173,0100001111101,-0.411992534,1067,1067,1011111000010
2237,0100010111101,-0.411572562,1068,1068,1011110100010
2269,0100011011101,-0.411572562,1068,1068,1011101100010
4099,1000000000011,-0.411152590,1069,1069,1100000000001
4221,1000001111101,-0.411152590,1069,1069,1011111000001
4285,1000010111101,-0.410732618,1070,1070,1011110100001
4317,1000011011101,-0.410732618,1070,1070,1011101100001
3,0000000000011,-0.410312646,1071,1071,1100000000000
125,0000001111101,-0.410312646,1071,1071,1011111000000
189,0000010111101,-0.409892674,1072,1072,1011110100000
221,0000011011101,-0.409892674,1072,1072,1011101100000
7997,1111100111101,-0.409052730,1074,1074,1011110011111
8029,1111101011101,-0.409052730,1074,1074,1011101011111
8093,1111110011101,-0.408632758,1075,1075,1011100111111
8173,1111111101101,-0.408632758,1075,1075,1011011111111
3901,0111100111101,-0.408212786,1076,1076,1011110011110
3933,0111101011101,-0.408212786,1076,1076,1011101011110
3997,0111110011101,-0.407792814,1077,1077,1011100111110
4077,0111111101101,-0.407792814,1077,1077,1011011111110
5949,1011100111101,-0.407372842,1078,1078,1011110011101
5981,1011101011101,-0.407372842,1078,1078,1011101011101
6045,1011110011101,-0.406952870,1079,1079,1011100111101
6125,1011111101101,-0.406952870,1079,1079,1011011111101
1853,0011100111101,-0.406532898,1080,1080,1011110011100
1885,0011101011101,-0.406532898,1080,1080,1011101011100
1949,0011110011101,-0.406112926,1081,1081,1011100111100
2029,0011111101101,-0.406112926,1081,1081,1011011111100
6973,1101100111101,-0.405692954,1082,1082,1011110011011
7005,1101101011101,-0.405692954,1082,1082,1011101011011
7069,1101110011101,-0.405272982,1083,1083,1011100111011
7149,1101111101101,-0.405272982,1083,1083,1011011111011
2877,0101100111101,-0.404853010,1084,1084,1011110011010
2909,0101101011101,-0.404853010,1084,1084,1011101011010
2973,0101110011101,-0.404433038,1085,1085,1011100111010
3053,0101111101101,-0.404433038,1085,1085,1011011111010
4925,1001100111101,-0.404013066,1086,1086,1011110011001
4957,1001101011101,-0.404013066,1086,1086,1011101011001
5021,1001110011101,-0.403593094,1087,1087,1011100111001
5101,1001111101101,-0.403593094,1087,1087,1011011111001
829,0001100111101,-0.403173122,1088,1088,1011110011000
861,0001101011101,-0.403173122,1088,1088,1011101011000
925,0001110011101,-0.402753150,1089,1089,1011100111000
1005,0001111101101,-0.402753150,1089,1089,1011011111000
7485,1110100111101,-0.402333178,1090,1090,1011110010111
7517,1110101011101,-0.402333178,1090,1090,1011101010111
7581,1110110011101,-0.401913206,1091,1091,1011100110111
7661,1110111101101,-0.401913206,1091,1091,1011011110111
3389,0110100111101,-0.401493234,1092,1092,1011110010110
3421,0110101011101,-0.401493234,1092,1092,1011101010110
3485,0110110011101,-0.401073262,1093,1093,1011100110110
3565,0110111101101,-0.401073262,1093,1093,1011011110110
5437,1010100111101,-0.400653290,1094,1094,1011110010101
5469,1010101011101,-0.400653290,1094,1094,1011101010101
5533,1010110011101,-0.400233318,1095,1095,1011100110101
5613,1010111101101,-0.400233318,1095,1095,1011011110101
1341,0010100111101,-0.399813346,1096,1096,1011110010100
1373,0010101011101,-0.399813346,1096,1096,1011101010100
1437,0010110011101,-0.399393374,1097,1097,1011100110100
1517,0010111101101,-0.399393374,1097,1097,1011011110100
6461,1100100111101,-0.398973402,1098,1098,1011110010011
6493,1100101011101,-0.398973402,1098,1098,1011101010011
6557,1100110011101,-0.398553430,1099,1099,1011100110011
6637,1100111101101,-0.398553430,1099,1099,1011011110011
2365,0100100111101,-0.398133458,1100,1100,1011110010010
2397,0100101011101,-0.398133458,1100,1100,1011101010010
2461,0100110011101,-0.397713486,1101,1101,1011100110010
2541,0100111101101,-0.397713486,1101,1101,1011011110010
4413,1000100111101,-0.397293514,1102,1102,1011110010001
4445,1000101011101,-0.397293514,1102,1102,1011101010001
4509,1000110011101,-0.396873542,1103,1103,1011100110001
4589,1000111101101,-0.396873542,1103,1103,1011011110001
317,0000100111101,-0.396453570,1104,1104,1011110010000
349,0000101011101,-0.396453570,1104,1104,1011101010000
413,0000110011101,-0.396033598,1105,1105,1011100110000
493,0000111101101,-0.396033598,1105,1105,1011011110000
7741,1111000111101,-0.395613626,1106,1106,1011110001111
7773,1111001011101,-0.395613626,1106,1106,1011101001111
7837,1111010011101,-0.395193654,1107,1107,1011100101111
7917,1111011101101,-0.395193654,1107,1107,1011011101111
3645,0111000111101,-0.394773682,1108,1108,1011110001110
3677,0111001011101,-0.394773682,1108,1108,1011101001110
3741,0111010011101,-0.394353710,1109,1109,1011100101110
3821,0111011101101,-0.394353710,1109,1109,1011011101110
5693,1011000111101,-0.393933738,1110,1110,1011110001101
5725,1011001011101,-0.393933738,1110,1110,1011101001101
5789,1011010011101,-0.393513766,1111,1111,1011100101101
5869,1011011101101,-0.393513766,1111,1111,1011011101101
1597,0011000111101,-0.393093794,1112,1112,1011110001100
1629,0011001011101,-0.393093794,1112,1112,1011101001100
1693,0011010011101,-0.392673822,1113,1113,1011100101100
1773,0011011101101,-0.392673822,1113,1113,1011011101100
6717,1101000111101,-0.392253850,1114,1114,1011110001011
6749,1101001011101,-0.392253850,1114,1114,1011101001011
6813,1101010011101,-0.391833878,1115,1115,1011100101011
6893,1101011101101,-0.391833878,1115,1115,1011011101011
2621,0101000111101,-0.391413906,1116,1116,1011110001010
2653,0101001011101,-0.391413906,1116,1116,1011101001010
2717,0101010011101,-0.390993934,1117,1117,1011100101010
2797,0101011101101,-0.390993934,1117,1117,1011011101010
4669,1001000111101,-0.390573962,1118,1118,1011110001001
4701,1001001011101,-0.390573962,1118,1118,1011101001001
4765,1001010011101,-0.390153990,1119,1119,1011100101001
4845,1001011101101,-0.390153990,1119,1119,1011011101001
573,0001000111101,-0.389734018,1120,1120,1011110001000
605,0001001011101,-0.389734018,1120,1120,1011101001000
669,0001010011101,-0.389314046,1121,1121,1011100101000
749,0001011101101,-0.389314046,1121,1121,1011011101000
7229,1110000111101,-0.388894074,1122,1122,1011110000111
7261,1110001011101,-0.388894074,1122,1122,1011101000111
7325,1110010011101,-0.388474102,1123,1123,1011100100111
7405,1110011101101,-0.388474102,1123,1123,1011011100111
3133,0110000111101,-0.388054130,1124,1124,1011110000110
3165,0110001011101,-0.388054130,1124,1124,1011101000110
3229,0110010011101,-0.387634158,1125,1125,1011100100110
3309,0110011101101,-0.387634158,1125,1125,1011011100110
5181,1010000111101,-0.387214186,1126,1126,1011110000101
5213,1010001011101,-0.387214186,1126,1126,1011101000101
5277,1010010011101,-0.386794214,1127,1127,1011100100101
5357,1010011101101,-0.386794214,1127,1127,1011011100101
1085,0010000111101,-0.386374242,1128,1128,1011110000100
1117,0010001011101,-0.386374242,1128,1128,1011101000100
1181,0010010011101,-0.385954270,1129,1129,1011100100100
1261,0010011101101,-0.385954270,1129,1129,1011011100100
6205,1100000111101,-0.385534298,1130,1130,1011110000011
6237,1100001011101,-0.385534298,1130,1130,1011101000011
6301,1100010011101,-0.385114326,1131,1131,1011100100011
6381,1100011101101,-0.385114326,1131,1131,1011011100011
2109,0100000111101,-0.384694354,1132,1132,1011110000010
2141,0100001011101,-0.384694354,1132,1132,1011101000010
2205,0100010011101,-0.384274382,1133,1133,1011100100010
2285,0100011101101,-0.384274382,1133,1133,1011011100010
4157,1000000111101,-0.383854410,1134,1134,1011110000001
4189,1000001011101,-0.383854410,1134,1134,1011101000001
4253,1000010011101,-0.383434438,1135,1135,1011100100001
4333,1000011101101,-0.383434438,1135,1135,1011011100001
61,0000000111101,-0.383014466,1136,1136,1011110000000
93,0000001011101,-0.383014466,1136,1136,1011101000000
157,0000010011101,-0.382594494,1137,1137,1011100100000
237,0000011101101,-0.382594494,1137,1137,1011011100000
7965,1111100011101,-0.381754550,1139,1139,1011100011111
8045,1111101101101,-0.381754550,1139,1139,1011011011111
8109,1111110101101,-0.381334578,1140,1140,1011010111111
8141,1111111001101,-0.381334578,1140,1140,1011001111111
3869,0111100011101,-0.380914606,1141,1141,1011100011110
3949,0111101101101,-0.380914606,1141,1141,1011011011110
4013,0111110101101,-0.380494634,1142,1142,1011010111110
4045,0111111001101,-0.380494634,1142,1142,1011001111110
5917,1011100011101,-0.380074662,1143,1143,1011100011101
5997,1011101101101,-0.380074662,1143,1143,1011011011101
6061,1011110101101,-0.379654690,1144,1144,1011010111101
6093,1011111001101,-0.379654690,1144,1144,1011001111101
1821,0011100011101,-0.379234718,1145,1145,1011100011100
1901,0011101101101,-0.379234718,1145,1145,1011011011100
1965,0011110101101,-0.378814746,1146,1146,1011010111100
1997,0011111001101,-0.378814746,1146,1146,1011001111100
6941,1101100011101,-0.378394774,1147,1147,1011100011011
7021,1101101101101,-0.378394774,1147,1147,1011011011011
7085,1101110101101,-0.377974802,1148,1148,1011010111011
7117,1101111001101,-0.377974802,1148,1148,1011001111011
2845,0101100011101,-0.377554830,1149,1149,1011100011010
2925,0101101101101,-0.377554830,1149,1149,1011011011010
2989,0101110101101,-0.377134858,1150,1150,1011010111010
3021,0101111001101,-0.377134858,1150,1150,1011001111010
4893,1001100011101,-0.376714886,1151,1151,1011100011001
4973,1001101101101,-0.376714886,1151,1151,1011011011001
5037,1001110101101,-0.376294914,1152,1152,1011010111001
5069,1001111001101,-0.376294914,1152,1152,1011001111001
797,0001100011101,-0.375874942,1153,1153,1011100011000
877,0001101101101,-0.375874942,1153,1153,1011011011000
941,0001110101101,-0.375454970,1154,1154,1011010111000
973,0001111001101,-0.375454970,1154,1154,1011001111000
7453,1110100011101,-0.375034998,1155,1155,1011100010111
7533,1110101101101,-0.375034998,1155,1155,1011011010111
7597,1110110101101,-0.374615026,1156,1156,1011010110111
7629,1110111001101,-0.374615026,1156,1156,1011001110111
3357,0110100011101,-0.374195054,1157,1157,1011100010110
3437,0110101101101,-0.374195054,1157,1157,1011011010110
3501,0110110101101,-0.373775082,1158,1158,1011010110110
3533,0110111001101,-0.373775082,1158,1158,1011001110110
5405,1010100011101,-0.373355110,1159,1159,1011100010101
5485,1010101101101,-0.373355110,1159,1159,1011011010101
5549,1010110101101,-0.372935138,1160,1160,1011010110101
5581,1010111001101,-0.372935138,1160,1160,1011001110101
1309,0010100011101,-0.372515166,1161,1161,1011100010100
1389,0010101101101,-0.372515166,1161,1161,1011011010100
1453,0010110101101,-0.372095194,1162,1162,1011010110100
1485,0010111001101,-0.372095194,1162,1162,1011001110100
6429,1100100011101,-0.371675222,1163,1163,1011100010011
6509,1100101101101,-0.371675222,1163,1163,1011011010011
6573,1100110101101,-0.371255250,1164,1164,1011010110011
6605,1100111001101,-0.371255250,1164,1164,1011001110011
2333,0100100011101,-0.370835278,1165,1165,1011100010010
2413,0100101101101,-0.370835278,1165,1165,1011011010010
2477,0100110101101,-0.370415306,1166,1166,1011010110010
2509,0100111001101,-0.370415306,1166,1166,1011001110010
4381,1000100011101,-0.369995334,1167,1167,1011100010001
4461,1000101101101,-0.369995334,1167,1167,1011011010001
4525,1000110101101,-0.369575362,1168,1168,1011010110001
4557,1000111001101,-0.369575362,1168,1168,1011001110001
285,0000100011101,-0.369155390,1169,1169,1011100010000
365,0000101101101,-0.369155390,1169,1169,1011011010000
429,0000110101101,-0.368735418,1170,1170,1011010110000
461,0000111001101,-0.368735418,1170,1170,1011001110000
7709,1111000011101,-0.368315446,1171,1171,1011100001111
7789,1111001101101,-0.368315446,1171,1171,1011011001111
7853,1111010101101,-0.367895474,1172,1172,1011010101111
7885,1111011001101,-0.367895474,1172,1172,1011001101111
3613,0111000011101,-0.367475502,1173,1173,1011100001110
3693,0111001101101,-0.367475502,1173,1173,1011011001110
3757,0111010101101,-0.367055530,1174,1174,1011010101110
3789,0111011001101,-0.367055530,1174,1174,1011001101110
5661,1011000011101,-0.366635558,1175,1175,1011100001101
5741,1011001101101,-0.366635558,1175,1175,1011011001101
5805,1011010101101,-0.366215586,1176,1176,1011010101101
5837,1011011001101,-0.366215586,1176,1176,1011001101101
1565,0011000011101,-0.365795614,1177,1177,1011100001100
1645,0011001101101,-0.365795614,1177,1177,1011011001100
1709,0011010101101,-0.365375642,1178,1178,1011010101100
1741,0011011001101,-0.365375642,1178,1178,1011001101100
6685,1101000011101,-0.364955670,1179,1179,1011100001011
6765,1101001101101,-0.364955670,1179,1179,1011011001011
6829,1101010101101,-0.364535698,1180,1180,1011010101011
6861,1101011001101,-0.364535698,1180,1180,1011001101011
2589,0101000011101,-0.364115726,1181,1181,1011100001010
2669,0101001101101,-0.364115726,1181,1181,1011011001010
2733,0101010101101,-0.363695754,1182,1182,1011010101010
2765,0101011001101,-0.363695754,1182,1182,1011001101010
4637,1001000011101,-0.363275782,1183,1183,1011100001001
4717,1001001101101,-0.363275782,1183,1183,1011011001001
4781,1001010101101,-0.362855810,1184,1184,1011010101001
4813,1001011001101,-0.362855810,1184,1184,1011001101001
541,0001000011101,-0.362435838,1185,1185,1011100001000
621,0001001101101,-0.362435838,1185,1185,1011011001000
685,0001010101101,-0.362015866,1186,1186,1011010101000
717,0001011001101,-0.362015866,1186,1186,1011001101000
7197,1110000011101,-0.361595894,1187,1187,1011100000111
7277,1110001101101,-0.361595894,1187,1187,1011011000111
7341,1110010101101,-0.361175922,1188,1188,1011010100111
7373,1110011001101,-0.361175922,1188,1188,1011001100111
3101,0110000011101,-0.360755950,1189,1189,1011100000110
3181,0110001101101,-0.360755950,1189,1189,1011011000110
3245,0110010101101,-0.360335978,1190,1190,1011010100110
3277,0110011001101,-0.360335978,1190,1190,1011001100110
5149,1010000011101,-0.359916006,1191,1191,1011100000101
5229,1010001101101,-0.359916006,1191,1191,1011011000101
5293,1010010101101,-0.359496034,1192,1192,1011010100101
5325,1010011001101,-0.359496034,1192,1192,1011001100101
1053,0010000011101,-0.359076062,1193,1193,1011100000100
1133,0010001101101,-0.359076062,1193,1193,1011011000100
1197,0010010101101,-0.358656090,1194,1194,1011010100100
1229,0010011001101,-0.358656090,1194,1194,1011001100100
6173,1100000011101,-0.358236118,1195,1195,1011100000011
6253,1100001101101,-0.358236118,1195,1195,1011011000011
6317,1100010101101,-0.357816146,1196,1196,1011010100011
6349,1100011001101,-0.357816146,1196,1196,1011001100011
2077,0100000011101,-0.357396174,1197,1197,1011100000010
2157,0100001101101,-0.357396174,1197,1197,1011011000010
2221,0100010101101,-0.356976202,1198,1198,1011010100010
2253,0100011001101,-0.356976202,1198,1198,1011001100010
4125,1000000011101,-0.356556230,1199,1199,1011100000001
4205,1000001101101,-0.356556230,1199,1199,1011011000001
4269,1000010101101,-0.356136258,1200,1200,1011010100001
4301,1000011001101,-0.356136258,1200,1200,1011001100001
29,0000000011101,-0.355716286,1201,1201,1011100000000
109,0000001101101,-0.355716286,1201,1201,1011011000000
173,0000010101101,-0.355296314,1202,1202,1011010100000
205,0000011001101,-0.355296314,1202,1202,1011001100000
7981,1111100101101,-0.354456370,1204,1204,1011010011111
8013,1111101001101,-0.354456370,1204,1204,1011001011111
8077,1111110001101,-0.354036398,1205,1205,1011000111111
8181,1111111110101,-0.354036398,1205,1205,1010111111111
3885,0111100101101,-0.353616426,1206,1206,1011010011110
3917,0111101001101,-0.353616426,1206,1206,1011001011110
3981,0111110001101,-0.353196454,1207,1207,1011000111110
4085,0111111110101,-0.353196454,1207,1207,1010111111110
5933,1011100101101,-0.352776482,1208,1208,1011010011101
5965,1011101001101,-0.352776482,1208,1208,1011001011101
6029,1011110001101,-0.352356510,1209,1209,1011000111101
6133,1011111110101,-0.352356510,1209,1209,1010111111101
1837,0011100101101,-0.351936538,1210,1210,1011010011100
1869,0011101001101,-0.351936538,1210,1210,1011001011100
1933,0011110001101,-0.351516566,1211,1211,1011000111100
2037,0011111110101,-0.351516566,1211,1211,1010111111100
6957,1101100101101,-0.351096594,1212,1212,1011010011011
6989,1101101001101,-0.351096594,1212,1212,1011001011011
7053,1101110001101,-0.350676622,1213,1213,1011000111011
7157,1101111110101,-0.350676622,1213,1213,1010111111011
2861,0101100101101,-0.350256650,1214,1214,1011010011010
2893,0101101001101,-0.350256650,1214,1214,1011001011010
2957,0101110001101,-0.349836678,1215,1215,1011000111010
3061,0101111110101,-0.349836678,1215,1215,1010111111010
4909,1001100101101,-0.349416706,1216,1216,1011010011001
4941,1001101001101,-0.349416706,1216,1216,1011001011001
5005,1001110001101,-0.348996734,1217,1217,1011000111001
5109,1001111110101,-0.348996734,1217,1217,1010111111001
813,0001100101101,-0.348576762,1218,1218,1011010011000
845,0001101001101,-0.348576762,1218,1218,1011001011000
909,0001110001101,-0.348156790,1219,1219,1011000111000
1013,0001111110101,-0.348156790,1219,1219,1010111111000
7469,1110100101101,-0.347736818,1220,1220,1011010010111
7501,1110101001101,-0.347736818,1220,1220,1011001010111
7565,1110110001101,-0.347316846,1221,1221,1011000110111
7669,1110111110101,-0.347316846,1221,1221,1010111110111
3373,0110100101101,-0.346896874,1222,1222,1011010010110
3405,0110101001101,-0.346896874,1222,1222,1011001010110
3469,0110110001101,-0.346476902,1223,1223,1011000110110
3573,0110111110101,-0.346476902,1223,1223,1010111110110
5421,1010100101101,-0.346056930,1224,1224,1011010010101
5453,1010101001101,-0.346056930,1224,1224,1011001010101
5517,1010110001101,-0.345636958,1225,1225,1011000110101
5621,1010111110101,-0.345636958,1225,1225,1010111110101
1325,0010100101101,-0.345216986,1226,1226,1011010010100
1357,0010101001101,-0.345216986,1226,1226,1011001010100
1421,0010110001101,-0.344797014,1227,1227,1011000110100
1525,0010111110101,-0.344797014,1227,1227,1010111110100
6445,1100100101101,-0.344377042,1228,1228,1011010010011
6477,1100101001101,-0.344377042,1228,1228,1011001010011
6541,1100110001101,-0.343957070,1229,1229,1011000110011
6645,1100111110101,-0.343957070,1229,1229,1010111110011
2349,0100100101101,-0.343537098,1230,1230,1011010010010
2381,0100101001101,-0.343537098,1230,1230,1011001010010
2445,0100110001101,-0.343117126,1231,1231,1011000110010
2549,0100111110101,-0.343117126,1231,1231,1010111110010
4397,1000100101101,-0.342697154,1232,1232,1011010010001
4429,1000101001101,-0.342697154,1232,1232,1011001010001
4493,1000110001101,-0.342277182,1233,1233,1011000110001
4597,1000111110101,-0.342277182,1233,1233,1010111110001
301,0000100101101,-0.341857210,1234,1234,1011010010000
333,0000101001101,-0.341857210,1234,1234,1011001010000
397,0000110001101,-0.341437238,1235,1235,1011000110000
501,0000111110101,-0.341437238,1235,1235,1010111110000
7725,1111000101101,-0.341017266,1236,1236,1011010001111
7757,1111001001101,-0.341017266,1236,1236,1011001001111
7821,1111010001101,-0.340597294,1237,1237,1011000101111
7925,1111011110101,-0.340597294,1237,1237,1010111101111
3629,0111000101101,-0.340177322,1238,1238,1011010001110
3661,0111001001101,-0.340177322,1238,1238,1011001001110
3725,0111010001101,-0.339757350,1239,1239,1011000101110
3829,0111011110101,-0.339757350,1239,1239,1010111101110
5677,1011000101101,-0.339337378,1240,1240,1011010001101
5709,1011001001101,-0.339337378,1240,1240,1011001001101
5773,1011010001101,-0.338917406,1241,1241,1011000101101
5877,1011011110101,-0.338917406,1241,1241,1010111101101
1581,0011000101101,-0.338497434,1242,1242,1011010001100
1613,0011001001101,-0.338497434,1242,1242,1011001001100
1677,0011010001101,-0.338077462,1243,1243,1011000101100
1781,0011011110101,-0.338077462,1243,1243,1010111101100
6701,1101000101101,-0.337657490,1244,1244,1011010001011
6733,1101001001101,-0.337657490,1244,1244,1011001001011
6797,1101010001101,-0.337237517,1245,1245,1011000101011
6901,1101011110101,-0.337237517,1245,1245,1010111101011
2605,0101000101101,-0.336817545,1246,1246,1011010001010
2637,0101001001101,-0.336817545,1246,1246,1011001001010
2701,0101010001101,-0.336397573,1247,1247,1011000101010
2805,0101011110101,-0.336397573,1247,1247,1010111101010
4653,1001000101101,-0.335977601,1248,1248,1011010001001
4685,1001001001101,-0.335977601,1248,1248,1011001001001
4749,1001010001101,-0.335557629,1249,1249,1011000101001
4853,1001011110101,-0.335557629,1249,1249,1010111101001
557,0001000101101,-0.335137657,1250,1250,1011010001000
589,0001001001101,-0.335137657,1250,1250,1011001001000
653,0001010001101,-0.334717685,1251,1251,1011000101000
757,0001011110101,-0.334717685,1251,1251,1010111101000
7213,1110000101101,-0.334297713,1252,1252,1011010000111
7245,1110001001101,-0.334297713,1252,1252,1011001000111
7309,1110010001101,-0.333877741,1253,1253,1011000100111
7413,1110011110101,-0.333877741,1253,1253,1010111100111
3117,0110000101101,-0.333457769,1254,1254,1011010000110
3149,0110001001101,-0.333457769,1254,1254,1011001000110
3213,0110010001101,-0.333037797,1255,1255,1011000100110
3317,0110011110101,-0.333037797,1255,1255,1010111100110
5165,1010000101101,-0.332617825,1256,1256,1011010000101
5197,1010001001101,-0.332617825,1256,1256,1011001000101
5261,1010010001101,-0.332197853,1257,1257,1011000100101
5365,1010011110101,-0.332197853,1257,1257,1010111100101
1069,0010000101101,-0.331777881,1258,1258,1011010000100
1101,0010001001101,-0.331777881,1258,1258,1011001000100
1165,0010010001101,-0.331357909,1259,1259,1011000100100
1269,0010011110101,-0.331357909,1259,1259,1010111100100
6189,1100000101101,-0.330937937,1260,1260,1011010000011
6221,1100001001101,-0.330937937,1260,1260,1011001000011
6285,1100010001101,-0.330517965,1261,1261,1011000100011
6389,1100011110101,-0.330517965,1261,1261,1010111100011
2093,0100000101101,-0.330097993,1262,1262,1011010000010
2125,0100001001101,-0.330097993,1262,1262,1011001000010
2189,0100010001101,-0.329678021,1263,1263,1011000100010
2293,0100011110101,-0.329678021,1263,1263,1010111100010
4141,1000000101101,-0.329258049,1264,1264,1011010000001
4173,1000001001101,-0.329258049,1264,1264,1011001000001
4237,1000010001101,-0.328838077,1265,1265,1011000100001
4341,1000011110101,-0.328838077,1265,1265,1010111100001
45,0000000101101,-0.328418105,1266,1266,1011010000000
77,0000001001101,-0.328418105,1266,1266,1011001000000
141,0000010001101,-0.327998133,1267,1267,1011000100000
245,0000011110101,-0.327998133,1267,1267,1010111100000
7949,1111100001101,-0.327158189,1269,1269,1011000011111
8053,1111101110101,-0.327158189,1269,1269,1010111011111
8117,1111110110101,-0.326738217,1270,1270,1010110111111
8149,1111111010101,-0.326738217,1270,1270,1010101111111
3853,0111100001101,-0.326318245,1271,1271,1011000011110
3957,0111101110101,-0.326318245,1271,1271,1010111011110
4021,0111110110101,-0.325898273,1272,1272,1010110111110
4053,0111111010101,-0.325898273,1272,1272,1010101111110
5901,1011100001101,-0.325478301,1273,1273,1011000011101
6005,1011101110101,-0.325478301,1273,1273,1010111011101
6069,1011110110101,-0.325058329,1274,1274,1010110111101
6101,1011111010101,-0.325058329,1274,1274,1010101111101
1805,0011100001101,-0.324638357,1275,1275,1011000011100
1909,0011101110101,-0.324638357,1275,1275,1010111011100
1973,0011110110101,-0.324218385,1276,1276,1010110111100
2005,0011111010101,-0.324218385,1276,1276,1010101111100
6925,1101100001101,-0.323798413,1277,1277,1011000011011
7029,1101101110101,-0.323798413,1277,1277,1010111011011
7093,1101110110101,-0.323378441,1278,1278,1010110111011
7125,1101111010101,-0.323378441,1278,1278,1010101111011
2829,0101100001101,-0.322958469,1279,1279,1011000011010
2933,0101101110101,-0.322958469,1279,1279,1010111011010
2997,0101110110101,-0.322538497,1280,1280,1010110111010
3029,0101111010101,-0.322538497,1280,1280,1010101111010
4877,1001100001101,-0.322118525,1281,1281,1011000011001
4981,1001101110101,-0.322118525,1281,1281,1010111011001
5045,1001110110101,-0.321698553,1282,1282,1010110111001
5077,1001111010101,-0.321698553,1282,1282,1010101111001
781,0001100001101,-0.321278581,1283,1283,1011000011000
885,0001101110101,-0.321278581,1283,1283,1010111011000
949,0001110110101,-0.320858609,1284,1284,1010110111000
981,0001111010101,-0.320858609,1284,1284,1010101111000
7437,1110100001101,-0.320438637,1285,1285,1011000010111
7541,1110101110101,-0.320438637,1285,1285,1010111010111
7605,1110110110101,-0.320018665,1286,1286,1010110110111
7637,1110111010101,-0.320018665,1286,1286,1010101110111
3341,0110100001101,-0.319598693,1287,1287,1011000010110
3445,0110101110101,-0.319598693,1287,1287,1010111010110
3509,0110110110101,-0.319178721,1288,1288,1010110110110
3541,0110111010101,-0.319178721,1288,1288,1010101110110
5389,1010100001101,-0.318758749,1289,1289,1011000010101
5493,1010101110101,-0.318758749,1289,1289,1010111010101
5557,1010110110101,-0.318338777,1290,1290,1010110110101
5589,1010111010101,-0.318338777,1290,1290,1010101110101
1293,0010100001101,-0.317918805,1291,1291,1011000010100
1397,0010101110101,-0.317918805,1291,1291,1010111010100
1461,0010110110101,-0.317498833,1292,1292,1010110110100
1493,0010111010101,-0.317498833,1292,1292,1010101110100
6413,1100100001101,-0.317078861,1293,1293,1011000010011
6517,1100101110101,-0.317078861,1293,1293,1010111010011
6581,1100110110101,-0.316658889,1294,1294,1010110110011
6613,1100111010101,-0.316658889,1294,1294,1010101110011
2317,0100100001101,-0.316238917,1295,1295,1011000010010
2421,0100101110101,-0.316238917,1295,1295,1010111010010
2485,0100110110101,-0.315818945,1296,1296,1010110110010
2517,0100111010101,-0.315818945,1296,1296,1010101110010
4365,1000100001101,-0.315398973,1297,1297,1011000010001
4469,1000101110101,-0.315398973,1297,1297,1010111010001
4533,1000110110101,-0.314979001,1298,1298,1010110110001
4565,1000111010101,-0.314979001,1298,1298,1010101110001
269,0000100001101,-0.314559029,1299,1299,1011000010000
373,0000101110101,-0.314559029,1299,1299,1010111010000
437,0000110110101,-0.314139057,1300,1300,1010110110000
469,0000111010101,-0.314139057,1300,1300,1010101110000
7693,1111000001101,-0.313719085,1301,1301,1011000001111
7797,1111001110101,-0.313719085,1301,1301,1010111001111
7861,1111010110101,-0.313299113,1302,1302,1010110101111
7893,1111011010101,-0.313299113,1302,1302,1010101101111
3597,0111000001101,-0.312879141,1303,1303,1011000001110
3701,0111001110101,-0.312879141,1303,1303,1010111001110
3765,0111010110101,-0.312459169,1304,1304,1010110101110
3797,0111011010101,-0.312459169,1304,1304,1010101101110
5645,1011000001101,-0.312039197,1305,1305,1011000001101
5749,1011001110101,-0.312039197,1305,1305,1010111001101
5813,1011010110101,-0.311619225,1306,1306,1010110101101
5845,1011011010101,-0.311619225,1306,1306,1010101101101
1549,0011000001101,-0.311199253,1307,1307,1011000001100
1653,0011001110101,-0.311199253,1307,1307,1010111001100
1717,0011010110101,-0.310779281,1308,1308,1010110101100
1749,0011011010101,-0.310779281,1308,1308,1010101101100
6669,1101000001101,-0.310359309,1309,1309,1011000001011
6773,1101001110101,-0.310359309,1309,1309,1010111001011
6837,1101010110101,-0.309939337,1310,1310,1010110101011
6869,1101011010101,-0.309939337,1310,1310,1010101101011
2573,0101000001101,-0.309519365,1311,1311,1011000001010
2677,0101001110101,-0.309519365,1311,1311,1010111001010
2741,0101010110101,-0.309099393,1312,1312,1010110101010
2773,0101011010101,-0.309099393,1312,1312,1010101101010
4621,1001000001101,-0.308679421,1313,1313,1011000001001
4725,1001001110101,-0.308679421,1313,1313,1010111001001
4789,1001010110101,-0.308259449,1314,1314,1010110101001
4821,1001011010101,-0.308259449,1314,1314,1010101101001
525,0001000001101,-0.307839477,1315,1315,1011000001000
629,0001001110101,-0.307839477,1315,1315,1010111001000
693,0001010110101,-0.307419505,1316,1316,1010110101000
725,0001011010101,-0.307419505,1316,1316,1010101101000
7181,1110000001101,-0.306999533,1317,1317,1011000000111
7285,1110001110101,-0.306999533,1317,1317,1010111000111
7349,1110010110101,-0.306579561,1318,1318,1010110100111
7381,1110011010101,-0.306579561,1318,1318,1010101100111
3085,0110000001101,-0.306159589,1319,1319,1011000000110
3189,0110001110101,-0.306159589,1319,1319,1010111000110
3253,0110010110101,-0.305739617,1320,1320,1010110100110
3285,0110011010101,-0.305739617,1320,1320,1010101100110
5133,1010000001101,-0.305319645,1321,1321,1011000000101
5237,1010001110101,-0.305319645,1321,1321,1010111000101
5301,1010010110101,-0.304899673,1322,1322,1010110100101
5333,1010011010101,-0.304899673,1322,1322,1010101100101
1037,0010000001101,-0.304479701,1323,1323,1011000000100
1141,0010001110101,-0.304479701,1323,1323,1010111000100
1205,0010010110101,-0.304059729,1324,1324,1010110100100
1237,0010011010101,-0.304059729,1324,1324,1010101100100
6157,1100000001101,-0.303639757,1325,1325,1011000000011
6261,1100001110101,-0.303639757,1325,1325,1010111000011
6325,1100010110101,-0.303219785,1326,1326,1010110100011
6357,1100011010101,-0.303219785,1326,1326,1010101100011
2061,0100000001101,-0.302799813,1327,1327,1011000000010
2165,0100001110101,-0.302799813,1327,1327,1010111000010
2229,0100010110101,-0.302379841,1328,1328,1010110100010
2261,0100011010101,-0.302379841,1328,1328,1010101100010
4109,1000000001101,-0.301959869,1329,1329,1011000000001
4213,1000001110101,-0.301959869,1329,1329,1010111000001
4277,1000010110101,-0.301539897,1330,1330,1010110100001
4309,1000011010101,-0.301539897,1330,1330,1010101100001
13,0000000001101,-0.301119925,1331,1331,1011000000000
117,0000001110101,-0.301119925,1331,1331,1010111000000
181,0000010110101,-0.300699953,1332,1332,1010110100000
213,0000011010101,-0.300699953,1332,1332,1010101100000
7989,1111100110101,-0.299860009,1334,1334,1010110011111
8021,1111101010101,-0.299860009,1334,1334,1010101011111
8085,1111110010101,-0.299440037,1335,1335,1010100111111
8165,1111111100101,-0.299440037,1335,1335,1010011111111
3893,0111100110101,-0.299020065,1336,1336,1010110011110
3925,0111101010101,-0.299020065,1336,1336,1010101011110
3989,0111110010101,-0.298600093,1337,1337,1010100111110
4069,0111111100101,-0.298600093,1337,1337,1010011111110
5941,1011100110101,-0.298180121,1338,1338,1010110011101
5973,1011101010101,-0.298180121,1338,1338,1010101011101
6037,1011110010101,-0.297760149,1339,1339,1010100111101
6117,1011111100101,-0.297760149,1339,1339,1010011111101
1845,0011100110101,-0.297340177,1340,1340,1010110011100
1877,0011101010101,-0.297340177,1340,1340,1010101011100
1941,0011110010101,-0.296920205,1341,1341,1010100111100
2021,0011111100101,-0.296920205,1341,1341,1010011111100
6965,1101100110101,-0.296500233,1342,1342,1010110011011
6997,1101101010101,-0.296500233,1342,1342,1010101011011
7061,1101110010101,-0.296080261,1343,1343,1010100111011
7141,1101111100101,-0.296080261,1343,1343,1010011111011
2869,0101100110101,-0.295660289,1344,1344,1010110011010
2901,0101101010101,-0.295660289,1344,1344,1010101011010
2965,0101110010101,-0.295240317,1345,1345,1010100111010
3045,0101111100101,-0.295240317,1345,1345,1010011111010
4917,1001100110101,-0.294820345,1346,1346,1010110011001
4949,1001101010101,-0.294820345,1346,1346,1010101011001
5013,1001110010101,-0.294400373,1347,1347,1010100111001
5093,1001111100101,-0.294400373,1347,1347,1010011111001
821,0001100110101,-0.293980401,1348,1348,1010110011000
853,0001101010101,-0.293980401,1348,1348,1010101011000
917,0001110010101,-0.293560429,1349,1349,1010100111000
997,0001111100101,-0.293560429,1349,1349,1010011111000
7477,1110100110101,-0.293140457,1350,1350,1010110010111
7509,1110101010101,-0.293140457,1350,1350,1010101010111
7573,1110110010101,-0.292720485,1351,1351,1010100110111
7653,1110111100101,-0.292720485,1351,1351,1010011110111
3381,0110100110101,-0.292300513,1352,1352,1010110010110
3413,0110101010101,-0.292300513,1352,1352,1010101010110
3477,0110110010101,-0.291880541,1353,1353,1010100110110
3557,0110111100101,-0.291880541,1353,1353,1010011110110
5429,1010100110101,-0.291460569,1354,1354,1010110010101
5461,1010101010101,-0.291460569,1354,1354,1010101010101
5525,1010110010101,-0.291040597,1355,1355,1010100110101
5605,1010111100101,-0.291040597,1355,1355,1010011110101
1333,0010100110101,-0.290620625,1356,1356,1010110010100
1365,0010101010101,-0.290620625,1356,1356,1010101010100
1429,0010110010101,-0.290200653,1357,1357,1010100110100
1509,0010111100101,-0.290200653,1357,1357,1010011110100
6453,1100100110101,-0.289780681,1358,1358,1010110010011
6485,1100101010101,-0.289780681,1358,1358,1010101010011
6549,1100110010101,-0.289360709,1359,1359,1010100110011
6629,1100111100101,-0.289360709,1359,1359,1010011110011
2357,0100100110101,-0.288940737,1360,1360,1010110010010
2389,0100101010101,-0.288940737,1360,1360,1010101010010
2453,0100110010101,-0.288520765,1361,1361,1010100110010
2533,0100111100101,-0.288520765,1361,1361,1010011110010
4405,1000100110101,-0.288100793,1362,1362,1010110010001
4437,1000101010101,-0.288100793,1362,1362,1010101010001
4501,1000110010101,-0.287680821,1363,1363,1010100110001
4581,1000111100101,-0.287680821,1363,1363,1010011110001
309,0000100110101,-0.287260849,1364,1364,1010110010000
341,0000101010101,-0.287260849,1364,1364,1010101010000
405,0000110010101,-0.286840877,1365,1365,1010100110000
485,0000111100101,-0.286840877,1365,1365,1010011110000
7733,1111000110101,-0.286420905,1366,1366,1010110001111
7765,1111001010101,-0.286420905,1366,1366,1010101001111
7829,1111010010101,-0.286000933,1367,1367,1010100101111
7909,1111011100101,-0.286000933,1367,1367,1010011101111
3637,0111000110101,-0.285580961,1368,1368,1010110001110
3669,0111001010101,-0.285580961,1368,1368,1010101001110
3733,0111010010101,-0.285160989,1369,1369,1010100101110
3813,0111011100101,-0.285160989,1369,1369,1010011101110
5685,1011000110101,-0.284741017,1370,1370,1010110001101
5717,1011001010101,-0.284741017,1370,1370,1010101001101
5781,1011010010101,-0.284321045,1371,1371,1010100101101
5861,1011011100101,-0.284321045,1371,1371,1010011101101
1589,0011000110101,-0.283901073,1372,1372,1010110001100
1621,0011001010101,-0.283901073,1372,1372,1010101001100
1685,0011010010101,-0.283481101,1373,1373,1010100101100
1765,0011011100101,-0.283481101,1373,1373,1010011101100
6709,1101000110101,-0.283061129,1374,1374,1010110001011
6741,1101001010101,-0.283061129,1374,1374,1010101001011
6805,1101010010101,-0.282641157,1375,1375,1010100101011
6885,1101011100101,-0.282641157,1375,1375,1010011101011
2613,0101000110101,-0.282221185,1376,1376,1010110001010
2645,0101001010101,-0.282221185,1376,1376,1010101001010
2709,0101010010101,-0.281801213,1377,1377,1010100101010
2789,0101011100101,-0.281801213,1377,1377,1010011101010
4661,1001000110101,-0.281381241,1378,1378,1010110001001
4693,1001001010101,-0.281381241,1378,1378,1010101001001
4757,1001010010101,-0.280961269,1379,1379,1010100101001
4837,1001011100101,-0.280961269,1379,1379,1010011101001
565,0001000110101,-0.280541297,1380,1380,1010110001000
597,0001001010101,-0.280541297,1380,1380,1010101001000
661,0001010010101,-0.280121325,1381,1381,1010100101000
741,0001011100101,-0.280121325,1381,1381,1010011101000
7221,1110000110101,-0.279701353,1382,1382,1010110000111
7253,1110001010101,-0.279701353,1382,1382,1010101000111
7317,1110010010101,-0.279281381,1383,1383,1010100100111
7397,1110011100101,-0.279281381,1383,1383,1010011100111
3125,0110000110101,-0.278861409,1384,1384,1010110000110
3157,0110001010101,-0.278861409,1384,1384,1010101000110
3221,0110010010101,-0.278441437,1385,1385,1010100100110
3301,0110011100101,-0.278441437,1385,1385,1010011100110
5173,1010000110101,-0.278021465,1386,1386,1010110000101
5205,1010001010101,-0.278021465,1386,1386,1010101000101
5269,1010010010101,-0.277601493,1387,1387,1010100100101
5349,1010011100101,-0.277601493,1387,1387,1010011100101
1077,0010000110101,-0.277181521,1388,1388,1010110000100
1109,0010001010101,-0.277181521,1388,1388,1010101000100
1173,0010010010101,-0.276761549,1389,1389,1010100100100
1253,0010011100101,-0.276761549,1389,1389,1010011100100
6197,1100000110101,-0.276341577,1390,1390,1010110000011
6229,1100001010101,-0.276341577,1390,1390,1010101000011
6293,1100010010101,-0.275921605,1391,1391,1010100100011
6373,1100011100101,-0.275921605,1391,1391,1010011100011
2101,0100000110101,-0.275501633,1392,1392,1010110000010
2133,0100001010101,-0.275501633,1392,1392,1010101000010
2197,0100010010101,-0.275081661,1393,1393,1010100100010
2277,0100011100101,-0.275081661,1393,1393,1010011100010
4149,1000000110101,-0.274661689,1394,1394,1010110000001
4181,1000001010101,-0.274661689,1394,1394,1010101000001
4245,1000010010101,-0.274241717,1395,1395,1010100100001
4325,1000011100101,-0.274241717,1395,1395,1010011100001
53,0000000110101,-0.273821745,1396,1396,1010110000000
85,0000001010101,-0.273821745,1396,1396,1010101000000
149,0000010010101,-0.273401773,1397,1397,1010100100000
229,0000011100101,-0.273401773,1397,1397,1010011100000
7957,1111100010101,-0.272561829,1399,1399,1010100011111
8037,1111101100101,-0.272561829,1399,1399,1010011011111
8101,1111110100101,-0.272141857,1400,1400,1010010111111
8133,1111111000101,-0.272141857,1400,1400,1010001111111
3861,0111100010101,-0.271721885,1401,1401,1010100011110
3941,0111101100101,-0.271721885,1401,1401,1010011011110
4005,0111110100101,-0.271301913,1402,1402,1010010111110
4037,0111111000101,-0.271301913,1402,1402,1010001111110
5909,1011100010101,-0.270881941,1403,1403,1010100011101
5989,1011101100101,-0.270881941,1403,1403,1010011011101
6053,1011110100101,-0.270461969,1404,1404,1010010111101
6085,1011111000101,-0.270461969,1404,1404,1010001111101
1813,0011100010101,-0.270041997,1405,1405,1010100011100
1893,0011101100101,-0.270041997,1405,1405,1010011011100
1957,0011110100101,-0.269622025,1406,1406,1010010111100
1989,0011111000101,-0.269622025,1406,1406,1010001111100
6933,1101100010101,-0.269202053,1407,1407,1010100011011
7013,1101101100101,-0.269202053,1407,1407,1010011011011
7077,1101110100101,-0.268782081,1408,1408,1010010111011
7109,1101111000101,-0.268782081,1408,1408,1010001111011
2837,0101100010101,-0.268362109,1409,1409,1010100011010
2917,0101101100101,-0.268362109,1409,1409,1010011011010
2981,0101110100101,-0.267942137,1410,1410,1010010111010
3013,0101111000101,-0.267942137,1410,1410,1010001111010
4885,1001100010101,-0.267522165,1411,1411,1010100011001
4965,1001101100101,-0.267522165,1411,1411,1010011011001
5029,1001110100101,-0.267102193,1412,1412,1010010111001
5061,1001111000101,-0.267102193,1412,1412,1010001111001
789,0001100010101,-0.266682221,1413,1413,1010100011000
869,0001101100101,-0.266682221,1413,1413,1010011011000
933,0001110100101,-0.266262249,1414,1414,1010010111000
965,0001111000101,-0.266262249,1414,1414,1010001111000
7445,1110100010101,-0.265842277,1415,1415,1010100010111
7525,1110101100101,-0.265842277,1415,1415,1010011010111
7589,1110110100101,-0.265422305,1416,1416,1010010110111
7621,1110111000101,-0.265422305,1416,1416,1010001110111
3349,0110100010101,-0.265002333,1417,1417,1010100010110
3429,0110101100101,-0.265002333,1417,1417,1010011010110
3493,0110110100101,-0.264582361,1418,1418,1010010110110
3525,0110111000101,-0.264582361,1418,1418,1010001110110
5397,1010100010101,-0.264162389,1419,1419,1010100010101
5477,1010101100101,-0.264162389,1419,1419,1010011010101
5541,1010110100101,-0.263742417,1420,1420,1010010110101
5573,1010111000101,-0.263742417,1420,1420,1010001110101
1301,0010100010101,-0.263322445,1421,1421,1010100010100
1381,0010101100101,-0.263322445,1421,1421,1010011010100
1445,0010110100101,-0.262902473,1422,1422,1010010110100
1477,0010111000101,-0.262902473,1422,1422,1010001110100
6421,1100100010101,-0.262482501,1423,1423,1010100010011
6501,1100101100101,-0.262482501,1423,1423,1010011010011
6565,1100110100101,-0.262062529,1424,1424,1010010110011
6597,1100111000101,-0.262062529,1424,1424,1010001110011
2325,0100100010101,-0.261642557,1425,1425,1010100010010
2405,0100101100101,-0.261642557,1425,1425,1010011010010
2469,0100110100101,-0.261222585,1426,1426,1010010110010
2501,0100111000101,-0.261222585,1426,1426,1010001110010
4373,1000100010101,-0.260802613,1427,1427,1010100010001
4453,1000101100101,-0.260802613,1427,1427,1010011010001
4517,1000110100101,-0.260382641,1428,1428,1010010110001
4549,1000111000101,-0.260382641,1428,1428,1010001110001
277,0000100010101,-0.259962669,1429,1429,1010100010000
357,0000101100101,-0.259962669,1429,1429,1010011010000
421,0000110100101,-0.259542697,1430,1430,1010010110000
453,0000111000101,-0.259542697,1430,1430,1010001110000
7701,1111000010101,-0.259122725,1431,1431,1010100001111
7781,1111001100101,-0.259122725,1431,1431,1010011001111
7845,1111010100101,-0.258702753,1432,1432,1010010101111
7877,1111011000101,-0.258702753,1432,1432,1010001101111
3605,0111000010101,-0.258282781,1433,1433,1010100001110
3685,0111001100101,-0.258282781,1433,1433,1010011001110
3749,0111010100101,-0.257862809,1434,1434,1010010101110
3781,0111011000101,-0.257862809,1434,1434,1010001101110
5653,1011000010101,-0.257442837,1435,1435,1010100001101
5733,1011001100101,-0.257442837,1435,1435,1010011001101
5797,1011010100101,-0.257022865,1436,1436,1010010101101
5829,1011011000101,-0.257022865,1436,1436,1010001101101
1557,0011000010101,-0.256602893,1437,1437,1010100001100
1637,0011001100101,-0.256602893,1437,1437,1010011001100
1701,0011010100101,-0.256182921,1438,1438,1010010101100
1733,0011011000101,-0.256182921,1438,1438,1010001101100
6677,1101000010101,-0.255762949,1439,1439,1010100001011
6757,1101001100101,-0.255762949,1439,1439,1010011001011
6821,1101010100101,-0.255342977,1440,1440,1010010101011
6853,1101011000101,-0.255342977,1440,1440,1010001101011
2581,0101000010101,-0.254923005,1441,1441,1010100001010
2661,0101001100101,-0.254923005,1441,1441,1010011001010
2725,0101010100101,-0.254503033,1442,1442,1010010101010
2757,0101011000101,-0.254503033,1442,1442,1010001101010
4629,1001000010101,-0.254083061,1443,1443,1010100001001
4709,1001001100101,-0.254083061,1443,1443,1010011001001
4773,1001010100101,-0.253663089,1444,1444,1010010101001
4805,1001011000101,-0.253663089,1444,1444,1010001101001
533,0001000010101,-0.253243117,1445,1445,1010100001000
613,0001001100101,-0.253243117,1445,1445,1010011001000
677,0001010100101,-0.252823145,1446,1446,1010010101000
709,0001011000101,-0.252823145,1446,1446,1010001101000
7189,1110000010101,-0.252403173,1447,1447,1010100000111
7269,1110001100101,-0.252403173,1447,1447,1010011000111
7333,1110010100101,-0.251983201,1448,1448,1010010100111
7365,1110011000101,-0.251983201,1448,1448,1010001100111
3093,0110000010101,-0.251563229,1449,1449,1010100000110
3173,0110001100101,-0.251563229,1449,1449,1010011000110
3237,0110010100101,-0.251143257,1450,1450,1010010100110
3269,0110011000101,-0.251143257,1450,1450,1010001100110
5141,1010000010101,-0.250723285,1451,1451,1010100000101
5221,1010001100101,-0.250723285,1451,1451,1010011000101
5285,1010010100101,-0.250303313,1452,1452,1010010100101
5317,1010011000101,-0.250303313,1452,1452,1010001100101
1045,0010000010101,-0.249883341,1453,1453,1010100000100
1125,0010001100101,-0.249883341,1453,1453,1010011000100
1189,0010010100101,-0.249463369,1454,1454,1010010100100
1221,0010011000101,-0.249463369,1454,1454,1010001100100
6165,1100000010101,-0.249043397,1455,1455,1010100000011
6245,1100001100101,-0.249043397,1455,1455,1010011000011
6309,1100010100101,-0.248623425,1456,1456,1010010100011
6341,1100011000101,-0.248623425,1456,1456,1010001100011
2069,0100000010101,-0.248203453,1457,1457,1010100000010
2149,0100001100101,-0.248203453,1457,1457,1010011000010
2213,0100010100101,-0.247783481,1458,1458,1010010100010
2245,0100011000101,-0.247783481,1458,1458,1010001100010
4117,1000000010101,-0.247363509,1459,1459,1010100000001
4197,1000001100101,-0.247363509,1459,1459,1010011000001
4261,1000010100101,-0.246943537,1460,1460,1010010100001
4293,1000011000101,-0.246943537,1460,1460,1010001100001
21,0000000010101,-0.246523565,1461,1461,1010100000000
101,0000001100101,-0.246523565,1461,1461,1010011000000
165,0000010100101,-0.246103593,1462,1462,1010010100000
197,0000011000101,-0.246103593,1462,1462,1010001100000
7973,1111100100101,-0.245263649,1464,1464,1010010011111
8005,1111101000101,-0.245263649,1464,1464,1010001011111
8069,1111110000101,-0.244843677,1465,1465,1010000111111
8185,1111111111001,-0.244843677,1465,1465,1001111111111
3877,0111100100101,-0.244423705,1466,1466,1010010011110
3909,0111101000101,-0.244423705,1466,1466,1010001011110
3973,0111110000101,-0.244003733,1467,1467,1010000111110
4089,0111111111001,-0.244003733,1467,1467,1001111111110
5925,1011100100101,-0.243583761,1468,1468,1010010011101
5957,1011101000101,-0.243583761,1468,1468,1010001011101
6021,1011110000101,-0.243163789,1469,1469,1010000111101
6137,1011111111001,-0.243163789,1469,1469,1001111111101
1829,0011100100101,-0.242743817,1470,1470,1010010011100
1861,0011101000101,-0.242743817,1470,1470,1010001011100
1925,0011110000101,-0.242323845,1471,1471,1010000111100
2041,0011111111001,-0.242323845,1471,1471,1001111111100
6949,1101100100101,-0.241903873,1472,1472,1010010011011
6981,1101101000101,-0.241903873,1472,1472,1010001011011
7045,1101110000101,-0.241483901,1473,1473,1010000111011
7161,1101111111001,-0.241483901,1473,1473,1001111111011
2853,0101100100101,-0.241063929,1474,1474,1010010011010
2885,0101101000101,-0.241063929,1474,1474,1010001011010
2949,0101110000101,-0.240643957,1475,1475,1010000111010
3065,0101111111001,-0.240643957,1475,1475,1001111111010
4901,1001100100101,-0.240223985,1476,1476,1010010011001
4933,1001101000101,-0.240223985,1476,1476,1010001011001
4997,1001110000101,-0.239804013,1477,1477,1010000111001
5113,1001111111001,-0.239804013,1477,1477,1001111111001
805,0001100100101,-0.239384041,1478,1478,1010010011000
837,0001101000101,-0.239384041,1478,1478,1010001011000
901,0001110000101,-0.238964069,1479,1479,1010000111000
1017,0001111111001,-0.238964069,1479,1479,1001111111000
7461,1110100100101,-0.238544097,1480,1480,1010010010111
7493,1110101000101,-0.238544097,1480,1480,1010001010111
7557,1110110000101,-0.238124125,1481,1481,1010000110111
7673,1110111111001,-0.238124125,1481,1481,1001111110111
3365,0110100100101,-0.237704153,1482,1482,1010010010110
3397,0110101000101,-0.237704153,1482,1482,1010001010110
3461,0110110000101,-0.237284181,1483,1483,1010000110110
3577,0110111111001,-0.237284181,1483,1483,1001111110110
5413,1010100100101,-0.236864209,1484,1484,1010010010101
5445,1010101000101,-0.236864209,1484,1484,1010001010101
5509,1010110000101,-0.236444237,1485,1485,1010000110101
5625,1010111111001,-0.236444237,1485,1485,1001111110101
1317,0010100100101,-0.236024265,1486,1486,1010010010100
1349,0010101000101,-0.236024265,1486,1486,1010001010100
1413,0010110000101,-0.235604293,1487,1487,1010000110100
1529,0010111111001,-0.235604293,1487,1487,1001111110100
6437,1100100100101,-0.235184321,1488,1488,1010010010011
6469,1100101000101,-0.235184321,1488,1488,1010001010011
6533,1100110000101,-0.234764349,1489,1489,1010000110011
6649,1100111111001,-0.234764349,1489,1489,1001111110011
2341,0100100100101,-0.234344377,1490,1490,1010010010010
2373,0100101000101,-0.234344377,1490,1490,1010001010010
2437,0100110000101,-0.233924405,1491,1491,1010000110010
2553,0100111111001,-0.233924405,1491,1491,1001111110010
4389,1000100100101,-0.233504433,1492,1492,1010010010001
4421,1000101000101,-0.233504433,1492,1492,1010001010001
4485,1000110000101,-0.233084461,1493,1493,1010000110001
4601,1000111111001,-0.233084461,1493,1493,1001111110001
293,0000100100101,-0.232664489,1494,1494,1010010010000
325,0000101000101,-0.232664489,1494,1494,1010001010000
389,0000110000101,-0.232244517,1495,1495,1010000110000
505,0000111111001,-0.232244517,1495,1495,1001111110000
7717,1111000100101,-0.231824545,1496,1496,1010010001111
7749,1111001000101,-0.231824545,1496,1496,1010001001111
7813,1111010000101,-0.231404573,1497,1497,1010000101111
7929,1111011111001,-0.231404573,1497,1497,1001111101111
3621,0111000100101,-0.230984601,1498,1498,1010010001110
3653,0111001000101,-0.230984601,1498,1498,1010001001110
3717,0111010000101,-0.230564629,1499,1499,1010000101110
3833,0111011111001,-0.230564629,1499,1499,1001111101110
5669,1011000100101,-0.230144657,1500,1500,1010010001101
5701,1011001000101,-0.230144657,1500,1500,1010001001101
5765,1011010000101,-0.229724685,1501,1501,1010000101101
5881,1011011111001,-0.229724685,1501,1501,1001111101101
1573,0011000100101,-0.229304713,1502,1502,1010010001100
1605,0011001000101,-0.229304713,1502,1502,1010001001100
1669,0011010000101,-0.228884741,1503,1503,1010000101100
1785,0011011111001,-0.228884741,1503,1503,1001111101100
6693,1101000100101,-0.228464769,1504,1504,1010010001011
6725,1101001000101,-0.228464769,1504,1504,1010001001011
6789,1101010000101,-0.228044797,1505,1505,1010000101011
6905,1101011111001,-0.228044797,1505,1505,1001111101011
2597,0101000100101,-0.227624825,1506,1506,1010010001010
2629,0101001000101,-0.227624825,1506,1506,1010001001010
2693,0101010000101,-0.227204853,1507,1507,1010000101010
2809,0101011111001,-0.227204853,1507,1507,1001111101010
4645,1001000100101,-0.226784881,1508,1508,1010010001001
4677,1001001000101,-0.226784881,1508,1508,1010001001001
4741,1001010000101,-0.226364909,1509,1509,1010000101001
4857,1001011111001,-0.226364909,1509,1509,1001111101001
549,0001000100101,-0.225944937,1510,1510,1010010001000
581,0001001000101,-0.225944937,1510,1510,1010001001000
645,0001010000101,-0.225524965,1511,1511,1010000101000
761,0001011111001,-0.225524965,1511,1511,1001111101000
7205,1110000100101,-0.225104993,1512,1512,1010010000111
7237,1110001000101,-0.225104993,1512,1512,1010001000111
7301,1110010000101,-0.224685021,1513,1513,1010000100111
7417,1110011111001,-0.224685021,1513,1513,1001111100111
3109,0110000100101,-0.224265049,1514,1514,1010010000110
3141,0110001000101,-0.224265049,1514,1514,1010001000110
3205,0110010000101,-0.223845077,1515,1515,1010000100110
3321,0110011111001,-0.223845077,1515,1515,1001111100110
5157,1010000100101,-0.223425105,1516,1516,1010010000101
5189,1010001000101,-0.223425105,1516,1516,1010001000101
5253,1010010000101,-0.223005133,1517,1517,1010000100101
5369,1010011111001,-0.223005133,1517,1517,1001111100101
1061,0010000100101,-0.222585161,1518,1518,1010010000100
1093,0010001000101,-0.222585161,1518,1518,1010001000100
1157,0010010000101,-0.222165189,1519,1519,1010000100100
1273,0010011111001,-0.222165189,1519,1519,1001111100100
6181,1100000100101,-0.221745217,1520,1520,1010010000011
6213,1100001000101,-0.221745217,1520,1520,1010001000011
6277,1100010000101,-0.221325245,1521,1521,1010000100011
6393,1100011111001,-0.221325245,1521,1521,1001111100011
2085,0100000100101,-0.220905273,1522,1522,1010010000010
2117,0100001000101,-0.220905273,1522,1522,1010001000010
2181,0100010000101,-0.220485301,1523,1523,1010000100010
2297,0100011111001,-0.220485301,1523,1523,1001111100010
4133,1000000100101,-0.220065329,1524,1524,1010010000001
4165,1000001000101,-0.220065329,1524,1524,1010001000001
4229,1000010000101,-0.219645357,1525,1525,1010000100001
4345,1000011111001,-0.219645357,1525,1525,1001111100001
37,0000000100101,-0.219225385,1526,1526,1010010000000
69,0000001000101,-0.219225385,1526,1526,1010001000000
133,0000010000101,-0.218805413,1527,1527,1010000100000
249,0000011111001,-0.218805413,1527,1527,1001111100000
7941,1111100000101,-0.217965469,1529,1529,1010000011111
8057,1111101111001,-0.217965469,1529,1529,1001111011111
8121,1111110111001,-0.217545497,1530,1530,1001110111111
8153,1111111011001,-0.217545497,1530,1530,1001101111111
3845,0111100000101,-0.217125525,1531,1531,1010000011110
3961,0111101111001,-0.217125525,1531,1531,1001111011110
4025,0111110111001,-0.216705553,1532,1532,1001110111110
4057,0111111011001,-0.216705553,1532,1532,1001101111110
5893,1011100000101,-0.216285581,1533,1533,1010000011101
6009,1011101111001,-0.216285581,1533,1533,1001111011101
6073,1011110111001,-0.215865609,1534,1534,1001110111101
6105,1011111011001,-0.215865609,1534,1534,1001101111101
1797,0011100000101,-0.215445637,1535,1535,1010000011100
1913,0011101111001,-0.215445637,1535,1535,1001111011100
1977,0011110111001,-0.215025665,1536,1536,1001110111100
2009,0011111011001,-0.215025665,1536,1536,1001101111100
6917,1101100000101,-0.214605693,1537,1537,1010000011011
7033,1101101111001,-0.214605693,1537,1537,1001111011011
7097,1101110111001,-0.214185721,1538,1538,1001110111011
7129,1101111011001,-0.214185721,1538,1538,1001101111011
2821,0101100000101,-0.213765749,1539,1539,1010000011010
2937,0101101111001,-0.213765749,1539,1539,1001111011010
3001,0101110111001,-0.213345777,1540,1540,1001110111010
3033,0101111011001,-0.213345777,1540,1540,1001101111010
4869,1001100000101,-0.212925805,1541,1541,1010000011001
4985,1001101111001,-0.212925805,1541,1541,1001111011001
5049,1001110111001,-0.212505833,1542,1542,1001110111001
5081,1001111011001,-0.212505833,1542,1542,1001101111001
773,0001100000101,-0.212085861,1543,1543,1010000011000
889,0001101111001,-0.212085861,1543,1543,1001111011000
953,0001110111001,-0.211665889,1544,1544,1001110111000
985,0001111011001,-0.211665889,1544,1544,1001101111000
7429,1110100000101,-0.211245917,1545,1545,1010000010111
7545,1110101111001,-0.211245917,1545,1545,1001111010111
7609,1110110111001,-0.210825945,1546,1546,1001110110111
7641,1110111011001,-0.210825945,1546,1546,1001101110111
3333,0110100000101,-0.210405973,1547,1547,1010000010110
3449,0110101111001,-0.210405973,1547,1547,1001111010110
3513,0110110111001,-0.209986001,1548,1548,1001110110110
3545,0110111011001,-0.209986001,1548,1548,1001101110110
5381,1010100000101,-0.209566029,1549,1549,1010000010101
5497,1010101111001,-0.209566029,1549,1549,1001111010101
5561,1010110111001,-0.209146057,1550,1550,1001110110101
5593,1010111011001,-0.209146057,1550,1550,1001101110101
1285,0010100000101,-0.208726085,1551,1551,1010000010100
1401,0010101111001,-0.208726085,1551,1551,1001111010100
1465,0010110111001,-0.208306113,1552,1552,1001110110100
1497,0010111011001,-0.208306113,1552,1552,1001101110100
6405,1100100000101,-0.207886141,1553,1553,1010000010011
6521,1100101111001,-0.207886141,1553,1553,1001111010011
6585,1100110111001,-0.207466169,1554,1554,1001110110011
6617,1100111011001,-0.207466169,1554,1554,1001101110011
2309,0100100000101,-0.207046197,1555,1555,1010000010010
2425,0100101111001,-0.207046197,1555,1555,1001111010010
2489,0100110111001,-0.206626225,1556,1556,1001110110010
2521,0100111011001,-0.206626225,1556,1556,1001101110010
4357,1000100000101,-0.206206253,1557,1557,1010000010001
4473,1000101111001,-0.206206253,1557,1557,1001111010001
4537,1000110111001,-0.205786281,1558,1558,1001110110001
4569,1000111011001,-0.205786281,1558,1558,1001101110001
261,0000100000101,-0.205366309,1559,1559,1010000010000
377,0000101111001,-0.205366309,1559,1559,1001111010000
441,0000110111001,-0.204946337,1560,1560,1001110110000
473,0000111011001,-0.204946337,1560,1560,1001101110000
7685,1111000000101,-0.204526365,1561,1561,1010000001111
7801,1111001111001,-0.204526365,1561,1561,1001111001111
7865,1111010111001,-0.204106393,1562,1562,1001110101111
7897,1111011011001,-0.204106393,1562,1562,1001101101111
3589,0111000000101,-0.203686421,1563,1563,1010000001110
3705,0111001111001,-0.203686421,1563,1563,1001111001110
3769,0111010111001,-0.203266449,1564,1564,1001110101110
3801,0111011011001,-0.203266449,1564,1564,1001101101110
5637,1011000000101,-0.202846477,1565,1565,1010000001101
5753,1011001111001,-0.202846477,1565,1565,1001111001101
5817,1011010111001,-0.202426505,1566,1566,1001110101101
5849,1011011011001,-0.202426505,1566,1566,1001101101101
1541,0011000000101,-0.202006533,1567,1567,1010000001100
1657,0011001111001,-0.202006533,1567,1567,1001111001100
1721,0011010111001,-0.201586561,1568,1568,1001110101100
1753,0011011011001,-0.201586561,1568,1568,1001101101100
6661,1101000000101,-0.201166589,1569,1569,1010000001011
6777,1101001111001,-0.201166589,1569,1569,1001111001011
6841,1101010111001,-0.200746617,1570,1570,1001110101011
6873,1101011011001,-0.200746617,1570,1570,1001101101011
2565,0101000000101,-0.200326645,1571,1571,1010000001010
2681,0101001111001,-0.200326645,1571,1571,1001111001010
2745,0101010111001,-0.199906673,1572,1572,1001110101010
2777,0101011011001,-0.199906673,1572,1572,1001101101010
4613,1001000000101,-0.199486701,1573,1573,1010000001001
4729,1001001111001,-0.199486701,1573,1573,1001111001001
4793,1001010111001,-0.199066729,1574,1574,1001110101001
4825,1001011011001,-0.199066729,1574,1574,1001101101001
517,0001000000101,-0.198646757,1575,1575,1010000001000
633,0001001111001,-0.198646757,1575,1575,1001111001000
697,0001010111001,-0.198226785,1576,1576,1001110101000
729,0001011011001,-0.198226785,1576,1576,1001101101000
7173,1110000000101,-0.197806813,1577,1577,1010000000111
7289,1110001111001,-0.197806813,1577,1577,1001111000111
7353,1110010111001,-0.197386841,1578,1578,1001110100111
7385,1110011011001,-0.197386841,1578,1578,1001101100111
3077,0110000000101,-0.196966869,1579,1579,1010000000110
3193,0110001111001,-0.196966869,1579,1579,1001111000110
3257,0110010111001,-0.196546897,1580,1580,1001110100110
3289,0110011011001,-0.196546897,1580,1580,1001101100110
5125,1010000000101,-0.196126925,1581,1581,1010000000101
5241,1010001111001,-0.196126925,1581,1581,1001111000101
5305,1010010111001,-0.195706953,1582,1582,1001110100101
5337,1010011011001,-0.195706953,1582,1582,1001101100101
1029,0010000000101,-0.195286981,1583,1583,1010000000100
1145,0010001111001,-0.195286981,1583,1583,1001111000100
1209,0010010111001,-0.194867009,1584,1584,1001110100100
1241,0010011011001,-0.194867009,1584,1584,1001101100100
6149,1100000000101,-0.194447037,1585,1585,1010000000011
6265,1100001111001,-0.194447037,1585,1585,1001111000011
6329,1100010111001,-0.194027065,1586,1586,1001110100011
6361,1100011011001,-0.194027065,1586,1586,1001101100011
2053,0100000000101,-0.193607093,1587,1587,1010000000010
2169,0100001111001,-0.193607093,1587,1587,1001111000010
2233,0100010111001,-0.193187121,1588,1588,1001110100010
2265,0100011011001,-0.193187121,1588,1588,1001101100010
4101,1000000000101,-0.192767149,1589,1589,1010000000001
4217,1000001111001,-0.192767149,1589,1589,1001111000001
4281,1000010111001,-0.192347177,1590,1590,1001110100001
4313,1000011011001,-0.192347177,1590,1590,1001101100001
5,0000000000101,-0.191927205,1591,1591,1010000000000
121,0000001111001,-0.191927205,1591,1591,1001111000000
185,0000010111001,-0.191507233,1592,1592,1001110100000
217,0000011011001,-0.191507233,1592,1592,1001101100000
7993,1111100111001,-0.190667289,1594,1594,1001110011111
8025,1111101011001,-0.190667289,1594,1594,1001101011111
8089,1111110011001,-0.190247317,1595,1595,1001100111111
8169,1111111101001,-0.190247317,1595,1595,1001011111111
3897,0111100111001,-0.189827345,1596,1596,1001110011110
3929,0111101011001,-0.189827345,1596,1596,1001101011110
3993,0111110011001,-0.189407373,1597,1597,1001100111110
4073,0111111101001,-0.189407373,1597,1597,1001011111110
5945,1011100111001,-0.188987401,1598,1598,1001110011101
5977,1011101011001,-0.188987401,1598,1598,1001101011101
6041,1011110011001,-0.188567429,1599,1599,1001100111101
6121,1011111101001,-0.188567429,1599,1599,1001011111101
1849,0011100111001,-0.188147457,1600,1600,1001110011100
1881,0011101011001,-0.188147457,1600,1600,1001101011100
1945,0011110011001,-0.187727485,1601,1601,1001100111100
2025,0011111101001,-0.187727485,1601,1601,1001011111100
6969,1101100111001,-0.187307513,1602,1602,1001110011011
7001,1101101011001,-0.187307513,1602,1602,1001101011011
7065,1101110011001,-0.186887541,1603,1603,1001100111011
7145,1101111101001,-0.186887541,1603,1603,1001011111011
2873,0101100111001,-0.186467569,1604,1604,1001110011010
2905,0101101011001,-0.186467569,1604,1604,1001101011010
2969,0101110011001,-0.186047597,1605,1605,1001100111010
3049,0101111101001,-0.186047597,1605,1605,1001011111010
4921,1001100111001,-0.185627625,1606,1606,1001110011001
4953,1001101011001,-0.185627625,1606,1606,1001101011001
5017,1001110011001,-0.185207653,1607,1607,1001100111001
5097,1001111101001,-0.185207653,1607,1607,1001011111001
825,0001100111001,-0.184787681,1608,1608,1001110011000
857,0001101011001,-0.184787681,1608,1608,1001101011000
921,0001110011001,-0.184367709,1609,1609,1001100111000
1001,0001111101001,-0.184367709,1609,1609,1001011111000
7481,1110100111001,-0.183947737,1610,1610,1001110010111
7513,1110101011001,-0.183947737,1610,1610,1001101010111
7577,1110110011001,-0.183527765,1611,1611,1001100110111
7657,1110111101001,-0.183527765,1611,1611,1001011110111
3385,0110100111001,-0.183107793,1612,1612,1001110010110
3417,0110101011001,-0.183107793,1612,1612,1001101010110
3481,0110110011001,-0.182687821,1613,1613,1001100110110
3561,0110111101001,-0.182687821,1613,1613,1001011110110
5433,1010100111001,-0.182267849,1614,1614,1001110010101
5465,1010101011001,-0.182267849,1614,1614,1001101010101
5529,1010110011001,-0.181847877,1615,1615,1001100110101
5609,1010111101001,-0.181847877,1615,1615,1001011110101
1337,0010100111001,-0.181427905,1616,1616,1001110010100
1369,0010101011001,-0.181427905,1616,1616,1001101010100
1433,0010110011001,-0.181007933,1617,1617,1001100110100
1513,0010111101001,-0.181007933,1617,1617,1001011110100
6457,1100100111001,-0.180587961,1618,1618,1001110010011
6489,1100101011001,-0.180587961,1618,1618,1001101010011
6553,1100110011001,-0.180167989,1619,1619,1001100110011
6633,1100111101001,-0.180167989,1619,1619,1001011110011
2361,0100100111001,-0.179748017,1620,1620,1001110010010
2393,0100101011001,-0.179748017,1620,1620,1001101010010
2457,0100110011001,-0.179328045,1621,1621,1001100110010
2537,0100111101001,-0.179328045,1621,1621,1001011110010
4409,1000100111001,-0.178908073,1622,1622,1001110010001
4441,1000101011001,-0.178908073,1622,1622,1001101010001
4505,1000110011001,-0.178488101,1623,1623,1001100110001
4585,1000111101001,-0.178488101,1623,1623,1001011110001
313,0000100111001,-0.178068129,1624,1624,1001110010000
345,0000101011001,-0.178068129,1624,1624,1001101010000
409,0000110011001,-0.177648157,1625,1625,1001100110000
489,0000111101001,-0.177648157,1625,1625,1001011110000
7737,1111000111001,-0.177228185,1626,1626,1001110001111
7769,1111001011001,-0.177228185,1626,1626,1001101001111
7833,1111010011001,-0.176808213,1627,1627,1001100101111
7913,1111011101001,-0.176808213,1627,1627,1001011101111
3641,0111000111001,-0.176388241,1628,1628,1001110001110
3673,0111001011001,-0.176388241,1628,1628,1001101001110
3737,0111010011001,-0.175968269,1629,1629,1001100101110
3817,0111011101001,-0.175968269,1629,1629,1001011101110
5689,1011000111001,-0.175548297,1630,1630,1001110001101
5721,1011001011001,-0.175548297,1630,1630,1001101001101
5785,1011010011001,-0.175128325,1631,1631,1001100101101
5865,1011011101001,-0.175128325,1631,1631,1001011101101
1593,0011000111001,-0.174708353,1632,1632,1001110001100
1625,0011001011001,-0.174708353,1632,1632,1001101001100
1689,0011010011001,-0.174288381,1633,1633,1001100101100
1769,0011011101001,-0.174288381,1633,1633,1001011101100
6713,1101000111001,-0.173868409,1634,1634,1001110001011
6745,1101001011001,-0.173868409,1634,1634,1001101001011
6809,1101010011001,-0.173448437,1635,1635,1001100101011
6889,1101011101001,-0.173448437,1635,1635,1001011101011
2617,0101000111001,-0.173028465,1636,1636,1001110001010
2649,0101001011001,-0.173028465,1636,1636,1001101001010
2713,0101010011001,-0.172608493,1637,1637,1001100101010
2793,0101011101001,-0.172608493,1637,1637,1001011101010
4665,1001000111001,-0.172188521,1638,1638,1001110001001
4697,1001001011001,-0.172188521,1638,1638,1001101001001
4761,1001010011001,-0.171768549,1639,1639,1001100101001
4841,1001011101001,-0.171768549,1639,1639,1001011101001
569,0001000111001,-0.171348577,1640,1640,1001110001000
601,0001001011001,-0.171348577,1640,1640,1001101001000
665,0001010011001,-0.170928605,1641,1641,1001100101000
745,0001011101001,-0.170928605,1641,1641,1001011101000
7225,1110000111001,-0.170508633,1642,1642,1001110000111
7257,1110001011001,-0.170508633,1642,1642,1001101000111
7321,1110010011001,-0.170088661,1643,1643,1001100100111
7401,1110011101001,-0.170088661,1643,1643,1001011100111
3129,0110000111001,-0.169668689,1644,1644,1001110000110
3161,0110001011001,-0.169668689,1644,1644,1001101000110
3225,0110010011001,-0.169248717,1645,1645,1001100100110
3305,0110011101001,-0.169248717,1645,1645,1001011100110
5177,1010000111001,-0.168828745,1646,1646,1001110000101
5209,1010001011001,-0.168828745,1646,1646,1001101000101
5273,1010010011001,-0.168408773,1647,1647,1001100100101
5353,1010011101001,-0.168408773,1647,1647,1001011100101
1081,0010000111001,-0.167988801,1648,1648,1001110000100
1113,0010001011001,-0.167988801,1648,1648,1001101000100
1177,0010010011001,-0.167568829,1649,1649,1001100100100
1257,0010011101001,-0.167568829,1649,1649,1001011100100
6201,1100000111001,-0.167148857,1650,1650,1001110000011
6233,1100001011001,-0.167148857,1650,1650,1001101000011
6297,1100010011001,-0.166728885,1651,1651,1001100100011
6377,1100011101001,-0.166728885,1651,1651,1001011100011
2105,0100000111001,-0.166308913,1652,1652,1001110000010
2137,0100001011001,-0.166308913,1652,1652,1001101000010
2201,0100010011001,-0.165888941,1653,1653,1001100100010
2281,0100011101001,-0.165888941,1653,1653,1001011100010
4153,1000000111001,-0.165468969,1654,1654,1001110000001
4185,1000001011001,-0.165468969,1654,1654,1001101000001
4249,1000010011001,-0.165048997,1655,1655,1001100100001
4329,1000011101001,-0.165048997,1655,1655,1001011100001
57,0000000111001,-0.164629025,1656,1656,1001110000000
89,0000001011001,-0.164629025,1656,1656,1001101000000
153,0000010011001,-0.164209053,1657,1657,1001100100000
233,0000011101001,-0.164209053,1657,1657,1001011100000
7961,1111100011001,-0.163369109,1659,1659,1001100011111
8041,1111101101001,-0.163369109,1659,1659,1001011011111
8105,1111110101001,-0.162949137,1660,1660,1001010111111
8137,1111111001001,-0.162949137,1660,1660,1001001111111
3865,0111100011001,-0.162529165,1661,1661,1001100011110
3945,0111101101001,-0.162529165,1661,1661,1001011011110
4009,0111110101001,-0.162109193,1662,1662,1001010111110
4041,0111111001001,-0.162109193,1662,1662,1001001111110
5913,1011100011001,-0.161689221,1663,1663,1001100011101
5993,1011101101001,-0.161689221,1663,1663,1001011011101
6057,1011110101001,-0.161269249,1664,1664,1001010111101
6089,1011111001001,-0.161269249,1664,1664,1001001111101
1817,0011100011001,-0.160849277,1665,1665,1001100011100
1897,0011101101001,-0.160849277,1665,1665,1001011011100
1961,0011110101001,-0.160429305,1666,1666,1001010111100
1993,0011111001001,-0.160429305,1666,1666,1001001111100
6937,1101100011001,-0.160009333,1667,1667,1001100011011
7017,1101101101001,-0.160009333,1667,1667,1001011011011
7081,1101110101001,-0.159589361,1668,1668,1001010111011
7113,1101111001001,-0.159589361,1668,1668,1001001111011
2841,0101100011001,-0.159169389,1669,1669,1001100011010
2921,0101101101001,-0.159169389,1669,1669,1001011011010
2985,0101110101001,-0.158749417,1670,1670,1001010111010
3017,0101111001001,-0.158749417,1670,1670,1001001111010
4889,1001100011001,-0.158329445,1671,1671,1001100011001
4969,1001101101001,-0.158329445,1671,1671,1001011011001
5033,1001110101001,-0.157909473,1672,1672,1001010111001
5065,1001111001001,-0.157909473,1672,1672,1001001111001
793,0001100011001,-0.157489501,1673,1673,1001100011000
873,0001101101001,-0.157489501,1673,1673,1001011011000
937,0001110101001,-0.157069529,1674,1674,1001010111000
969,0001111001001,-0.157069529,1674,1674,1001001111000
7449,1110100011001,-0.156649557,1675,1675,1001100010111
7529,1110101101001,-0.156649557,1675,1675,1001011010111
7593,1110110101001,-0.156229585,1676,1676,1001010110111
7625,1110111001001,-0.156229585,1676,1676,1001001110111
3353,0110100011001,-0.155809613,1677,1677,1001100010110
3433,0110101101001,-0.155809613,1677,1677,1001011010110
3497,0110110101001,-0.155389641,1678,1678,1001010110110
3529,0110111001001,-0.155389641,1678,1678,1001001110110
5401,1010100011001,-0.154969669,1679,1679,1001100010101
5481,1010101101001,-0.154969669,1679,1679,1001011010101
5545,1010110101001,-0.154549697,1680,1680,1001010110101
5577,1010111001001,-0.154549697,1680,1680,1001001110101
1305,0010100011001,-0.154129725,1681,1681,1001100010100
1385,0010101101001,-0.154129725,1681,1681,1001011010100
1449,0010110101001,-0.153709753,1682,1682,1001010110100
1481,0010111001001,-0.153709753,1682,1682,1001001110100
6425,1100100011001,-0.153289781,1683,1683,1001100010011
6505,1100101101001,-0.153289781,1683,1683,1001011010011
6569,1100110101001,-0.152869809,1684,1684,1001010110011
6601,1100111001001,-0.152869809,1684,1684,1001001110011
2329,0100100011001,-0.152449837,1685,1685,1001100010010
2409,0100101101001,-0.152449837,1685,1685,1001011010010
2473,0100110101001,-0.152029865,1686,1686,1001010110010
2505,0100111001001,-0.152029865,1686,1686,1001001110010
4377,1000100011001,-0.151609893,1687,1687,1001100010001
4457,1000101101001,-0.151609893,1687,1687,1001011010001
4521,1000110101001,-0.151189921,1688,1688,1001010110001
4553,1000111001001,-0.151189921,1688,1688,1001001110001
281,0000100011001,-0.150769949,1689,1689,1001100010000
361,0000101101001,-0.150769949,1689,1689,1001011010000
425,0000110101001,-0.150349977,1690,1690,1001010110000
457,0000111001001,-0.150349977,1690,1690,1001001110000
7705,1111000011001,-0.149930005,1691,1691,1001100001111
7785,1111001101001,-0.149930005,1691,1691,1001011001111
7849,1111010101001,-0.149510033,1692,1692,1001010101111
7881,1111011001001,-0.149510033,1692,1692,1001001101111
3609,0111000011001,-0.149090061,1693,1693,1001100001110
3689,0111001101001,-0.149090061,1693,1693,1001011001110
3753,0111010101001,-0.148670089,1694,1694,1001010101110
3785,0111011001001,-0.148670089,1694,1694,1001001101110
5657,1011000011001,-0.148250117,1695,1695,1001100001101
5737,1011001101001,-0.148250117,1695,1695,1001011001101
5801,1011010101001,-0.147830145,1696,1696,1001010101101
5833,1011011001001,-0.147830145,1696,1696,1001001101101
1561,0011000011001,-0.147410173,1697,1697,1001100001100
1641,0011001101001,-0.147410173,1697,1697,1001011001100
1705,0011010101001,-0.146990201,1698,1698,1001010101100
1737,0011011001001,-0.146990201,1698,1698,1001001101100
6681,1101000011001,-0.146570229,1699,1699,1001100001011
6761,1101001101001,-0.146570229,1699,1699,1001011001011
6825,1101010101001,-0.146150257,1700,1700,1001010101011
6857,1101011001001,-0.146150257,1700,1700,1001001101011
2585,0101000011001,-0.145730285,1701,1701,1001100001010
2665,0101001101001,-0.145730285,1701,1701,1001011001010
2729,0101010101001,-0.145310313,1702,1702,1001010101010
2761,0101011001001,-0.145310313,1702,1702,1001001101010
4633,1001000011001,-0.144890341,1703,1703,1001100001001
4713,1001001101001,-0.144890341,1703,1703,1001011001001
4777,1001010101001,-0.144470369,1704,1704,1001010101001
4809,1001011001001,-0.144470369,1704,1704,1001001101001
537,0001000011001,-0.144050397,1705,1705,1001100001000
617,0001001101001,-0.144050397,1705,1705,1001011001000
681,0001010101001,-0.143630425,1706,1706,1001010101000
713,0001011001001,-0.143630425,1706,1706,1001001101000
7193,1110000011001,-0.143210453,1707,1707,1001100000111
7273,1110001101001,-0.143210453,1707,1707,1001011000111
7337,1110010101001,-0.142790481,1708,1708,1001010100111
7369,1110011001001,-0.142790481,1708,1708,1001001100111
3097,0110000011001,-0.142370509,1709,1709,1001100000110
3177,0110001101001,-0.142370509,1709,1709,1001011000110
3241,0110010101001,-0.141950537,1710,1710,1001010100110
3273,0110011001001,-0.141950537,1710,1710,1001001100110
5145,1010000011001,-0.141530565,1711,1711,1001100000101
5225,1010001101001,-0.141530565,1711,1711,1001011000101
5289,1010010101001,-0.141110593,1712,1712,1001010100101
5321,1010011001001,-0.141110593,1712,1712,1001001100101
1049,0010000011001,-0.140690621,1713,1713,1001100000100
1129,0010001101001,-0.140690621,1713,1713,1001011000100
1193,0010010101001,-0.140270649,1714,1714,1001010100100
1225,0010011001001,-0.140270649,1714,1714,1001001100100
6169,1100000011001,-0.139850677,1715,1715,1001100000011
6249,1100001101001,-0.139850677,1715,1715,1001011000011
6313,1100010101001,-0.139430705,1716,1716,1001010100011
6345,1100011001001,-0.139430705,1716,1716,1001001100011
2073,0100000011001,-0.139010733,1717,1717,1001100000010
2153,0100001101001,-0.139010733,1717,1717,1001011000010
2217,0100010101001,-0.138590761,1718,1718,1001010100010
2249,0100011001001,-0.138590761,1718,1718,1001001100010
4121,1000000011001,-0.138170789,1719,1719,1001100000001
4201,1000001101001,-0.138170789,1719,1719,1001011000001
4265,1000010101001,-0.137750817,1720,1720,1001010100001
4297,1000011001001,-0.137750817,1720,1720,1001001100001
25,0000000011001,-0.137330845,1721,1721,1001100000000
105,0000001101001,-0.137330845,1721,1721,1001011000000
169,0000010101001,-0.136910873,1722,1722,1001010100000
201,0000011001001,-0.136910873,1722,1722,1001001100000
7977,1111100101001,-0.136070929,1724,1724,1001010011111
8009,1111101001001,-0.136070929,1724,1724,1001001011111
8073,1111110001001,-0.135650957,1725,1725,1001000111111
8177,1111111110001,-0.135650957,1725,1725,1000111111111
3881,0111100101001,-0.135230985,1726,1726,1001010011110
3913,0111101001001,-0.135230985,1726,1726,1001001011110
3977,0111110001001,-0.134811013,1727,1727,1001000111110
4081,0111111110001,-0.134811013,1727,1727,1000111111110
5929,1011100101001,-0.134391041,1728,1728,1001010011101
5961,1011101001001,-0.134391041,1728,1728,1001001011101
6025,1011110001001,-0.133971069,1729,1729,1001000111101
6129,1011111110001,-0.133971069,1729,1729,1000111111101
1833,0011100101001,-0.133551097,1730,1730,1001010011100
1865,0011101001001,-0.133551097,1730,1730,1001001011100
1929,0011110001001,-0.133131125,1731,1731,1001000111100
2033,0011111110001,-0.133131125,1731,1731,1000111111100
6953,1101100101001,-0.132711153,1732,1732,1001010011011
6985,1101101001001,-0.132711153,1732,1732,1001001011011
7049,1101110001001,-0.132291181,1733,1733,1001000111011
7153,1101111110001,-0.132291181,1733,1733,1000111111011
2857,0101100101001,-0.131871209,1734,1734,1001010011010
2889,0101101001001,-0.131871209,1734,1734,1001001011010
2953,0101110001001,-0.131451237,1735,1735,1001000111010
3057,0101111110001,-0.131451237,1735,1735,1000111111010
4905,1001100101001,-0.131031265,1736,1736,1001010011001
4937,1001101001001,-0.131031265,1736,1736,1001001011001
5001,1001110001001,-0.130611293,1737,1737,1001000111001
5105,1001111110001,-0.130611293,1737,1737,1000111111001
809,0001100101001,-0.130191321,1738,1738,1001010011000
841,0001101001001,-0.130191321,1738,1738,1001001011000
905,0001110001001,-0.129771349,1739,1739,1001000111000
1009,0001111110001,-0.129771349,1739,1739,1000111111000
7465,1110100101001,-0.129351377,1740,1740,1001010010111
7497,1110101001001,-0.129351377,1740,1740,1001001010111
7561,1110110001001,-0.128931405,1741,1741,1001000110111
7665,1110111110001,-0.128931405,1741,1741,1000111110111
3369,0110100101001,-0.128511433,1742,1742,1001010010110
3401,0110101001001,-0.128511433,1742,1742,1001001010110
3465,0110110001001,-0.128091461,1743,1743,1001000110110
3569,0110111110001,-0.128091461,1743,1743,1000111110110
5417,1010100101001,-0.127671489,1744,1744,1001010010101
5449,1010101001001,-0.127671489,1744,1744,1001001010101
5513,1010110001001,-0.127251517,1745,1745,1001000110101
5617,1010111110001,-0.127251517,1745,1745,1000111110101
1321,0010100101001,-0.126831545,1746,1746,1001010010100
1353,0010101001001,-0.126831545,1746,1746,1001001010100
1417,0010110001001,-0.126411573,1747,1747,1001000110100
1521,0010111110001,-0.126411573,1747,1747,1000111110100
6441,1100100101001,-0.125991601,1748,1748,1001010010011
6473,1100101001001,-0.125991601,1748,1748,1001001010011
6537,1100110001001,-0.125571629,1749,1749,1001000110011
6641,1100111110001,-0.125571629,1749,1749,1000111110011
2345,0100100101001,-0.125151657,1750,1750,1001010010010
2377,0100101001001,-0.125151657,1750,1750,1001001010010
2441,0100110001001,-0.124731685,1751,1751,1001000110010
2545,0100111110001,-0.124731685,1751,1751,1000111110010
4393,1000100101001,-0.124311713,1752,1752,1001010010001
4425,1000101001001,-0.124311713,1752,1752,1001001010001
4489,1000110001001,-0.123891741,1753,1753,1001000110001
4593,1000111110001,-0.123891741,1753,1753,1000111110001
297,0000100101001,-0.123471769,1754,1754,1001010010000
329,0000101001001,-0.123471769,1754,1754,1001001010000
393,0000110001001,-0.123051797,1755,1755,1001000110000
497,0000111110001,-0.123051797,1755,1755,1000111110000
7721,1111000101001,-0.122631825,1756,1756,1001010001111
7753,1111001001001,-0.122631825,1756,1756,1001001001111
7817,1111010001001,-0.122211853,1757,1757,1001000101111
7921,1111011110001,-0.122211853,1757,1757,1000111101111
3625,0111000101001,-0.121791881,1758,1758,1001010001110
3657,0111001001001,-0.121791881,1758,1758,1001001001110
3721,0111010001001,-0.121371909,1759,1759,1001000101110
3825,0111011110001,-0.121371909,1759,1759,1000111101110
5673,1011000101001,-0.120951937,1760,1760,1001010001101
5705,1011001001001,-0.120951937,1760,1760,1001001001101
5769,1011010001001,-0.120531965,1761,1761,1001000101101
5873,1011011110001,-0.120531965,1761,1761,1000111101101
1577,0011000101001,-0.120111993,1762,1762,1001010001100
1609,0011001001001,-0.120111993,1762,1762,1001001001100
1673,0011010001001,-0.119692021,1763,1763,1001000101100
1777,0011011110001,-0.119692021,1763,1763,1000111101100
6697,1101000101001,-0.119272049,1764,1764,1001010001011
6729,1101001001001,-0.119272049,1764,1764,1001001001011
6793,1101010001001,-0.118852077,1765,1765,1001000101011
6897,1101011110001,-0.118852077,1765,1765,1000111101011
2601,0101000101001,-0.118432105,1766,1766,1001010001010
2633,0101001001001,-0.118432105,1766,1766,1001001001010
2697,0101010001001,-0.118012133,1767,1767,1001000101010
2801,0101011110001,-0.118012133,1767,1767,1000111101010
4649,1001000101001,-0.117592161,1768,1768,1001010001001
4681,1001001001001,-0.117592161,1768,1768,1001001001001
4745,1001010001001,-0.117172189,1769,1769,1001000101001
4849,1001011110001,-0.117172189,1769,1769,1000111101001
553,0001000101001,-0.116752217,1770,1770,1001010001000
585,0001001001001,-0.116752217,1770,1770,1001001001000
649,0001010001001,-0.116332245,1771,1771,1001000101000
753,0001011110001,-0.116332245,1771,1771,1000111101000
7209,1110000101001,-0.115912273,1772,1772,1001010000111
7241,1110001001001,-0.115912273,1772,1772,1001001000111
7305,1110010001001,-0.115492301,1773,1773,1001000100111
7409,1110011110001,-0.115492301,1773,1773,1000111100111
3113,0110000101001,-0.115072329,1774,1774,1001010000110
3145,0110001001001,-0.115072329,1774,1774,1001001000110
3209,0110010001001,-0.114652357,1775,1775,1001000100110
3313,0110011110001,-0.114652357,1775,1775,1000111100110
5161,1010000101001,-0.114232385,1776,1776,1001010000101
5193,1010001001001,-0.114232385,1776,1776,1001001000101
5257,1010010001001,-0.113812413,1777,1777,1001000100101
5361,1010011110001,-0.113812413,1777,1777,1000111100101
1065,0010000101001,-0.113392441,1778,1778,1001010000100
1097,0010001001001,-0.113392441,1778,1778,1001001000100
1161,0010010001001,-0.112972469,1779,1779,1001000100100
1265,0010011110001,-0.112972469,1779,1779,1000111100100
6185,1100000101001,-0.112552497,1780,1780,1001010000011
6217,1100001001001,-0.112552497,1780,1780,1001001000011
6281,1100010001001,-0.112132524,1781,1781,1001000100011
6385,1100011110001,-0.112132524,1781,1781,1000111100011
2089,0100000101001,-0.111712552,1782,1782,1001010000010
2121,0100001001001,-0.111712552,1782,1782,1001001000010
2185,0100010001001,-0.111292580,1783,1783,1001000100010
2289,0100011110001,-0.111292580,1783,1783,1000111100010
4137,1000000101001,-0.110872608,1784,1784,1001010000001
4169,1000001001001,-0.110872608,1784,1784,1001001000001
4233,1000010001001,-0.110452636,1785,1785,1001000100001
4337,1000011110001,-0.110452636,1785,1785,1000111100001
41,0000000101001,-0.110032664,1786,1786,1001010000000
73,0000001001001,-0.110032664,1786,1786,1001001000000
137,0000010001001,-0.109612692,1787,1787,1001000100000
241,0000011110001,-0.109612692,1787,1787,1000111100000
7945,1111100001001,-0.108772748,1789,1789,1001000011111
8049,1111101110001,-0.108772748,1789,1789,1000111011111
8113,1111110110001,-0.108352776,1790,1790,1000110111111
8145,1111111010001,-0.108352776,1790,1790,1000101111111
3849,0111100001001,-0.107932804,1791,1791,1001000011110
3953,0111101110001,-0.107932804,1791,1791,1000111011110
4017,0111110110001,-0.107512832,1792,1792,1000110111110
4049,0111111010001,-0.107512832,1792,1792,1000101111110
5897,1011100001001,-0.107092860,1793,1793,1001000011101
6001,1011101110001,-0.107092860,1793,1793,1000111011101
6065,1011110110001,-0.106672888,1794,1794,1000110111101
6097,1011111010001,-0.106672888,1794,1794,1000101111101
1801,0011100001001,-0.106252916,1795,1795,1001000011100
1905,0011101110001,-0.106252916,1795,1795,1000111011100
1969,0011110110001,-0.105832944,1796,1796,1000110111100
2001,0011111010001,-0.105832944,1796,1796,1000101111100
6921,1101100001001,-0.105412972,1797,1797,1001000011011
7025,1101101110001,-0.105412972,1797,1797,1000111011011
7089,1101110110001,-0.104993000,1798,1798,1000110111011
7121,1101111010001,-0.104993000,1798,1798,1000101111011
2825,0101100001001,-0.104573028,1799,1799,1001000011010
2929,0101101110001,-0.104573028,1799,1799,1000111011010
2993,0101110110001,-0.104153056,1800,1800,1000110111010
3025,0101111010001,-0.104153056,1800,1800,1000101111010
4873,1001100001001,-0.103733084,1801,1801,1001000011001
4977,1001101110001,-0.103733084,1801,1801,1000111011001
5041,1001110110001,-0.103313112,1802,1802,1000110111001
5073,1001111010001,-0.103313112,1802,1802,1000101111001
777,0001100001001,-0.102893140,1803,1803,1001000011000
881,0001101110001,-0.102893140,1803,1803,1000111011000
945,0001110110001,-0.102473168,1804,1804,1000110111000
977,0001111010001,-0.102473168,1804,1804,1000101111000
7433,1110100001001,-0.102053196,1805,1805,1001000010111
7537,1110101110001,-0.102053196,1805,1805,1000111010111
7601,1110110110001,-0.101633224,1806,1806,1000110110111
7633,1110111010001,-0.101633224,1806,1806,1000101110111
3337,0110100001001,-0.101213252,1807,1807,1001000010110
3441,0110101110001,-0.101213252,1807,1807,1000111010110
3505,0110110110001,-0.100793280,1808,1808,1000110110110
3537,0110111010001,-0.100793280,1808,1808,1000101110110
5385,1010100001001,-0.100373308,1809,1809,1001000010101
5489,1010101110001,-0.100373308,1809,1809,1000111010101
5553,1010110110001,-0.099953336,1810,1810,1000110110101
5585,1010111010001,-0.099953336,1810,1810,1000101110101
1289,0010100001001,-0.099533364,1811,1811,1001000010100
1393,0010101110001,-0.099533364,1811,1811,1000111010100
1457,0010110110001,-0.099113392,1812,1812,1000110110100
1489,0010111010001,-0.099113392,1812,1812,1000101110100
6409,1100100001001,-0.098693420,1813,1813,1001000010011
6513,1100101110001,-0.098693420,1813,1813,1000111010011
6577,1100110110001,-0.098273448,1814,1814,1000110110011
6609,1100111010001,-0.098273448,1814,1814,1000101110011
2313,0100100001001,-0.097853476,1815,1815,1001000010010
2417,0100101110001,-0.097853476,1815,1815,1000111010010
2481,0100110110001,-0.097433504,1816,1816,1000110110010
2513,0100111010001,-0.097433504,1816,1816,1000101110010
4361,1000100001001,-0.097013532,1817,1817,1001000010001
4465,1000101110001,-0.097013532,1817,1817,1000111010001
4529,1000110110001,-0.096593560,1818,1818,1000110110001
4561,1000111010001,-0.096593560,1818,1818,1000101110001
265,0000100001001,-0.096173588,1819,1819,1001000010000
369,0000101110001,-0.096173588,1819,1819,1000111010000
433,0000110110001,-0.095753616,1820,1820,1000110110000
465,0000111010001,-0.095753616,1820,1820,1000101110000
7689,1111000001001,-0.095333644,1821,1821,1001000001111
7793,1111001110001,-0.095333644,1821,1821,1000111001111
7857,1111010110001,-0.094913672,1822,1822,1000110101111
7889,1111011010001,-0.094913672,1822,1822,1000101101111
3593,0111000001001,-0.094493700,1823,1823,1001000001110
3697,0111001110001,-0.094493700,1823,1823,1000111001110
3761,0111010110001,-0.094073728,1824,1824,1000110101110
3793,0111011010001,-0.094073728,1824,1824,1000101101110
5641,1011000001001,-0.093653756,1825,1825,1001000001101
5745,1011001110001,-0.093653756,1825,1825,1000111001101
5809,1011010110001,-0.093233784,1826,1826,1000110101101
5841,1011011010001,-0.093233784,1826,1826,1000101101101
1545,0011000001001,-0.092813812,1827,1827,1001000001100
1649,0011001110001,-0.092813812,1827,1827,1000111001100
1713,0011010110001,-0.092393840,1828,1828,1000110101100
1745,0011011010001,-0.092393840,1828,1828,1000101101100
6665,1101000001001,-0.091973868,1829,1829,1001000001011
6769,1101001110001,-0.091973868,1829,1829,1000111001011
6833,1101010110001,-0.091553896,1830,1830,1000110101011
6865,1101011010001,-0.091553896,1830,1830,1000101101011
2569,0101000001001,-0.091133924,1831,1831,1001000001010
2673,0101001110001,-0.091133924,1831,1831,1000111001010
2737,0101010110001,-0.090713952,1832,1832,1000110101010
2769,0101011010001,-0.090713952,1832,1832,1000101101010
4617,1001000001001,-0.090293980,1833,1833,1001000001001
4721,1001001110001,-0.090293980,1833,1833,1000111001001
4785,1001010110001,-0.089874008,1834,1834,1000110101001
4817,1001011010001,-0.089874008,1834,1834,1000101101001
521,0001000001001,-0.089454036,1835,1835,1001000001000
625,0001001110001,-0.089454036,1835,1835,1000111001000
689,0001010110001,-0.089034064,1836,1836,1000110101000
721,0001011010001,-0.089034064,1836,1836,1000101101000
7177,1110000001001,-0.088614092,1837,1837,1001000000111
7281,1110001110001,-0.088614092,1837,1837,1000111000111
7345,1110010110001,-0.088194120,1838,1838,1000110100111
7377,1110011010001,-0.088194120,1838,1838,1000101100111
3081,0110000001001,-0.087774148,1839,1839,1001000000110
3185,0110001110001,-0.087774148,1839,1839,1000111000110
3249,0110010110001,-0.087354176,1840,1840,1000110100110
3281,0110011010001,-0.087354176,1840,1840,1000101100110
5129,1010000001001,-0.086934204,1841,1841,1001000000101
5233,1010001110001,-0.086934204,1841,1841,1000111000101
5297,1010010110001,-0.086514232,1842,1842,1000110100101
5329,1010011010001,-0.086514232,1842,1842,1000101100101
1033,0010000001001,-0.086094260,1843,1843,1001000000100
1137,0010001110001,-0.086094260,1843,1843,1000111000100
1201,0010010110001,-0.085674288,1844,1844,1000110100100
1233,0010011010001,-0.085674288,1844,1844,1000101100100
6153,1100000001001,-0.085254316,1845,1845,1001000000011
6257,1100001110001,-0.085254316,1845,1845,1000111000011
6321,1100010110001,-0.084834344,1846,1846,1000110100011
6353,1100011010001,-0.084834344,1846,1846,1000101100011
2057,0100000001001,-0.084414372,1847,1847,1001000000010
2161,0100001110001,-0.084414372,1847,1847,1000111000010
2225,0100010110001,-0.083994400,1848,1848,1000110100010
2257,0100011010001,-0.083994400,1848,1848,1000101100010
4105,1000000001001,-0.083574428,1849,1849,1001000000001
4209,1000001110001,-0.083574428,1849,1849,1000111000001
4273,1000010110001,-0.083154456,1850,1850,1000110100001
4305,1000011010001,-0.083154456,1850,1850,1000101100001
9,0000000001001,-0.082734484,1851,1851,1001000000000
113,0000001110001,-0.082734484,1851,1851,1000111000000
177,0000010110001,-0.082314512,1852,1852,1000110100000
209,0000011010001,-0.082314512,1852,1852,1000101100000
7985,1111100110001,-0.081474568,1854,1854,1000110011111
8017,1111101010001,-0.081474568,1854,1854,1000101011111
8081,1111110010001,-0.081054596,1855,1855,1000100111111
8161,1111111100001,-0.081054596,1855,1855,1000011111111
3889,0111100110001,-0.080634624,1856,1856,1000110011110
3921,0111101010001,-0.080634624,1856,1856,1000101011110
3985,0111110010001,-0.080214652,1857,1857,1000100111110
4065,0111111100001,-0.080214652,1857,1857,1000011111110
5937,1011100110001,-0.079794680,1858,1858,1000110011101
5969,1011101010001,-0.079794680,1858,1858,1000101011101
6033,1011110010001,-0.079374708,1859,1859,1000100111101
6113,1011111100001,-0.079374708,1859,1859,1000011111101
1841,0011100110001,-0.078954736,1860,1860,1000110011100
1873,0011101010001,-0.078954736,1860,1860,1000101011100
1937,0011110010001,-0.078534764,1861,1861,1000100111100
2017,0011111100001,-0.078534764,1861,1861,1000011111100
6961,1101100110001,-0.078114792,1862,1862,1000110011011
6993,1101101010001,-0.078114792,1862,1862,1000101011011
7057,1101110010001,-0.077694820,1863,1863,1000100111011
7137,1101111100001,-0.077694820,1863,1863,1000011111011
2865,0101100110001,-0.077274848,1864,1864,1000110011010
2897,0101101010001,-0.077274848,1864,1864,1000101011010
2961,0101110010001,-0.076854876,1865,1865,1000100111010
3041,0101111100001,-0.076854876,1865,1865,1000011111010
4913,1001100110001,-0.076434904,1866,1866,1000110011001
4945,1001101010001,-0.076434904,1866,1866,1000101011001
5009,1001110010001,-0.076014932,1867,1867,1000100111001
5089,1001111100001,-0.076014932,1867,1867,1000011111001
817,0001100110001,-0.075594960,1868,1868,1000110011000
849,0001101010001,-0.075594960,1868,1868,1000101011000
913,0001110010001,-0.075174988,1869,1869,1000100111000
993,0001111100001,-0.075174988,1869,1869,1000011111000
7473,1110100110001,-0.074755016,1870,1870,1000110010111
7505,1110101010001,-0.074755016,1870,1870,1000101010111
7569,1110110010001,-0.074335044,1871,1871,1000100110111
7649,1110111100001,-0.074335044,1871,1871,1000011110111
3377,0110100110001,-0.073915072,1872,1872,1000110010110
3409,0110101010001,-0.073915072,1872,1872,1000101010110
3473,0110110010001,-0.073495100,1873,1873,1000100110110
3553,0110111100001,-0.073495100,1873,1873,1000011110110
5425,1010100110001,-0.073075128,1874,1874,1000110010101
5457,1010101010001,-0.073075128,1874,1874,1000101010101
5521,1010110010001,-0.072655156,1875,1875,1000100110101
5601,1010111100001,-0.072655156,1875,1875,1000011110101
1329,0010100110001,-0.072235184,1876,1876,1000110010100
1361,0010101010001,-0.072235184,1876,1876,1000101010100
1425,0010110010001,-0.071815212,1877,1877,1000100110100
1505,0010111100001,-0.071815212,1877,1877,1000011110100
6449,1100100110001,-0.071395240,1878,1878,1000110010011
6481,1100101010001,-0.071395240,1878,1878,1000101010011
6545,1100110010001,-0.070975268,1879,1879,1000100110011
6625,1100111100001,-0.070975268,1879,1879,1000011110011
2353,0100100110001,-0.070555296,1880,1880,1000110010010
2385,0100101010001,-0.070555296,1880,1880,1000101010010
2449,0100110010001,-0.070135324,1881,1881,1000100110010
2529,0100111100001,-0.070135324,1881,1881,1000011110010
4401,1000100110001,-0.069715352,1882,1882,1000110010001
4433,1000101010001,-0.069715352,1882,1882,1000101010001
4497,1000110010001,-0.069295380,1883,1883,1000100110001
4577,1000111100001,-0.069295380,1883,1883,1000011110001
305,0000100110001,-0.068875408,1884,1884,1000110010000
337,0000101010001,-0.068875408,1884,1884,1000101010000
401,0000110010001,-0.068455436,1885,1885,1000100110000
481,0000111100001,-0.068455436,1885,1885,1000011110000
7729,1111000110001,-0.068035464,1886,1886,1000110001111
7761,1111001010001,-0.068035464,1886,1886,1000101001111
7825,1111010010001,-0.067615492,1887,1887,1000100101111
7905,1111011100001,-0.067615492,1887,1887,1000011101111
3633,0111000110001,-0.067195520,1888,1888,1000110001110
3665,0111001010001,-0.067195520,1888,1888,1000101001110
3729,0111010010001,-0.066775548,1889,1889,1000100101110
3809,0111011100001,-0.066775548,1889,1889,1000011101110
5681,1011000110001,-0.066355576,1890,1890,1000110001101
5713,1011001010001,-0.066355576,1890,1890,1000101001101
5777,1011010010001,-0.065935604,1891,1891,1000100101101
5857,1011011100001,-0.065935604,1891,1891,1000011101101
1585,0011000110001,-0.065515632,1892,1892,1000110001100
1617,0011001010001,-0.065515632,1892,1892,1000101001100
1681,0011010010001,-0.065095660,1893,1893,1000100101100
1761,0011011100001,-0.065095660,1893,1893,1000011101100
6705,1101000110001,-0.064675688,1894,1894,1000110001011
6737,1101001010001,-0.064675688,1894,1894,1000101001011
6801,1101010010001,-0.064255716,1895,1895,1000100101011
6881,1101011100001,-0.064255716,1895,1895,1000011101011
2609,0101000110001,-0.063835744,1896,1896,1000110001010
2641,0101001010001,-0.063835744,1896,1896,1000101001010
2705,0101010010001,-0.063415772,1897,1897,1000100101010
2785,0101011100001,-0.063415772,1897,1897,1000011101010
4657,1001000110001,-0.062995800,1898,1898,1000110001001
4689,1001001010001,-0.062995800,1898,1898,1000101001001
4753,1001010010001,-0.062575828,1899,1899,1000100101001
4833,1001011100001,-0.062575828,1899,1899,1000011101001
561,0001000110001,-0.062155856,1900,1900,1000110001000
593,0001001010001,-0.062155856,1900,1900,1000101001000
657,0001010010001,-0.061735884,1901,1901,1000100101000
737,0001011100001,-0.061735884,1901,1901,1000011101000
7217,1110000110001,-0.061315912,1902,1902,1000110000111
7249,1110001010001,-0.061315912,1902,1902,1000101000111
7313,1110010010001,-0.060895940,1903,1903,1000100100111
7393,1110011100001,-0.060895940,1903,1903,1000011100111
3121,0110000110001,-0.060475968,1904,1904,1000110000110
3153,0110001010001,-0.060475968,1904,1904,1000101000110
3217,0110010010001,-0.060055996,1905,1905,1000100100110
3297,0110011100001,-0.060055996,1905,1905,1000011100110
5169,1010000110001,-0.059636024,1906,1906,1000110000101
5201,1010001010001,-0.059636024,1906,1906,1000101000101
5265,1010010010001,-0.059216052,1907,1907,1000100100101
5345,1010011100001,-0.059216052,1907,1907,1000011100101
1073,0010000110001,-0.058796080,1908,1908,1000110000100
1105,0010001010001,-0.058796080,1908,1908,1000101000100
1169,0010010010001,-0.058376108,1909,1909,1000100100100
1249,0010011100001,-0.058376108,1909,1909,1000011100100
6193,1100000110001,-0.057956136,1910,1910,1000110000011
6225,1100001010001,-0.057956136,1910,1910,1000101000011
6289,1100010010001,-0.057536164,1911,1911,1000100100011
6369,1100011100001,-0.057536164,1911,1911,1000011100011
2097,0100000110001,-0.057116192,1912,1912,1000110000010
2129,0100001010001,-0.057116192,1912,1912,1000101000010
2193,0100010010001,-0.056696220,1913,1913,1000100100010
2273,0100011100001,-0.056696220,1913,1913,1000011100010
4145,1000000110001,-0.056276248,1914,1914,1000110000001
4177,1000001010001,-0.056276248,1914,1914,1000101000001
4241,1000010010001,-0.055856276,1915,1915,1000100100001
4321,1000011100001,-0.055856276,1915,1915,1000011100001
49,0000000110001,-0.055436304,1916,1916,1000110000000
81,0000001010001,-0.055436304,1916,1916,1000101000000
145,0000010010001,-0.055016332,1917,1917,1000100100000
225,0000011100001,-0.055016332,1917,1917,1000011100000
7953,1111100010001,-0.054176388,1919,1919,1000100011111
8033,1111101100001,-0.054176388,1919,1919,1000011011111
8097,1111110100001,-0.053756416,1920,1920,1000010111111
8129,1111111000001,-0.053756416,1920,1920,1000001111111
3857,0111100010001,-0.053336444,1921,1921,1000100011110
3937,0111101100001,-0.053336444,1921,1921,1000011011110
4001,0111110100001,-0.052916472,1922,1922,1000010111110
4033,0111111000001,-0.052916472,1922,1922,1000001111110
5905,1011100010001,-0.052496500,1923,1923,1000100011101
5985,1011101100001,-0.052496500,1923,1923,1000011011101
6049,1011110100001,-0.052076528,1924,1924,1000010111101
6081,1011111000001,-0.052076528,1924,1924,1000001111101
1809,0011100010001,-0.051656556,1925,1925,1000100011100
1889,0011101100001,-0.051656556,1925,1925,1000011011100
1953,0011110100001,-0.051236584,1926,1926,1000010111100
1985,0011111000001,-0.051236584,1926,1926,1000001111100
6929,1101100010001,-0.050816612,1927,1927,1000100011011
7009,1101101100001,-0.050816612,1927,1927,1000011011011
7073,1101110100001,-0.050396640,1928,1928,1000010111011
7105,1101111000001,-0.050396640,1928,1928,1000001111011
2833,0101100010001,-0.049976668,1929,1929,1000100011010
2913,0101101100001,-0.049976668,1929,1929,1000011011010
2977,0101110100001,-0.049556696,1930,1930,1000010111010
3009,0101111000001,-0.049556696,1930,1930,1000001111010
4881,1001100010001,-0.049136724,1931,1931,1000100011001
4961,1001101100001,-0.049136724,1931,1931,1000011011001
5025,1001110100001,-0.048716752,1932,1932,1000010111001
5057,1001111000001,-0.048716752,1932,1932,1000001111001
785,0001100010001,-0.048296780,1933,1933,1000100011000
865,0001101100001,-0.048296780,1933,1933,1000011011000
929,0001110100001,-0.047876808,1934,1934,1000010111000
961,0001111000001,-0.047876808,1934,1934,1000001111000
7441,1110100010001,-0.047456836,1935,1935,1000100010111
7521,1110101100001,-0.047456836,1935,1935,1000011010111
7585,1110110100001,-0.047036864,1936,1936,1000010110111
7617,1110111000001,-0.047036864,1936,1936,1000001110111
3345,0110100010001,-0.046616892,1937,1937,1000100010110
3425,0110101100001,-0.046616892,1937,1937,1000011010110
3489,0110110100001,-0.046196920,1938,1938,1000010110110
3521,0110111000001,-0.046196920,1938,1938,1000001110110
5393,1010100010001,-0.045776948,1939,1939,1000100010101
5473,1010101100001,-0.045776948,1939,1939,1000011010101
5537,1010110100001,-0.045356976,1940,1940,1000010110101
5569,1010111000001,-0.045356976,1940,1940,1000001110101
1297,0010100010001,-0.044937004,1941,1941,1000100010100
1377,0010101100001,-0.044937004,1941,1941,1000011010100
1441,0010110100001,-0.044517032,1942,1942,1000010110100
1473,0010111000001,-0.044517032,1942,1942,1000001110100
6417,1100100010001,-0.044097060,1943,1943,1000100010011
6497,1100101100001,-0.044097060,1943,1943,1000011010011
6561,1100110100001,-0.043677088,1944,1944,1000010110011
6593,1100111000001,-0.043677088,1944,1944,1000001110011
2321,0100100010001,-0.043257116,1945,1945,1000100010010
2401,0100101100001,-0.043257116,1945,1945,1000011010010
2465,0100110100001,-0.042837144,1946,1946,1000010110010
2497,0100111000001,-0.042837144,1946,1946,1000001110010
4369,1000100010001,-0.042417172,1947,1947,1000100010001
4449,1000101100001,-0.042417172,1947,1947,1000011010001
4513,1000110100001,-0.041997200,1948,1948,1000010110001
4545,1000111000001,-0.041997200,1948,1948,1000001110001
273,0000100010001,-0.041577228,1949,1949,1000100010000
353,0000101100001,-0.041577228,1949,1949,1000011010000
417,0000110100001,-0.041157256,1950,1950,1000010110000
449,0000111000001,-0.041157256,1950,1950,1000001110000
7697,1111000010001,-0.040737284,1951,1951,1000100001111
7777,1111001100001,-0.040737284,1951,1951,1000011001111
7841,1111010100001,-0.040317312,1952,1952,1000010101111
7873,1111011000001,-0.040317312,1952,1952,1000001101111
3601,0111000010001,-0.039897340,1953,1953,1000100001110
3681,0111001100001,-0.039897340,1953,1953,1000011001110
3745,0111010100001,-0.039477368,1954,1954,1000010101110
3777,0111011000001,-0.039477368,1954,1954,1000001101110
5649,1011000010001,-0.039057396,1955,1955,1000100001101
5729,1011001100001,-0.039057396,1955,1955,1000011001101
5793,1011010100001,-0.038637424,1956,1956,1000010101101
5825,1011011000001,-0.038637424,1956,1956,1000001101101
1553,0011000010001,-0.038217452,1957,1957,1000100001100
1633,0011001100001,-0.038217452,1957,1957,1000011001100
1697,0011010100001,-0.037797480,1958,1958,1000010101100
1729,0011011000001,-0.037797480,1958,1958,1000001101100
6673,1101000010001,-0.037377508,1959,1959,1000100001011
6753,1101001100001,-0.037377508,1959,1959,1000011001011
6817,1101010100001,-0.036957536,1960,1960,1000010101011
6849,1101011000001,-0.036957536,1960,1960,1000001101011
2577,0101000010001,-0.036537564,1961,1961,1000100001010
2657,0101001100001,-0.036537564,1961,1961,1000011001010
2721,0101010100001,-0.036117592,1962,1962,1000010101010
2753,0101011000001,-0.036117592,1962,1962,1000001101010
4625,1001000010001,-0.035697620,1963,1963,1000100001001
4705,1001001100001,-0.035697620,1963,1963,1000011001001
4769,1001010100001,-0.035277648,1964,1964,1000010101001
4801,1001011000001,-0.035277648,1964,1964,1000001101001
529,0001000010001,-0.034857676,1965,1965,1000100001000
609,0001001100001,-0.034857676,1965,1965,1000011001000
673,0001010100001,-0.034437704,1966,1966,1000010101000
705,0001011000001,-0.034437704,1966,1966,1000001101000
7185,1110000010001,-0.034017732,1967,1967,1000100000111
7265,1110001100001,-0.034017732,1967,1967,1000011000111
7329,1110010100001,-0.033597760,1968,1968,1000010100111
7361,1110011000001,-0.033597760,1968,1968,1000001100111
3089,0110000010001,-0.033177788,1969,1969,1000100000110
3169,0110001100001,-0.033177788,1969,1969,1000011000110
3233,0110010100001,-0.032757816,1970,1970,1000010100110
3265,0110011000001,-0.032757816,1970,1970,1000001100110
5137,1010000010001,-0.032337844,1971,1971,1000100000101
5217,1010001100001,-0.032337844,1971,1971,1000011000101
5281,1010010100001,-0.031917872,1972,1972,1000010100101
5313,1010011000001,-0.031917872,1972,1972,1000001100101
1041,0010000010001,-0.031497900,1973,1973,1000100000100
1121,0010001100001,-0.031497900,1973,1973,1000011000100
1185,0010010100001,-0.031077928,1974,1974,1000010100100
1217,0010011000001,-0.031077928,1974,1974,1000001100100
6161,1100000010001,-0.030657956,1975,1975,1000100000011
6241,1100001100001,-0.030657956,1975,1975,1000011000011
6305,1100010100001,-0.030237984,1976,1976,1000010100011
6337,1100011000001,-0.030237984,1976,1976,1000001100011
2065,0100000010001,-0.029818012,1977,1977,1000100000010
2145,0100001100001,-0.029818012,1977,1977,1000011000010
2209,0100010100001,-0.029398040,1978,1978,1000010100010
2241,0100011000001,-0.029398040,1978,1978,1000001100010
4113,1000000010001,-0.028978068,1979,1979,1000100000001
4193,1000001100001,-0.028978068,1979,1979,1000011000001
4257,1000010100001,-0.028558096,1980,1980,1000010100001
4289,1000011000001,-0.028558096,1980,1980,1000001100001
17,0000000010001,-0.028138124,1981,1981,1000100000000
97,0000001100001,-0.028138124,1981,1981,1000011000000
161,0000010100001,-0.027718152,1982,1982,1000010100000
193,0000011000001,-0.027718152,1982,1982,1000001100000
7969,1111100100001,-0.026878208,1984,1984,1000010011111
8001,1111101000001,-0.026878208,1984,1984,1000001011111
8065,1111110000001,-0.026458236,1985,1985,1000000111111
8190,1111111111110,-0.026458236,1985,1985,0111111111111
3873,0111100100001,-0.026038264,1986,1986,1000010011110
3905,0111101000001,-0.026038264,1986,1986,1000001011110
3969,0111110000001,-0.025618292,1987,1987,1000000111110
4094,0111111111110,-0.025618292,1987,1987,0111111111110
5921,1011100100001,-0.025198320,1988,1988,1000010011101
5953,1011101000001,-0.025198320,1988,1988,1000001011101
6017,1011110000001,-0.024778348,1989,1989,1000000111101
6142,1011111111110,-0.024778348,1989,1989,0111111111101
1825,0011100100001,-0.024358376,1990,1990,1000010011100
1857,0011101000001,-0.024358376,1990,1990,1000001011100
1921,0011110000001,-0.023938404,1991,1991,1000000111100
2046,0011111111110,-0.023938404,1991,1991,0111111111100
6945,1101100100001,-0.023518432,1992,1992,1000010011011
6977,1101101000001,-0.023518432,1992,1992,1000001011011
7041,1101110000001,-0.023098460,1993,1993,1000000111011
7166,1101111111110,-0.023098460,1993,1993,0111111111011
2849,0101100100001,-0.022678488,1994,1994,1000010011010
2881,0101101000001,-0.022678488,1994,1994,1000001011010
2945,0101110000001,-0.022258516,1995,1995,1000000111010
3070,0101111111110,-0.022258516,1995,1995,0111111111010
4897,1001100100001,-0.021838544,1996,1996,1000010011001
4929,1001101000001,-0.021838544,1996,1996,1000001011001
4993,1001110000001,-0.021418572,1997,1997,1000000111001
5118,1001111111110,-0.021418572,1997,1997,0111111111001
801,0001100100001,-0.020998600,1998,1998,1000010011000
833,0001101000001,-0.020998600,1998,1998,1000001011000
897,0001110000001,-0.020578628,1999,1999,1000000111000
1022,0001111111110,-0.020578628,1999,1999,0111111111000
7457,1110100100001,-0.020158656,2000,2000,1000010010111
7489,1110101000001,-0.020158656,2000,2000,1000001010111
7553,1110110000001,-0.019738684,2001,2001,1000000110111
7678,1110111111110,-0.019738684,2001,2001,0111111110111
3361,0110100100001,-0.019318712,2002,2002,1000010010110
3393,0110101000001,-0.019318712,2002,2002,1000001010110
3457,0110110000001,-0.018898740,2003,2003,1000000110110
3582,0110111111110,-0.018898740,2003,2003,0111111110110
5409,1010100100001,-0.018478768,2004,2004,1000010010101
5441,1010101000001,-0.018478768,2004,2004,1000001010101
5505,1010110000001,-0.018058796,2005,2005,1000000110101
5630,1010111111110,-0.018058796,2005,2005,0111111110101
1313,0010100100001,-0.017638824,2006,2006,1000010010100
1345,0010101000001,-0.017638824,2006,2006,1000001010100
1409,0010110000001,-0.017218852,2007,2007,1000000110100
1534,0010111111110,-0.017218852,2007,2007,0111111110100
6433,1100100100001,-0.016798880,2008,2008,1000010010011
6465,1100101000001,-0.016798880,2008,2008,1000001010011
6529,1100110000001,-0.016378908,2009,2009,1000000110011
6654,1100111111110,-0.016378908,2009,2009,0111111110011
2337,0100100100001,-0.015958936,2010,2010,1000010010010
2369,0100101000001,-0.015958936,2010,2010,1000001010010
2433,0100110000001,-0.015538964,2011,2011,1000000110010
2558,0100111111110,-0.015538964,2011,2011,0111111110010
4385,1000100100001,-0.015118992,2012,2012,1000010010001
4417,1000101000001,-0.015118992,2012,2012,1000001010001
4481,1000110000001,-0.014699020,2013,2013,1000000110001
4606,1000111111110,-0.014699020,2013,2013,0111111110001
289,0000100100001,-0.014279048,2014,2014,1000010010000
321,0000101000001,-0.014279048,2014,2014,1000001010000
385,0000110000001,-0.013859076,2015,2015,1000000110000
510,0000111111110,-0.013859076,2015,2015,0111111110000
7713,1111000100001,-0.013439104,2016,2016,1000010001111
7745,1111001000001,-0.013439104,2016,2016,1000001001111
7809,1111010000001,-0.013019132,2017,2017,1000000101111
7934,1111011111110,-0.013019132,2017,2017,0111111101111
3617,0111000100001,-0.012599160,2018,2018,1000010001110
3649,0111001000001,-0.012599160,2018,2018,1000001001110
3713,0111010000001,-0.012179188,2019,2019,1000000101110
3838,0111011111110,-0.012179188,2019,2019,0111111101110
5665,1011000100001,-0.011759216,2020,2020,1000010001101
5697,1011001000001,-0.011759216,2020,2020,1000001001101
5761,1011010000001,-0.011339244,2021,2021,1000000101101
5886,1011011111110,-0.011339244,2021,2021,0111111101101
1569,0011000100001,-0.010919272,2022,2022,1000010001100
1601,0011001000001,-0.010919272,2022,2022,1000001001100
1665,0011010000001,-0.010499300,2023,2023,1000000101100
1790,0011011111110,-0.010499300,2023,2023,0111111101100
6689,1101000100001,-0.010079328,2024,2024,1000010001011
6721,1101001000001,-0.010079328,2024,2024,1000001001011
6785,1101010000001,-0.009659356,2025,2025,1000000101011
6910,1101011111110,-0.009659356,2025,2025,0111111101011
2593,0101000100001,-0.009239384,2026,2026,1000010001010
2625,0101001000001,-0.009239384,2026,2026,1000001001010
2689,0101010000001,-0.008819412,2027,2027,1000000101010
2814,0101011111110,-0.008819412,2027,2027,0111111101010
4641,1001000100001,-0.008399440,2028,2028,1000010001001
4673,1001001000001,-0.008399440,2028,2028,1000001001001
4737,1001010000001,-0.007979468,2029,2029,1000000101001
4862,1001011111110,-0.007979468,2029,2029,0111111101001
545,0001000100001,-0.007559496,2030,2030,1000010001000
577,0001001000001,-0.007559496,2030,2030,1000001001000
641,0001010000001,-0.007139524,2031,2031,1000000101000
766,0001011111110,-0.007139524,2031,2031,0111111101000
7201,1110000100001,-0.006719552,2032,2032,1000010000111
7233,1110001000001,-0.006719552,2032,2032,1000001000111
7297,1110010000001,-0.006299580,2033,2033,1000000100111
7422,1110011111110,-0.006299580,2033,2033,0111111100111
3105,0110000100001,-0.005879608,2034,2034,1000010000110
3137,0110001000001,-0.005879608,2034,2034,1000001000110
3201,0110010000001,-0.005459636,2035,2035,1000000100110
3326,0110011111110,-0.005459636,2035,2035,0111111100110
5153,1010000100001,-0.005039664,2036,2036,1000010000101
5185,1010001000001,-0.005039664,2036,2036,1000001000101
5249,1010010000001,-0.004619692,2037,2037,1000000100101
5374,1010011111110,-0.004619692,2037,2037,0111111100101
1057,0010000100001,-0.004199720,2038,2038,1000010000100
1089,0010001000001,-0.004199720,2038,2038,1000001000100
1153,0010010000001,-0.003779748,2039,2039,1000000100100
1278,0010011111110,-0.003779748,2039,2039,0111111100100
6177,1100000100001,-0.003359776,2040,2040,1000010000011
6209,1100001000001,-0.003359776,2040,2040,1000001000011
6273,1100010000001,-0.002939804,2041,2041,1000000100011
6398,1100011111110,-0.002939804,2041,2041,0111111100011
2081,0100000100001,-0.002519832,2042,2042,1000010000010
2113,0100001000001,-0.002519832,2042,2042,1000001000010
2177,0100010000001,-0.002099860,2043,2043,1000000100010
2302,0100011111110,-0.002099860,2043,2043,0111111100010
4129,1000000100001,-0.001679888,2044,2044,1000010000001
4161,1000001000001,-0.001679888,2044,2044,1000001000001
4225,1000010000001,-0.001259916,2045,2045,1000000100001
4350,1000011111110,-0.001259916,2045,2045,0111111100001
33,0000000100001,-0.000839944,2046,2046,1000010000000
65,0000001000001,-0.000839944,2046,2046,1000001000000
129,0000010000001,-0.000419972,2047,2047,1000000100000
254,0000011111110,-0.000419972,2047,2047,0111111100000
7937,1111100000001,0.000419972,2049,2049,1000000011111
8062,1111101111110,0.000419972,2049,2049,0111111011111
8126,1111110111110,0.000839944,2050,2050,0111110111111
8158,1111111011110,0.000839944,2050,2050,0111101111111
3841,0111100000001,0.001259916,2051,2051,1000000011110
3966,0111101111110,0.001259916,2051,2051,0111111011110
4030,0111110111110,0.001679888,2052,2052,0111110111110
4062,0111111011110,0.001679888,2052,2052,0111101111110
5889,1011100000001,0.002099860,2053,2053,1000000011101
6014,1011101111110,0.002099860,2053,2053,0111111011101
6078,1011110111110,0.002519832,2054,2054,0111110111101
6110,1011111011110,0.002519832,2054,2054,0111101111101
1793,0011100000001,0.002939804,2055,2055,1000000011100
1918,0011101111110,0.002939804,2055,2055,0111111011100
1982,0011110111110,0.003359776,2056,2056,0111110111100
2014,0011111011110,0.003359776,2056,2056,0111101111100
6913,1101100000001,0.003779748,2057,2057,1000000011011
7038,1101101111110,0.003779748,2057,2057,0111111011011
7102,1101110111110,0.004199720,2058,2058,0111110111011
7134,1101111011110,0.004199720,2058,2058,0111101111011
2817,0101100000001,0.004619692,2059,2059,1000000011010
2942,0101101111110,0.004619692,2059,2059,0111111011010
3006,0101110111110,0.005039664,2060,2060,0111110111010
3038,0101111011110,0.005039664,2060,2060,0111101111010
4865,1001100000001,0.005459636,2061,2061,1000000011001
4990,1001101111110,0.005459636,2061,2061,0111111011001
5054,1001110111110,0.005879608,2062,2062,0111110111001
5086,1001111011110,0.005879608,2062,2062,0111101111001
769,0001100000001,0.006299580,2063,2063,1000000011000
894,0001101111110,0.006299580,2063,2063,0111111011000
958,0001110111110,0.006719552,2064,2064,0111110111000
990,0001111011110,0.006719552,2064,2064,0111101111000
7425,1110100000001,0.007139524,2065,2065,1000000010111
7550,1110101111110,0.007139524,2065,2065,0111111010111
7614,1110110111110,0.007559496,2066,2066,0111110110111
7646,1110111011110,0.007559496,2066,2066,0111101110111
3329,0110100000001,0.007979468,2067,2067,1000000010110
3454,0110101111110,0.007979468,2067,2067,0111111010110
3518,0110110111110,0.008399440,2068,2068,0111110110110
3550,0110111011110,0.008399440,2068,2068,0111101110110
5377,1010100000001,0.008819412,2069,2069,1000000010101
5502,1010101111110,0.008819412,2069,2069,0111111010101
5566,1010110111110,0.009239384,2070,2070,0111110110101
5598,1010111011110,0.009239384,2070,2070,0111101110101
1281,0010100000001,0.009659356,2071,2071,1000000010100
1406,0010101111110,0.009659356,2071,2071,0111111010100
1470,0010110111110,0.010079328,2072,2072,0111110110100
1502,0010111011110,0.010079328,2072,2072,0111101110100
6401,1100100000001,0.010499300,2073,2073,1000000010011
6526,1100101111110,0.010499300,2073,2073,0111111010011
6590,1100110111110,0.010919272,2074,2074,0111110110011
6622,1100111011110,0.010919272,2074,2074,0111101110011
2305,0100100000001,0.011339244,2075,2075,1000000010010
2430,0100101111110,0.011339244,2075,2075,0111111010010
2494,0100110111110,0.011759216,2076,2076,0111110110010
2526,0100111011110,0.011759216,2076,2076,0111101110010
4353,1000100000001,0.012179188,2077,2077,1000000010001
4478,1000101111110,0.012179188,2077,2077,0111111010001
4542,1000110111110,0.012599160,2078,2078,0111110110001
4574,1000111011110,0.012599160,2078,2078,0111101110001
257,0000100000001,0.013019132,2079,2079,1000000010000
382,0000101111110,0.013019132,2079,2079,0111111010000
446,0000110111110,0.013439104,2080,2080,0111110110000
478,0000111011110,0.013439104,2080,2080,0111101110000
7681,1111000000001,0.013859076,2081,2081,1000000001111
7806,1111001111110,0.013859076,2081,2081,0111111001111
7870,1111010111110,0.014279048,2082,2082,0111110101111
7902,1111011011110,0.014279048,2082,2082,0111101101111
3585,0111000000001,0.014699020,2083,2083,1000000001110
3710,0111001111110,0.014699020,2083,2083,0111111001110
3774,0111010111110,0.015118992,2084,2084,0111110101110
3806,0111011011110,0.015118992,2084,2084,0111101101110
5633,1011000000001,0.015538964,2085,2085,1000000001101
5758,1011001111110,0.015538964,2085,2085,0111111001101
5822,1011010111110,0.015958936,2086,2086,0111110101101
5854,1011011011110,0.015958936,2086,2086,0111101101101
1537,0011000000001,0.016378908,2087,2087,1000000001100
1662,0011001111110,0.016378908,2087,2087,0111111001100
1726,0011010111110,0.016798880,2088,2088,0111110101100
1758,0011011011110,0.016798880,2088,2088,0111101101100
6657,1101000000001,0.017218852,2089,2089,1000000001011
6782,1101001111110,0.017218852,2089,2089,0111111001011
6846,1101010111110,0.017638824,2090,2090,0111110101011
6878,1101011011110,0.017638824,2090,2090,0111101101011
2561,0101000000001,0.018058796,2091,2091,1000000001010
2686,0101001111110,0.018058796,2091,2091,0111111001010
2750,0101010111110,0.018478768,2092,2092,0111110101010
2782,0101011011110,0.018478768,2092,2092,0111101101010
4609,1001000000001,0.018898740,2093,2093,1000000001001
4734,1001001111110,0.018898740,2093,2093,0111111001001
4798,1001010111110,0.019318712,2094,2094,0111110101001
4830,1001011011110,0.019318712,2094,2094,0111101101001
513,0001000000001,0.019738684,2095,2095,1000000001000
638,0001001111110,0.019738684,2095,2095,0111111001000
702,0001010111110,0.020158656,2096,2096,0111110101000
734,0001011011110,0.020158656,2096,2096,0111101101000
7169,1110000000001,0.020578628,2097,2097,1000000000111
7294,1110001111110,0.020578628,2097,2097,0111111000111
7358,1110010111110,0.020998600,2098,2098,0111110100111
7390,1110011011110,0.020998600,2098,2098,0111101100111
3073,0110000000001,0.021418572,2099,2099,1000000000110
3198,0110001111110,0.021418572,2099,2099,0111111000110
3262,0110010111110,0.021838544,2100,2100,0111110100110
3294,0110011011110,0.021838544,2100,2100,0111101100110
5121,1010000000001,0.022258516,2101,2101,1000000000101
5246,1010001111110,0.022258516,2101,2101,0111111000101
5310,1010010111110,0.022678488,2102,2102,0111110100101
5342,1010011011110,0.022678488,2102,2102,0111101100101
1025,0010000000001,0.023098460,2103,2103,1000000000100
1150,0010001111110,0.023098460,2103,2103,0111111000100
1214,0010010111110,0.023518432,2104,2104,0111110100100
1246,0010011011110,0.023518432,2104,2104,0111101100100
6145,1100000000001,0.023938404,2105,2105,1000000000011
6270,1100001111110,0.023938404,2105,2105,0111111000011
6334,1100010111110,0.024358376,2106,2106,0111110100011
6366,1100011011110,0.024358376,2106,2106,0111101100011
2049,0100000000001,0.024778348,2107,2107,1000000000010
2174,0100001111110,0.024778348,2107,2107,0111111000010
2238,0100010111110,0.025198320,2108,2108,0111110100010
2270,0100011011110,0.025198320,2108,2108,0111101100010
4097,1000000000001,0.025618292,2109,2109,1000000000001
4222,1000001111110,0.025618292,2109,2109,0111111000001
4286,1000010111110,0.026038264,2110,2110,0111110100001
4318,1000011011110,0.026038264,2110,2110,0111101100001
1,0000000000001,0.026458236,2111,2111,1000000000000
126,0000001111110,0.026458236,2111,2111,0111111000000
190,0000010111110,0.026878208,2112,2112,0111110100000
222,0000011011110,0.026878208,2112,2112,0111101100000
7998,1111100111110,0.027718152,2114,2114,0111110011111
8030,1111101011110,0.027718152,2114,2114,0111101011111
8094,1111110011110,0.028138124,2115,2115,0111100111111
8174,1111111101110,0.028138124,2115,2115,0111011111111
3902,0111100111110,0.028558096,2116,2116,0111110011110
3934,0111101011110,0.028558096,2116,2116,0111101011110
3998,0111110011110,0.028978068,2117,2117,0111100111110
4078,0111111101110,0.028978068,2117,2117,0111011111110
5950,1011100111110,0.029398040,2118,2118,0111110011101
5982,1011101011110,0.029398040,2118,2118,0111101011101
6046,1011110011110,0.029818012,2119,2119,0111100111101
6126,1011111101110,0.029818012,2119,2119,0111011111101
1854,0011100111110,0.030237984,2120,2120,0111110011100
1886,0011101011110,0.030237984,2120,2120,0111101011100
1950,0011110011110,0.030657956,2121,2121,0111100111100
2030,0011111101110,0.030657956,2121,2121,0111011111100
6974,1101100111110,0.031077928,2122,2122,0111110011011
7006,1101101011110,0.031077928,2122,2122,0111101011011
7070,1101110011110,0.031497900,2123,2123,0111100111011
7150,1101111101110,0.031497900,2123,2123,0111011111011
2878,0101100111110,0.031917872,2124,2124,0111110011010
2910,0101101011110,0.031917872,2124,2124,0111101011010
2974,0101110011110,0.032337844,2125,2125,0111100111010
3054,0101111101110,0.032337844,2125,2125,0111011111010
4926,1001100111110,0.032757816,2126,2126,0111110011001
4958,1001101011110,0.032757816,2126,2126,0111101011001
5022,1001110011110,0.033177788,2127,2127,0111100111001
5102,1001111101110,0.033177788,2127,2127,0111011111001
830,0001100111110,0.033597760,2128,2128,0111110011000
862,0001101011110,0.033597760,2128,2128,0111101011000
926,0001110011110,0.034017732,2129,2129,0111100111000
1006,0001111101110,0.034017732,2129,2129,0111011111000
7486,1110100111110,0.034437704,2130,2130,0111110010111
7518,1110101011110,0.034437704,2130,2130,0111101010111
7582,1110110011110,0.034857676,2131,2131,0111100110111
7662,1110111101110,0.034857676,2131,2131,0111011110111
3390,0110100111110,0.035277648,2132,2132,0111110010110
3422,0110101011110,0.035277648,2132,2132,0111101010110
3486,0110110011110,0.035697620,2133,2133,0111100110110
3566,0110111101110,0.035697620,2133,2133,0111011110110
5438,1010100111110,0.036117592,2134,2134,0111110010101
5470,1010101011110,0.036117592,2134,2134,0111101010101
5534,1010110011110,0.036537564,2135,2135,0111100110101
5614,1010111101110,0.036537564,2135,2135,0111011110101
1342,0010100111110,0.036957536,2136,2136,0111110010100
1374,0010101011110,0.036957536,2136,2136,0111101010100
1438,0010110011110,0.037377508,2137,2137,0111100110100
1518,0010111101110,0.037377508,2137,2137,0111011110100
6462,1100100111110,0.037797480,2138,2138,0111110010011
6494,1100101011110,0.037797480,2138,2138,0111101010011
6558,1100110011110,0.038217452,2139,2139,0111100110011
6638,1100111101110,0.038217452,2139,2139,0111011110011
2366,0100100111110,0.038637424,2140,2140,0111110010010
2398,0100101011110,0.038637424,2140,2140,0111101010010
2462,0100110011110,0.039057396,2141,2141,0111100110010
2542,0100111101110,0.039057396,2141,2141,0111011110010
4414,1000100111110,0.039477368,2142,2142,0111110010001
4446,1000101011110,0.039477368,2142,2142,0111101010001
4510,1000110011110,0.039897340,2143,2143,0111100110001
4590,1000111101110,0.039897340,2143,2143,0111011110001
318,0000100111110,0.040317312,2144,2144,0111110010000
350,0000101011110,0.040317312,2144,2144,0111101010000
414,0000110011110,0.040737284,2145,2145,0111100110000
494,0000111101110,0.040737284,2145,2145,0111011110000
7742,1111000111110,0.041157256,2146,2146,0111110001111
7774,1111001011110,0.041157256,2146,2146,0111101001111
7838,1111010011110,0.041577228,2147,2147,0111100101111
7918,1111011101110,0.041577228,2147,2147,0111011101111
3646,0111000111110,0.041997200,2148,2148,0111110001110
3678,0111001011110,0.041997200,2148,2148,0111101001110
3742,0111010011110,0.042417172,2149,2149,0111100101110
3822,0111011101110,0.042417172,2149,2149,0111011101110
5694,1011000111110,0.042837144,2150,2150,0111110001101
5726,1011001011110,0.042837144,2150,2150,0111101001101
5790,1011010011110,0.043257116,2151,2151,0111100101101
5870,1011011101110,0.043257116,2151,2151,0111011101101
1598,0011000111110,0.043677088,2152,2152,0111110001100
1630,0011001011110,0.043677088,2152,2152,0111101001100
1694,0011010011110,0.044097060,2153,2153,0111100101100
1774,0011011101110,0.044097060,2153,2153,0111011101100
6718,1101000111110,0.044517032,2154,2154,0111110001011
6750,1101001011110,0.044517032,2154,2154,0111101001011
6814,1101010011110,0.044937004,2155,2155,0111100101011
6894,1101011101110,0.044937004,2155,2155,0111011101011
2622,0101000111110,0.045356976,2156,2156,0111110001010
2654,0101001011110,0.045356976,2156,2156,0111101001010
2718,0101010011110,0.045776948,2157,2157,0111100101010
2798,0101011101110,0.045776948,2157,2157,0111011101010
4670,1001000111110,0.046196920,2158,2158,0111110001001
4702,1001001011110,0.046196920,2158,2158,0111101001001
4766,1001010011110,0.046616892,2159,2159,0111100101001
4846,1001011101110,0.046616892,2159,2159,0111011101001
574,0001000111110,0.047036864,2160,2160,0111110001000
606,0001001011110,0.047036864,2160,2160,0111101001000
670,0001010011110,0.047456836,2161,2161,0111100101000
750,0001011101110,0.047456836,2161,2161,0111011101000
7230,1110000111110,0.047876808,2162,2162,0111110000111
7262,1110001011110,0.047876808,2162,2162,0111101000111
7326,1110010011110,0.048296780,2163,2163,0111100100111
7406,1110011101110,0.048296780,2163,2163,0111011100111
3134,0110000111110,0.048716752,2164,2164,0111110000110
3166,0110001011110,0.048716752,2164,2164,0111101000110
3230,0110010011110,0.049136724,2165,2165,0111100100110
3310,0110011101110,0.049136724,2165,2165,0111011100110
5182,1010000111110,0.049556696,2166,2166,0111110000101
5214,1010001011110,0.049556696,2166,2166,0111101000101
5278,1010010011110,0.049976668,2167,2167,0111100100101
5358,1010011101110,0.049976668,2167,2167,0111011100101
1086,0010000111110,0.050396640,2168,2168,0111110000100
1118,0010001011110,0.050396640,2168,2168,0111101000100
1182,0010010011110,0.050816612,2169,2169,0111100100100
1262,0010011101110,0.050816612,2169,2169,0111011100100
6206,1100000111110,0.051236584,2170,2170,0111110000011
6238,1100001011110,0.051236584,2170,2170,0111101000011
6302,1100010011110,0.051656556,2171,2171,0111100100011
6382,1100011101110,0.051656556,2171,2171,0111011100011
2110,0100000111110,0.052076528,2172,2172,0111110000010
2142,0100001011110,0.052076528,2172,2172,0111101000010
2206,0100010011110,0.052496500,2173,2173,0111100100010
2286,0100011101110,0.052496500,2173,2173,0111011100010
4158,1000000111110,0.052916472,2174,2174,0111110000001
4190,1000001011110,0.052916472,2174,2174,0111101000001
4254,1000010011110,0.053336444,2175,2175,0111100100001
4334,1000011101110,0.053336444,2175,2175,0111011100001
62,0000000111110,0.053756416,2176,2176,0111110000000
94,0000001011110,0.053756416,2176,2176,0111101000000
158,0000010011110,0.054176388,2177,2177,0111100100000
238,0000011101110,0.054176388,2177,2177,0111011100000
7966,1111100011110,0.055016332,2179,2179,0111100011111
8046,1111101101110,0.055016332,2179,2179,0111011011111
8110,1111110101110,0.055436304,2180,2180,0111010111111
8142,1111111001110,0.055436304,2180,2180,0111001111111
3870,0111100011110,0.055856276,2181,2181,0111100011110
3950,0111101101110,0.055856276,2181,2181,0111011011110
4014,0111110101110,0.056276248,2182,2182,0111010111110
4046,0111111001110,0.056276248,2182,2182,0111001111110
5918,1011100011110,0.056696220,2183,2183,0111100011101
5998,1011101101110,0.056696220,2183,2183,0111011011101
6062,1011110101110,0.057116192,2184,2184,0111010111101
6094,1011111001110,0.057116192,2184,2184,0111001111101
1822,0011100011110,0.057536164,2185,2185,0111100011100
1902,0011101101110,0.057536164,2185,2185,0111011011100
1966,0011110101110,0.057956136,2186,2186,0111010111100
1998,0011111001110,0.057956136,2186,2186,0111001111100
6942,1101100011110,0.058376108,2187,2187,0111100011011
7022,1101101101110,0.058376108,2187,2187,0111011011011
7086,1101110101110,0.058796080,2188,2188,0111010111011
7118,1101111001110,0.058796080,2188,2188,0111001111011
2846,0101100011110,0.059216052,2189,2189,0111100011010
2926,0101101101110,0.059216052,2189,2189,0111011011010
2990,0101110101110,0.059636024,2190,2190,0111010111010
3022,0101111001110,0.059636024,2190,2190,0111001111010
4894,1001100011110,0.060055996,2191,2191,0111100011001
4974,1001101101110,0.060055996,2191,2191,0111011011001
5038,1001110101110,0.060475968,2192,2192,0111010111001
5070,1001111001110,0.060475968,2192,2192,0111001111001
798,0001100011110,0.060895940,2193,2193,0111100011000
878,0001101101110,0.060895940,2193,2193,0111011011000
942,0001110101110,0.061315912,2194,2194,0111010111000
974,0001111001110,0.061315912,2194,2194,0111001111000
7454,1110100011110,0.061735884,2195,2195,0111100010111
7534,1110101101110,0.061735884,2195,2195,0111011010111
7598,1110110101110,0.062155856,2196,2196,0111010110111
7630,1110111001110,0.062155856,2196,2196,0111001110111
3358,0110100011110,0.062575828,2197,2197,0111100010110
3438,0110101101110,0.062575828,2197,2197,0111011010110
3502,0110110101110,0.062995800,2198,2198,0111010110110
3534,0110111001110,0.062995800,2198,2198,0111001110110
5406,1010100011110,0.063415772,2199,2199,0111100010101
5486,1010101101110,0.063415772,2199,2199,0111011010101
5550,1010110101110,0.063835744,2200,2200,0111010110101
5582,1010111001110,0.063835744,2200,2200,0111001110101
1310,0010100011110,0.064255716,2201,2201,0111100010100
1390,0010101101110,0.064255716,2201,2201,0111011010100
1454,0010110101110,0.064675688,2202,2202,0111010110100
1486,0010111001110,0.064675688,2202,2202,0111001110100
6430,1100100011110,0.065095660,2203,2203,0111100010011
6510,1100101101110,0.065095660,2203,2203,0111011010011
6574,1100110101110,0.065515632,2204,2204,0111010110011
6606,1100111001110,0.065515632,2204,2204,0111001110011
2334,0100100011110,0.065935604,2205,2205,0111100010010
2414,0100101101110,0.065935604,2205,2205,0111011010010
2478,0100110101110,0.066355576,2206,2206,0111010110010
2510,0100111001110,0.066355576,2206,2206,0111001110010
4382,1000100011110,0.066775548,2207,2207,0111100010001
4462,1000101101110,0.066775548,2207,2207,0111011010001
4526,1000110101110,0.067195520,2208,2208,0111010110001
4558,1000111001110,0.067195520,2208,2208,0111001110001
286,0000100011110,0.067615492,2209,2209,0111100010000
366,0000101101110,0.067615492,2209,2209,0111011010000
430,0000110101110,0.068035464,2210,2210,0111010110000
462,0000111001110,0.068035464,2210,2210,0111001110000
7710,1111000011110,0.068455436,2211,2211,0111100001111
7790,1111001101110,0.068455436,2211,2211,0111011001111
7854,1111010101110,0.068875408,2212,2212,0111010101111
7886,1111011001110,0.068875408,2212,2212,0111001101111
3614,0111000011110,0.069295380,2213,2213,0111100001110
3694,0111001101110,0.069295380,2213,2213,0111011001110
3758,0111010101110,0.069715352,2214,2214,0111010101110
3790,0111011001110,0.069715352,2214,2214,0111001101110
5662,1011000011110,0.070135324,2215,2215,0111100001101
5742,1011001101110,0.070135324,2215,2215,0111011001101
5806,1011010101110,0.070555296,2216,2216,0111010101101
5838,1011011001110,0.070555296,2216,2216,0111001101101
1566,0011000011110,0.070975268,2217,2217,0111100001100
1646,0011001101110,0.070975268,2217,2217,0111011001100
1710,0011010101110,0.071395240,2218,2218,0111010101100
1742,0011011001110,0.071395240,2218,2218,0111001101100
6686,1101000011110,0.071815212,2219,2219,0111100001011
6766,1101001101110,0.071815212,2219,2219,0111011001011
6830,1101010101110,0.072235184,2220,2220,0111010101011
6862,1101011001110,0.072235184,2220,2220,0111001101011
2590,0101000011110,0.072655156,2221,2221,0111100001010
2670,0101001101110,0.072655156,2221,2221,0111011001010
2734,0101010101110,0.073075128,2222,2222,0111010101010
2766,0101011001110,0.073075128,2222,2222,0111001101010
4638,1001000011110,0.073495100,2223,2223,0111100001001
4718,1001001101110,0.073495100,2223,2223,0111011001001
4782,1001010101110,0.073915072,2224,2224,0111010101001
4814,1001011001110,0.073915072,2224,2224,0111001101001
542,0001000011110,0.074335044,2225,2225,0111100001000
622,0001001101110,0.074335044,2225,2225,0111011001000
686,0001010101110,0.074755016,2226,2226,0111010101000
718,0001011001110,0.074755016,2226,2226,0111001101000
7198,1110000011110,0.075174988,2227,2227,0111100000111
7278,1110001101110,0.075174988,2227,2227,0111011000111
7342,1110010101110,0.075594960,2228,2228,0111010100111
7374,1110011001110,0.075594960,2228,2228,0111001100111
3102,0110000011110,0.076014932,2229,2229,0111100000110
3182,0110001101110,0.076014932,2229,2229,0111011000110
3246,0110010101110,0.076434904,2230,2230,0111010100110
3278,0110011001110,0.076434904,2230,2230,0111001100110
5150,1010000011110,0.076854876,2231,2231,0111100000101
5230,1010001101110,0.076854876,2231,2231,0111011000101
5294,1010010101110,0.077274848,2232,2232,0111010100101
5326,1010011001110,0.077274848,2232,2232,0111001100101
1054,0010000011110,0.077694820,2233,2233,0111100000100
1134,0010001101110,0.077694820,2233,2233,0111011000100
1198,0010010101110,0.078114792,2234,2234,0111010100100
1230,0010011001110,0.078114792,2234,2234,0111001100100
6174,1100000011110,0.078534764,2235,2235,0111100000011
6254,1100001101110,0.078534764,2235,2235,0111011000011
6318,1100010101110,0.078954736,2236,2236,0111010100011
6350,1100011001110,0.078954736,2236,2236,0111001100011
2078,0100000011110,0.079374708,2237,2237,0111100000010
2158,0100001101110,0.079374708,2237,2237,0111011000010
2222,0100010101110,0.079794680,2238,2238,0111010100010
2254,0100011001110,0.079794680,2238,2238,0111001100010
4126,1000000011110,0.080214652,2239,2239,0111100000001
4206,1000001101110,0.080214652,2239,2239,0111011000001
4270,1000010101110,0.080634624,2240,2240,0111010100001
4302,1000011001110,0.080634624,2240,2240,0111001100001
30,0000000011110,0.081054596,2241,2241,0111100000000
110,0000001101110,0.081054596,2241,2241,0111011000000
174,0000010101110,0.081474568,2242,2242,0111010100000
206,0000011001110,0.081474568,2242,2242,0111001100000
7982,1111100101110,0.082314512,2244,2244,0111010011111
8014,1111101001110,0.082314512,2244,2244,0111001011111
8078,1111110001110,0.082734484,2245,2245,0111000111111
8182,1111111110110,0.082734484,2245,2245,0110111111111
3886,0111100101110,0.083154456,2246,2246,0111010011110
3918,0111101001110,0.083154456,2246,2246,0111001011110
3982,0111110001110,0.083574428,2247,2247,0111000111110
4086,0111111110110,0.083574428,2247,2247,0110111111110
5934,1011100101110,0.083994400,2248,2248,0111010011101
5966,1011101001110,0.083994400,2248,2248,0111001011101
6030,1011110001110,0.084414372,2249,2249,0111000111101
6134,1011111110110,0.084414372,2249,2249,0110111111101
1838,0011100101110,0.084834344,2250,2250,0111010011100
1870,0011101001110,0.084834344,2250,2250,0111001011100
1934,0011110001110,0.085254316,2251,2251,0111000111100
2038,0011111110110,0.085254316,2251,2251,0110111111100
6958,1101100101110,0.085674288,2252,2252,0111010011011
6990,1101101001110,0.085674288,2252,2252,0111001011011
7054,1101110001110,0.086094260,2253,2253,0111000111011
7158,1101111110110,0.086094260,2253,2253,0110111111011
2862,0101100101110,0.086514232,2254,2254,0111010011010
2894,0101101001110,0.086514232,2254,2254,0111001011010
2958,0101110001110,0.086934204,2255,2255,0111000111010
3062,0101111110110,0.086934204,2255,2255,0110111111010
4910,1001100101110,0.087354176,2256,2256,0111010011001
4942,1001101001110,0.087354176,2256,2256,0111001011001
5006,1001110001110,0.087774148,2257,2257,0111000111001
5110,1001111110110,0.087774148,2257,2257,0110111111001
814,0001100101110,0.088194120,2258,2258,0111010011000
846,0001101001110,0.088194120,2258,2258,0111001011000
910,0001110001110,0.088614092,2259,2259,0111000111000
1014,0001111110110,0.088614092,2259,2259,0110111111000
7470,1110100101110,0.089034064,2260,2260,0111010010111
7502,1110101001110,0.089034064,2260,2260,0111001010111
7566,1110110001110,0.089454036,2261,2261,0111000110111
7670,1110111110110,0.089454036,2261,2261,0110111110111
3374,0110100101110,0.089874008,2262,2262,0111010010110
3406,0110101001110,0.089874008,2262,2262,0111001010110
3470,0110110001110,0.090293980,2263,2263,0111000110110
3574,0110111110110,0.090293980,2263,2263,0110111110110
5422,1010100101110,0.090713952,2264,2264,0111010010101
5454,1010101001110,0.090713952,2264,2264,0111001010101
5518,1010110001110,0.091133924,2265,2265,0111000110101
5622,1010111110110,0.091133924,2265,2265,0110111110101
1326,0010100101110,0.091553896,2266,2266,0111010010100
1358,0010101001110,0.091553896,2266,2266,0111001010100
1422,0010110001110,0.091973868,2267,2267,0111000110100
1526,0010111110110,0.091973868,2267,2267,0110111110100
6446,1100100101110,0.092393840,2268,2268,0111010010011
6478,1100101001110,0.092393840,2268,2268,0111001010011
6542,1100110001110,0.092813812,2269,2269,0111000110011
6646,1100111110110,0.092813812,2269,2269,0110111110011
2350,0100100101110,0.093233784,2270,2270,0111010010010
2382,0100101001110,0.093233784,2270,2270,0111001010010
2446,0100110001110,0.093653756,2271,2271,0111000110010
2550,0100111110110,0.093653756,2271,2271,0110111110010
4398,1000100101110,0.094073728,2272,2272,0111010010001
4430,1000101001110,0.094073728,2272,2272,0111001010001
4494,1000110001110,0.094493700,2273,2273,0111000110001
4598,1000111110110,0.094493700,2273,2273,0110111110001
302,0000100101110,0.094913672,2274,2274,0111010010000
334,0000101001110,0.094913672,2274,2274,0111001010000
398,0000110001110,0.095333644,2275,2275,0111000110000
502,0000111110110,0.095333644,2275,2275,0110111110000
7726,1111000101110,0.095753616,2276,2276,0111010001111
7758,1111001001110,0.095753616,2276,2276,0111001001111
7822,1111010001110,0.096173588,2277,2277,0111000101111
7926,1111011110110,0.096173588,2277,2277,0110111101111
3630,0111000101110,0.096593560,2278,2278,0111010001110
3662,0111001001110,0.096593560,2278,2278,0111001001110
3726,0111010001110,0.097013532,2279,2279,0111000101110
3830,0111011110110,0.097013532,2279,2279,0110111101110
5678,1011000101110,0.097433504,2280,2280,0111010001101
5710,1011001001110,0.097433504,2280,2280,0111001001101
5774,1011010001110,0.097853476,2281,2281,0111000101101
5878,1011011110110,0.097853476,2281,2281,0110111101101
1582,0011000101110,0.098273448,2282,2282,0111010001100
1614,0011001001110,0.098273448,2282,2282,0111001001100
1678,0011010001110,0.098693420,2283,2283,0111000101100
1782,0011011110110,0.098693420,2283,2283,0110111101100
6702,1101000101110,0.099113392,2284,2284,0111010001011
6734,1101001001110,0.099113392,2284,2284,0111001001011
6798,1101010001110,0.099533364,2285,2285,0111000101011
6902,1101011110110,0.099533364,2285,2285,0110111101011
2606,0101000101110,0.099953336,2286,2286,0111010001010
2638,0101001001110,0.099953336,2286,2286,0111001001010
2702,0101010001110,0.100373308,2287,2287,0111000101010
2806,0101011110110,0.100373308,2287,2287,0110111101010
4654,1001000101110,0.100793280,2288,2288,0111010001001
4686,1001001001110,0.100793280,2288,2288,0111001001001
4750,1001010001110,0.101213252,2289,2289,0111000101001
4854,1001011110110,0.101213252,2289,2289,0110111101001
558,0001000101110,0.101633224,2290,2290,0111010001000
590,0001001001110,0.101633224,2290,2290,0111001001000
654,0001010001110,0.102053196,2291,2291,0111000101000
758,0001011110110,0.102053196,2291,2291,0110111101000
7214,1110000101110,0.102473168,2292,2292,0111010000111
7246,1110001001110,0.102473168,2292,2292,0111001000111
7310,1110010001110,0.102893140,2293,2293,0111000100111
7414,1110011110110,0.102893140,2293,2293,0110111100111
3118,0110000101110,0.103313112,2294,2294,0111010000110
3150,0110001001110,0.103313112,2294,2294,0111001000110
3214,0110010001110,0.103733084,2295,2295,0111000100110
3318,0110011110110,0.103733084,2295,2295,0110111100110
5166,1010000101110,0.104153056,2296,2296,0111010000101
5198,1010001001110,0.104153056,2296,2296,0111001000101
5262,1010010001110,0.104573028,2297,2297,0111000100101
5366,1010011110110,0.104573028,2297,2297,0110111100101
1070,0010000101110,0.104993000,2298,2298,0111010000100
1102,0010001001110,0.104993000,2298,2298,0111001000100
1166,0010010001110,0.105412972,2299,2299,0111000100100
1270,0010011110110,0.105412972,2299,2299,0110111100100
6190,1100000101110,0.105832944,2300,2300,0111010000011
6222,1100001001110,0.105832944,2300,2300,0111001000011
6286,1100010001110,0.106252916,2301,2301,0111000100011
6390,1100011110110,0.106252916,2301,2301,0110111100011
2094,0100000101110,0.106672888,2302,2302,0111010000010
2126,0100001001110,0.106672888,2302,2302,0111001000010
2190,0100010001110,0.107092860,2303,2303,0111000100010
2294,0100011110110,0.107092860,2303,2303,0110111100010
4142,1000000101110,0.107512832,2304,2304,0111010000001
4174,1000001001110,0.107512832,2304,2304,0111001000001
4238,1000010001110,0.107932804,2305,2305,0111000100001
4342,1000011110110,0.107932804,2305,2305,0110111100001
46,0000000101110,0.108352776,2306,2306,0111010000000
78,0000001001110,0.108352776,2306,2306,0111001000000
142,0000010001110,0.108772748,2307,2307,0111000100000
246,0000011110110,0.108772748,2307,2307,0110111100000
7950,1111100001110,0.109612692,2309,2309,0111000011111
8054,1111101110110,0.109612692,2309,2309,0110111011111
8118,1111110110110,0.110032664,2310,2310,0110110111111
8150,1111111010110,0.110032664,2310,2310,0110101111111
3854,0111100001110,0.110452636,2311,2311,0111000011110
3958,0111101110110,0.110452636,2311,2311,0110111011110
4022,0111110110110,0.110872608,2312,2312,0110110111110
4054,0111111010110,0.110872608,2312,2312,0110101111110
5902,1011100001110,0.111292580,2313,2313,0111000011101
6006,1011101110110,0.111292580,2313,2313,0110111011101
6070,1011110110110,0.111712552,2314,2314,0110110111101
6102,1011111010110,0.111712552,2314,2314,0110101111101
1806,0011100001110,0.112132524,2315,2315,0111000011100
1910,0011101110110,0.112132524,2315,2315,0110111011100
1974,0011110110110,0.112552497,2316,2316,0110110111100
2006,0011111010110,0.112552497,2316,2316,0110101111100
6926,1101100001110,0.112972469,2317,2317,0111000011011
7030,1101101110110,0.112972469,2317,2317,0110111011011
7094,1101110110110,0.113392441,2318,2318,0110110111011
7126,1101111010110,0.113392441,2318,2318,0110101111011
2830,0101100001110,0.113812413,2319,2319,0111000011010
2934,0101101110110,0.113812413,2319,2319,0110111011010
2998,0101110110110,0.114232385,2320,2320,0110110111010
3030,0101111010110,0.114232385,2320,2320,0110101111010
4878,1001100001110,0.114652357,2321,2321,0111000011001
4982,1001101110110,0.114652357,2321,2321,0110111011001
5046,1001110110110,0.115072329,2322,2322,0110110111001
5078,1001111010110,0.115072329,2322,2322,0110101111001
782,0001100001110,0.115492301,2323,2323,0111000011000
886,0001101110110,0.115492301,2323,2323,0110111011000
950,0001110110110,0.115912273,2324,2324,0110110111000
982,0001111010110,0.115912273,2324,2324,0110101111000
7438,1110100001110,0.116332245,2325,2325,0111000010111
7542,1110101110110,0.116332245,2325,2325,0110111010111
7606,1110110110110,0.116752217,2326,2326,0110110110111
7638,1110111010110,0.116752217,2326,2326,0110101110111
3342,0110100001110,0.117172189,2327,2327,0111000010110
3446,0110101110110,0.117172189,2327,2327,0110111010110
3510,0110110110110,0.117592161,2328,2328,0110110110110
3542,0110111010110,0.117592161,2328,2328,0110101110110
5390,1010100001110,0.118012133,2329,2329,0111000010101
5494,1010101110110,0.118012133,2329,2329,0110111010101
5558,1010110110110,0.118432105,2330,2330,0110110110101
5590,1010111010110,0.118432105,2330,2330,0110101110101
1294,0010100001110,0.118852077,2331,2331,0111000010100
1398,0010101110110,0.118852077,2331,2331,0110111010100
1462,0010110110110,0.119272049,2332,2332,0110110110100
1494,0010111010110,0.119272049,2332,2332,0110101110100
6414,1100100001110,0.119692021,2333,2333,0111000010011
6518,1100101110110,0.119692021,2333,2333,0110111010011
6582,1100110110110,0.120111993,2334,2334,0110110110011
6614,1100111010110,0.120111993,2334,2334,0110101110011
2318,0100100001110,0.120531965,2335,2335,0111000010010
2422,0100101110110,0.120531965,2335,2335,0110111010010
2486,0100110110110,0.120951937,2336,2336,0110110110010
2518,0100111010110,0.120951937,2336,2336,0110101110010
4366,1000100001110,0.121371909,2337,2337,0111000010001
4470,1000101110110,0.121371909,2337,2337,0110111010001
4534,1000110110110,0.121791881,2338,2338,0110110110001
4566,1000111010110,0.121791881,2338,2338,0110101110001
270,0000100001110,0.122211853,2339,2339,0111000010000
374,0000101110110,0.122211853,2339,2339,0110111010000
438,0000110110110,0.122631825,2340,2340,0110110110000
470,0000111010110,0.122631825,2340,2340,0110101110000
7694,1111000001110,0.123051797,2341,2341,0111000001111
7798,1111001110110,0.123051797,2341,2341,0110111001111
7862,1111010110110,0.123471769,2342,2342,0110110101111
7894,1111011010110,0.123471769,2342,2342,0110101101111
3598,0111000001110,0.123891741,2343,2343,0111000001110
3702,0111001110110,0.123891741,2343,2343,0110111001110
3766,0111010110110,0.124311713,2344,2344,0110110101110
3798,0111011010110,0.124311713,2344,2344,0110101101110
5646,1011000001110,0.124731685,2345,2345,0111000001101
5750,1011001110110,0.124731685,2345,2345,0110111001101
5814,1011010110110,0.125151657,2346,2346,0110110101101
5846,1011011010110,0.125151657,2346,2346,0110101101101
1550,0011000001110,0.125571629,2347,2347,0111000001100
1654,0011001110110,0.125571629,2347,2347,0110111001100
1718,0011010110110,0.125991601,2348,2348,0110110101100
1750,0011011010110,0.125991601,2348,2348,0110101101100
6670,1101000001110,0.126411573,2349,2349,0111000001011
6774,1101001110110,0.126411573,2349,2349,0110111001011
6838,1101010110110,0.126831545,2350,2350,0110110101011
6870,1101011010110,0.126831545,2350,2350,0110101101011
2574,0101000001110,0.127251517,2351,2351,0111000001010
2678,0101001110110,0.127251517,2351,2351,0110111001010
2742,0101010110110,0.127671489,2352,2352,0110110101010
2774,0101011010110,0.127671489,2352,2352,0110101101010
4622,1001000001110,0.128091461,2353,2353,0111000001001
4726,1001001110110,0.128091461,2353,2353,0110111001001
4790,1001010110110,0.128511433,2354,2354,0110110101001
4822,1001011010110,0.128511433,2354,2354,0110101101001
526,0001000001110,0.128931405,2355,2355,0111000001000
630,0001001110110,0.128931405,2355,2355,0110111001000
694,0001010110110,0.129351377,2356,2356,0110110101000
726,0001011010110,0.129351377,2356,2356,0110101101000
7182,1110000001110,0.129771349,2357,2357,0111000000111
7286,1110001110110,0.129771349,2357,2357,0110111000111
7350,1110010110110,0.130191321,2358,2358,0110110100111
7382,1110011010110,0.130191321,2358,2358,0110101100111
3086,0110000001110,0.130611293,2359,2359,0111000000110
3190,0110001110110,0.130611293,2359,2359,0110111000110
3254,0110010110110,0.131031265,2360,2360,0110110100110
3286,0110011010110,0.131031265,2360,2360,0110101100110
5134,1010000001110,0.131451237,2361,2361,0111000000101
5238,1010001110110,0.131451237,2361,2361,0110111000101
5302,1010010110110,0.131871209,2362,2362,0110110100101
5334,1010011010110,0.131871209,2362,2362,0110101100101
1038,0010000001110,0.132291181,2363,2363,0111000000100
1142,0010001110110,0.132291181,2363,2363,0110111000100
1206,0010010110110,0.132711153,2364,2364,0110110100100
1238,0010011010110,0.132711153,2364,2364,0110101100100
6158,1100000001110,0.133131125,2365,2365,0111000000011
6262,1100001110110,0.133131125,2365,2365,0110111000011
6326,1100010110110,0.133551097,2366,2366,0110110100011
6358,1100011010110,0.133551097,2366,2366,0110101100011
2062,0100000001110,0.133971069,2367,2367,0111000000010
2166,0100001110110,0.133971069,2367,2367,0110111000010
2230,0100010110110,0.134391041,2368,2368,0110110100010
2262,0100011010110,0.134391041,2368,2368,0110101100010
4110,1000000001110,0.134811013,2369,2369,0111000000001
4214,1000001110110,0.134811013,2369,2369,0110111000001
4278,1000010110110,0.135230985,2370,2370,0110110100001
4310,1000011010110,0.135230985,2370,2370,0110101100001
14,0000000001110,0.135650957,2371,2371,0111000000000
118,0000001110110,0.135650957,2371,2371,0110111000000
182,0000010110110,0.136070929,2372,2372,0110110100000
214,0000011010110,0.136070929,2372,2372,0110101100000
7990,1111100110110,0.136910873,2374,2374,0110110011111
8022,1111101010110,0.136910873,2374,2374,0110101011111
8086,1111110010110,0.137330845,2375,2375,0110100111111
8166,1111111100110,0.137330845,2375,2375,0110011111111
3894,0111100110110,0.137750817,2376,2376,0110110011110
3926,0111101010110,0.137750817,2376,2376,0110101011110
3990,0111110010110,0.138170789,2377,2377,0110100111110
4070,0111111100110,0.138170789,2377,2377,0110011111110
5942,1011100110110,0.138590761,2378,2378,0110110011101
5974,1011101010110,0.138590761,2378,2378,0110101011101
6038,1011110010110,0.139010733,2379,2379,0110100111101
6118,1011111100110,0.139010733,2379,2379,0110011111101
1846,0011100110110,0.139430705,2380,2380,0110110011100
1878,0011101010110,0.139430705,2380,2380,0110101011100
1942,0011110010110,0.139850677,2381,2381,0110100111100
2022,0011111100110,0.139850677,2381,2381,0110011111100
6966,1101100110110,0.140270649,2382,2382,0110110011011
6998,1101101010110,0.140270649,2382,2382,0110101011011
7062,1101110010110,0.140690621,2383,2383,0110100111011
7142,1101111100110,0.140690621,2383,2383,0110011111011
2870,0101100110110,0.141110593,2384,2384,0110110011010
2902,0101101010110,0.141110593,2384,2384,0110101011010
2966,0101110010110,0.141530565,2385,2385,0110100111010
3046,0101111100110,0.141530565,2385,2385,0110011111010
4918,1001100110110,0.141950537,2386,2386,0110110011001
4950,1001101010110,0.141950537,2386,2386,0110101011001
5014,1001110010110,0.142370509,2387,2387,0110100111001
5094,1001111100110,0.142370509,2387,2387,0110011111001
822,0001100110110,0.142790481,2388,2388,0110110011000
854,0001101010110,0.142790481,2388,2388,0110101011000
918,0001110010110,0.143210453,2389,2389,0110100111000
998,0001111100110,0.143210453,2389,2389,0110011111000
7478,1110100110110,0.143630425,2390,2390,0110110010111
7510,1110101010110,0.143630425,2390,2390,0110101010111
7574,1110110010110,0.144050397,2391,2391,0110100110111
7654,1110111100110,0.144050397,2391,2391,0110011110111
3382,0110100110110,0.144470369,2392,2392,0110110010110
3414,0110101010110,0.144470369,2392,2392,0110101010110
3478,0110110010110,0.144890341,2393,2393,0110100110110
3558,0110111100110,0.144890341,2393,2393,0110011110110
5430,1010100110110,0.145310313,2394,2394,0110110010101
5462,1010101010110,0.145310313,2394,2394,0110101010101
5526,1010110010110,0.145730285,2395,2395,0110100110101
5606,1010111100110,0.145730285,2395,2395,0110011110101
1334,0010100110110,0.146150257,2396,2396,0110110010100
1366,0010101010110,0.146150257,2396,2396,0110101010100
1430,0010110010110,0.146570229,2397,2397,0110100110100
1510,0010111100110,0.146570229,2397,2397,0110011110100
6454,1100100110110,0.146990201,2398,2398,0110110010011
6486,1100101010110,0.146990201,2398,2398,0110101010011
6550,1100110010110,0.147410173,2399,2399,0110100110011
6630,1100111100110,0.147410173,2399,2399,0110011110011
2358,0100100110110,0.147830145,2400,2400,0110110010010
2390,0100101010110,0.147830145,2400,2400,0110101010010
2454,0100110010110,0.148250117,2401,2401,0110100110010
2534,0100111100110,0.148250117,2401,2401,0110011110010
4406,1000100110110,0.148670089,2402,2402,0110110010001
4438,1000101010110,0.148670089,2402,2402,0110101010001
4502,1000110010110,0.149090061,2403,2403,0110100110001
4582,1000111100110,0.149090061,2403,2403,0110011110001
310,0000100110110,0.149510033,2404,2404,0110110010000
342,0000101010110,0.149510033,2404,2404,0110101010000
406,0000110010110,0.149930005,2405,2405,0110100110000
486,0000111100110,0.149930005,2405,2405,0110011110000
7734,1111000110110,0.150349977,2406,2406,0110110001111
7766,1111001010110,0.150349977,2406,2406,0110101001111
7830,1111010010110,0.150769949,2407,2407,0110100101111
7910,1111011100110,0.150769949,2407,2407,0110011101111
3638,0111000110110,0.151189921,2408,2408,0110110001110
3670,0111001010110,0.151189921,2408,2408,0110101001110
3734,0111010010110,0.151609893,2409,2409,0110100101110
3814,0111011100110,0.151609893,2409,2409,0110011101110
5686,1011000110110,0.152029865,2410,2410,0110110001101
5718,1011001010110,0.152029865,2410,2410,0110101001101
5782,1011010010110,0.152449837,2411,2411,0110100101101
5862,1011011100110,0.152449837,2411,2411,0110011101101
1590,0011000110110,0.152869809,2412,2412,0110110001100
1622,0011001010110,0.152869809,2412,2412,0110101001100
1686,0011010010110,0.153289781,2413,2413,0110100101100
1766,0011011100110,0.153289781,2413,2413,0110011101100
6710,1101000110110,0.153709753,2414,2414,0110110001011
6742,1101001010110,0.153709753,2414,2414,0110101001011
6806,1101010010110,0.154129725,2415,2415,0110100101011
6886,1101011100110,0.154129725,2415,2415,0110011101011
2614,0101000110110,0.154549697,2416,2416,0110110001010
2646,0101001010110,0.154549697,2416,2416,0110101001010
2710,0101010010110,0.154969669,2417,2417,0110100101010
2790,0101011100110,0.154969669,2417,2417,0110011101010
4662,1001000110110,0.155389641,2418,2418,0110110001001
4694,1001001010110,0.155389641,2418,2418,0110101001001
4758,1001010010110,0.155809613,2419,2419,0110100101001
4838,1001011100110,0.155809613,2419,2419,0110011101001
566,0001000110110,0.156229585,2420,2420,0110110001000
598,0001001010110,0.156229585,2420,2420,0110101001000
662,0001010010110,0.156649557,2421,2421,0110100101000
742,0001011100110,0.156649557,2421,2421,0110011101000
7222,1110000110110,0.157069529,2422,2422,0110110000111
7254,1110001010110,0.157069529,2422,2422,0110101000111
7318,1110010010110,0.157489501,2423,2423,0110100100111
7398,1110011100110,0.157489501,2423,2423,0110011100111
3126,0110000110110,0.157909473,2424,2424,0110110000110
3158,0110001010110,0.157909473,2424,2424,0110101000110
3222,0110010010110,0.158329445,2425,2425,0110100100110
3302,0110011100110,0.158329445,2425,2425,0110011100110
5174,1010000110110,0.158749417,2426,2426,0110110000101
5206,1010001010110,0.158749417,2426,2426,0110101000101
5270,1010010010110,0.159169389,2427,2427,0110100100101
5350,1010011100110,0.159169389,2427,2427,0110011100101
1078,0010000110110,0.159589361,2428,2428,0110110000100
1110,0010001010110,0.159589361,2428,2428,0110101000100
1174,0010010010110,0.160009333,2429,2429,0110100100100
1254,0010011100110,0.160009333,2429,2429,0110011100100
6198,1100000110110,0.160429305,2430,2430,0110110000011
6230,1100001010110,0.160429305,2430,2430,0110101000011
6294,1100010010110,0.160849277,2431,2431,0110100100011
6374,1100011100110,0.160849277,2431,2431,0110011100011
2102,0100000110110,0.161269249,2432,2432,0110110000010
2134,0100001010110,0.161269249,2432,2432,0110101000010
2198,0100010010110,0.161689221,2433,2433,0110100100010
2278,0100011100110,0.161689221,2433,2433,0110011100010
4150,1000000110110,0.162109193,2434,2434,0110110000001
4182,1000001010110,0.162109193,2434,2434,0110101000001
4246,1000010010110,0.162529165,2435,2435,0110100100001
4326,1000011100110,0.162529165,2435,2435,0110011100001
54,0000000110110,0.162949137,2436,2436,0110110000000
86,0000001010110,0.162949137,2436,2436,0110101000000
150,0000010010110,0.163369109,2437,2437,0110100100000
230,0000011100110,0.163369109,2437,2437,0110011100000
7958,1111100010110,0.164209053,2439,2439,0110100011111
8038,1111101100110,0.164209053,2439,2439,0110011011111
8102,1111110100110,0.164629025,2440,2440,0110010111111
8134,1111111000110,0.164629025,2440,2440,0110001111111
3862,0111100010110,0.165048997,2441,2441,0110100011110
3942,0111101100110,0.165048997,2441,2441,0110011011110
4006,0111110100110,0.165468969,2442,2442,0110010111110
4038,0111111000110,0.165468969,2442,2442,0110001111110
5910,1011100010110,0.165888941,2443,2443,0110100011101
5990,1011101100110,0.165888941,2443,2443,0110011011101
6054,1011110100110,0.166308913,2444,2444,0110010111101
6086,1011111000110,0.166308913,2444,2444,0110001111101
1814,0011100010110,0.166728885,2445,2445,0110100011100
1894,0011101100110,0.166728885,2445,2445,0110011011100
1958,0011110100110,0.167148857,2446,2446,0110010111100
1990,0011111000110,0.167148857,2446,2446,0110001111100
6934,1101100010110,0.167568829,2447,2447,0110100011011
7014,1101101100110,0.167568829,2447,2447,0110011011011
7078,1101110100110,0.167988801,2448,2448,0110010111011
7110,1101111000110,0.167988801,2448,2448,0110001111011
2838,0101100010110,0.168408773,2449,2449,0110100011010
2918,0101101100110,0.168408773,2449,2449,0110011011010
2982,0101110100110,0.168828745,2450,2450,0110010111010
3014,0101111000110,0.168828745,2450,2450,0110001111010
4886,1001100010110,0.169248717,2451,2451,0110100011001
4966,1001101100110,0.169248717,2451,2451,0110011011001
5030,1001110100110,0.169668689,2452,2452,0110010111001
5062,1001111000110,0.169668689,2452,2452,0110001111001
790,0001100010110,0.170088661,2453,2453,0110100011000
870,0001101100110,0.170088661,2453,2453,0110011011000
934,0001110100110,0.170508633,2454,2454,0110010111000
966,0001111000110,0.170508633,2454,2454,0110001111000
7446,1110100010110,0.170928605,2455,2455,0110100010111
7526,1110101100110,0.170928605,2455,2455,0110011010111
7590,1110110100110,0.171348577,2456,2456,0110010110111
7622,1110111000110,0.171348577,2456,2456,0110001110111
3350,0110100010110,0.171768549,2457,2457,0110100010110
3430,0110101100110,0.171768549,2457,2457,0110011010110
3494,0110110100110,0.172188521,2458,2458,0110010110110
3526,0110111000110,0.172188521,2458,2458,0110001110110
5398,1010100010110,0.172608493,2459,2459,0110100010101
5478,1010101100110,0.172608493,2459,2459,0110011010101
5542,1010110100110,0.173028465,2460,2460,0110010110101
5574,1010111000110,0.173028465,2460,2460,0110001110101
1302,0010100010110,0.173448437,2461,2461,0110100010100
1382,0010101100110,0.173448437,2461,2461,0110011010100
1446,0010110100110,0.173868409,2462,2462,0110010110100
1478,0010111000110,0.173868409,2462,2462,0110001110100
6422,1100100010110,0.174288381,2463,2463,0110100010011
6502,1100101100110,0.174288381,2463,2463,0110011010011
6566,1100110100110,0.174708353,2464,2464,0110010110011
6598,1100111000110,0.174708353,2464,2464,0110001110011
2326,0100100010110,0.175128325,2465,2465,0110100010010
2406,0100101100110,0.175128325,2465,2465,0110011010010
2470,0100110100110,0.175548297,2466,2466,0110010110010
2502,0100111000110,0.175548297,2466,2466,0110001110010
4374,1000100010110,0.175968269,2467,2467,0110100010001
4454,1000101100110,0.175968269,2467,2467,0110011010001
4518,1000110100110,0.176388241,2468,2468,0110010110001
4550,1000111000110,0.176388241,2468,2468,0110001110001
278,0000100010110,0.176808213,2469,2469,0110100010000
358,0000101100110,0.176808213,2469,2469,0110011010000
422,0000110100110,0.177228185,2470,2470,0110010110000
454,0000111000110,0.177228185,2470,2470,0110001110000
7702,1111000010110,0.177648157,2471,2471,0110100001111
7782,1111001100110,0.177648157,2471,2471,0110011001111
7846,1111010100110,0.178068129,2472,2472,0110010101111
7878,1111011000110,0.178068129,2472,2472,0110001101111
3606,0111000010110,0.178488101,2473,2473,0110100001110
3686,0111001100110,0.178488101,2473,2473,0110011001110
3750,0111010100110,0.178908073,2474,2474,0110010101110
3782,0111011000110,0.178908073,2474,2474,0110001101110
5654,1011000010110,0.179328045,2475,2475,0110100001101
5734,1011001100110,0.179328045,2475,2475,0110011001101
5798,1011010100110,0.179748017,2476,2476,0110010101101
5830,1011011000110,0.179748017,2476,2476,0110001101101
1558,0011000010110,0.180167989,2477,2477,0110100001100
1638,0011001100110,0.180167989,2477,2477,0110011001100
1702,0011010100110,0.180587961,2478,2478,0110010101100
1734,0011011000110,0.180587961,2478,2478,0110001101100
6678,1101000010110,0.181007933,2479,2479,0110100001011
6758,1101001100110,0.181007933,2479,2479,0110011001011
6822,1101010100110,0.181427905,2480,2480,0110010101011
6854,1101011000110,0.181427905,2480,2480,0110001101011
2582,0101000010110,0.181847877,2481,2481,0110100001010
2662,0101001100110,0.181847877,2481,2481,0110011001010
2726,0101010100110,0.182267849,2482,2482,0110010101010
2758,0101011000110,0.182267849,2482,2482,0110001101010
4630,1001000010110,0.182687821,2483,2483,0110100001001
4710,1001001100110,0.182687821,2483,2483,0110011001001
4774,1001010100110,0.183107793,2484,2484,0110010101001
4806,1001011000110,0.183107793,2484,2484,0110001101001
534,0001000010110,0.183527765,2485,2485,0110100001000
614,0001001100110,0.183527765,2485,2485,0110011001000
678,0001010100110,0.183947737,2486,2486,0110010101000
710,0001011000110,0.183947737,2486,2486,0110001101000
7190,1110000010110,0.184367709,2487,2487,0110100000111
7270,1110001100110,0.184367709,2487,2487,0110011000111
7334,1110010100110,0.184787681,2488,2488,0110010100111
7366,1110011000110,0.184787681,2488,2488,0110001100111
3094,0110000010110,0.185207653,2489,2489,0110100000110
3174,0110001100110,0.185207653,2489,2489,0110011000110
3238,0110010100110,0.185627625,2490,2490,0110010100110
3270,0110011000110,0.185627625,2490,2490,0110001100110
5142,1010000010110,0.186047597,2491,2491,0110100000101
5222,1010001100110,0.186047597,2491,2491,0110011000101
5286,1010010100110,0.186467569,2492,2492,0110010100101
5318,1010011000110,0.186467569,2492,2492,0110001100101
1046,0010000010110,0.186887541,2493,2493,0110100000100
1126,0010001100110,0.186887541,2493,2493,0110011000100
1190,0010010100110,0.187307513,2494,2494,0110010100100
1222,0010011000110,0.187307513,2494,2494,0110001100100
6166,1100000010110,0.187727485,2495,2495,0110100000011
6246,1100001100110,0.187727485,2495,2495,0110011000011
6310,1100010100110,0.188147457,2496,2496,0110010100011
6342,1100011000110,0.188147457,2496,2496,0110001100011
2070,0100000010110,0.188567429,2497,2497,0110100000010
2150,0100001100110,0.188567429,2497,2497,0110011000010
2214,0100010100110,0.188987401,2498,2498,0110010100010
2246,0100011000110,0.188987401,2498,2498,0110001100010
4118,1000000010110,0.189407373,2499,2499,0110100000001
4198,1000001100110,0.189407373,2499,2499,0110011000001
4262,1000010100110,0.189827345,2500,2500,0110010100001
4294,1000011000110,0.189827345,2500,2500,0110001100001
22,0000000010110,0.190247317,2501,2501,0110100000000
102,0000001100110,0.190247317,2501,2501,0110011000000
166,0000010100110,0.190667289,2502,2502,0110010100000
198,0000011000110,0.190667289,2502,2502,0110001100000
7974,1111100100110,0.191507233,2504,2504,0110010011111
8006,1111101000110,0.191507233,2504,2504,0110001011111
8070,1111110000110,0.191927205,2505,2505,0110000111111
8186,1111111111010,0.191927205,2505,2505,0101111111111
3878,0111100100110,0.192347177,2506,2506,0110010011110
3910,0111101000110,0.192347177,2506,2506,0110001011110
3974,0111110000110,0.192767149,2507,2507,0110000111110
4090,0111111111010,0.192767149,2507,2507,0101111111110
5926,1011100100110,0.193187121,2508,2508,0110010011101
5958,1011101000110,0.193187121,2508,2508,0110001011101
6022,1011110000110,0.193607093,2509,2509,0110000111101
6138,1011111111010,0.193607093,2509,2509,0101111111101
1830,0011100100110,0.194027065,2510,2510,0110010011100
1862,0011101000110,0.194027065,2510,2510,0110001011100
1926,0011110000110,0.194447037,2511,2511,0110000111100
2042,0011111111010,0.194447037,2511,2511,0101111111100
6950,1101100100110,0.194867009,2512,2512,0110010011011
6982,1101101000110,0.194867009,2512,2512,0110001011011
7046,1101110000110,0.195286981,2513,2513,0110000111011
7162,1101111111010,0.195286981,2513,2513,0101111111011
2854,0101100100110,0.195706953,2514,2514,0110010011010
2886,0101101000110,0.195706953,2514,2514,0110001011010
2950,0101110000110,0.196126925,2515,2515,0110000111010
3066,0101111111010,0.196126925,2515,2515,0101111111010
4902,1001100100110,0.196546897,2516,2516,0110010011001
4934,1001101000110,0.196546897,2516,2516,0110001011001
4998,1001110000110,0.196966869,2517,2517,0110000111001
5114,1001111111010,0.196966869,2517,2517,0101111111001
806,0001100100110,0.197386841,2518,2518,0110010011000
838,0001101000110,0.197386841,2518,2518,0110001011000
902,0001110000110,0.197806813,2519,2519,0110000111000
1018,0001111111010,0.197806813,2519,2519,0101111111000
7462,1110100100110,0.198226785,2520,2520,0110010010111
7494,1110101000110,0.198226785,2520,2520,0110001010111
7558,1110110000110,0.198646757,2521,2521,0110000110111
7674,1110111111010,0.198646757,2521,2521,0101111110111
3366,0110100100110,0.199066729,2522,2522,0110010010110
3398,0110101000110,0.199066729,2522,2522,0110001010110
3462,0110110000110,0.199486701,2523,2523,0110000110110
3578,0110111111010,0.199486701,2523,2523,0101111110110
5414,1010100100110,0.199906673,2524,2524,0110010010101
5446,1010101000110,0.199906673,2524,2524,0110001010101
5510,1010110000110,0.200326645,2525,2525,0110000110101
5626,1010111111010,0.200326645,2525,2525,0101111110101
1318,0010100100110,0.200746617,2526,2526,0110010010100
1350,0010101000110,0.200746617,2526,2526,0110001010100
1414,0010110000110,0.201166589,2527,2527,0110000110100
1530,0010111111010,0.201166589,2527,2527,0101111110100
6438,1100100100110,0.201586561,2528,2528,0110010010011
6470,1100101000110,0.201586561,2528,2528,0110001010011
6534,1100110000110,0.202006533,2529,2529,0110000110011
6650,1100111111010,0.202006533,2529,2529,0101111110011
2342,0100100100110,0.202426505,2530,2530,0110010010010
2374,0100101000110,0.202426505,2530,2530,0110001010010
2438,0100110000110,0.202846477,2531,2531,0110000110010
2554,0100111111010,0.202846477,2531,2531,0101111110010
4390,1000100100110,0.203266449,2532,2532,0110010010001
4422,1000101000110,0.203266449,2532,2532,0110001010001
4486,1000110000110,0.203686421,2533,2533,0110000110001
4602,1000111111010,0.203686421,2533,2533,0101111110001
294,0000100100110,0.204106393,2534,2534,0110010010000
326,0000101000110,0.204106393,2534,2534,0110001010000
390,0000110000110,0.204526365,2535,2535,0110000110000
506,0000111111010,0.204526365,2535,2535,0101111110000
7718,1111000100110,0.204946337,2536,2536,0110010001111
7750,1111001000110,0.204946337,2536,2536,0110001001111
7814,1111010000110,0.205366309,2537,2537,0110000101111
7930,1111011111010,0.205366309,2537,2537,0101111101111
3622,0111000100110,0.205786281,2538,2538,0110010001110
3654,0111001000110,0.205786281,2538,2538,0110001001110
3718,0111010000110,0.206206253,2539,2539,0110000101110
3834,0111011111010,0.206206253,2539,2539,0101111101110
5670,1011000100110,0.206626225,2540,2540,0110010001101
5702,1011001000110,0.206626225,2540,2540,0110001001101
5766,1011010000110,0.207046197,2541,2541,0110000101101
5882,1011011111010,0.207046197,2541,2541,0101111101101
1574,0011000100110,0.207466169,2542,2542,0110010001100
1606,0011001000110,0.207466169,2542,2542,0110001001100
1670,0011010000110,0.207886141,2543,2543,0110000101100
1786,0011011111010,0.207886141,2543,2543,0101111101100
6694,1101000100110,0.208306113,2544,2544,0110010001011
6726,1101001000110,0.208306113,2544,2544,0110001001011
6790,1101010000110,0.208726085,2545,2545,0110000101011
6906,1101011111010,0.208726085,2545,2545,0101111101011
2598,0101000100110,0.209146057,2546,2546,0110010001010
2630,0101001000110,0.209146057,2546,2546,0110001001010
2694,0101010000110,0.209566029,2547,2547,0110000101010
2810,0101011111010,0.209566029,2547,2547,0101111101010
4646,1001000100110,0.209986001,2548,2548,0110010001001
4678,1001001000110,0.209986001,2548,2548,0110001001001
4742,1001010000110,0.210405973,2549,2549,0110000101001
4858,1001011111010,0.210405973,2549,2549,0101111101001
550,0001000100110,0.210825945,2550,2550,0110010001000
582,0001001000110,0.210825945,2550,2550,0110001001000
646,0001010000110,0.211245917,2551,2551,0110000101000
762,0001011111010,0.211245917,2551,2551,0101111101000
7206,1110000100110,0.211665889,2552,2552,0110010000111
7238,1110001000110,0.211665889,2552,2552,0110001000111
7302,1110010000110,0.212085861,2553,2553,0110000100111
7418,1110011111010,0.212085861,2553,2553,0101111100111
3110,0110000100110,0.212505833,2554,2554,0110010000110
3142,0110001000110,0.212505833,2554,2554,0110001000110
3206,0110010000110,0.212925805,2555,2555,0110000100110
3322,0110011111010,0.212925805,2555,2555,0101111100110
5158,1010000100110,0.213345777,2556,2556,0110010000101
5190,1010001000110,0.213345777,2556,2556,0110001000101
5254,1010010000110,0.213765749,2557,2557,0110000100101
5370,1010011111010,0.213765749,2557,2557,0101111100101
1062,0010000100110,0.214185721,2558,2558,0110010000100
1094,0010001000110,0.214185721,2558,2558,0110001000100
1158,0010010000110,0.214605693,2559,2559,0110000100100
1274,0010011111010,0.214605693,2559,2559,0101111100100
6182,1100000100110,0.215025665,2560,2560,0110010000011
6214,1100001000110,0.215025665,2560,2560,0110001000011
6278,1100010000110,0.215445637,2561,2561,0110000100011
6394,1100011111010,0.215445637,2561,2561,0101111100011
2086,0100000100110,0.215865609,2562,2562,0110010000010
2118,0100001000110,0.215865609,2562,2562,0110001000010
2182,0100010000110,0.216285581,2563,2563,0110000100010
2298,0100011111010,0.216285581,2563,2563,0101111100010
4134,1000000100110,0.216705553,2564,2564,0110010000001
4166,1000001000110,0.216705553,2564,2564,0110001000001
4230,1000010000110,0.217125525,2565,2565,0110000100001
4346,1000011111010,0.217125525,2565,2565,0101111100001
38,0000000100110,0.217545497,2566,2566,0110010000000
70,0000001000110,0.217545497,2566,2566,0110001000000
134,0000010000110,0.217965469,2567,2567,0110000100000
250,0000011111010,0.217965469,2567,2567,0101111100000
7942,1111100000110,0.218805413,2569,2569,0110000011111
8058,1111101111010,0.218805413,2569,2569,0101111011111
8122,1111110111010,0.219225385,2570,2570,0101110111111
8154,1111111011010,0.219225385,2570,2570,0101101111111
3846,0111100000110,0.219645357,2571,2571,0110000011110
3962,0111101111010,0.219645357,2571,2571,0101111011110
4026,0111110111010,0.220065329,2572,2572,0101110111110
4058,0111111011010,0.220065329,2572,2572,0101101111110
5894,1011100000110,0.220485301,2573,2573,0110000011101
6010,1011101111010,0.220485301,2573,2573,0101111011101
6074,1011110111010,0.220905273,2574,2574,0101110111101
6106,1011111011010,0.220905273,2574,2574,0101101111101
1798,0011100000110,0.221325245,2575,2575,0110000011100
1914,0011101111010,0.221325245,2575,2575,0101111011100
1978,0011110111010,0.221745217,2576,2576,0101110111100
2010,0011111011010,0.221745217,2576,2576,0101101111100
6918,1101100000110,0.222165189,2577,2577,0110000011011
7034,1101101111010,0.222165189,2577,2577,0101111011011
7098,1101110111010,0.222585161,2578,2578,0101110111011
7130,1101111011010,0.222585161,2578,2578,0101101111011
2822,0101100000110,0.223005133,2579,2579,0110000011010
2938,0101101111010,0.223005133,2579,2579,0101111011010
3002,0101110111010,0.223425105,2580,2580,0101110111010
3034,0101111011010,0.223425105,2580,2580,0101101111010
4870,1001100000110,0.223845077,2581,2581,0110000011001
4986,1001101111010,0.223845077,2581,2581,0101111011001
5050,1001110111010,0.224265049,2582,2582,0101110111001
5082,1001111011010,0.224265049,2582,2582,0101101111001
774,0001100000110,0.224685021,2583,2583,0110000011000
890,0001101111010,0.224685021,2583,2583,0101111011000
954,0001110111010,0.225104993,2584,2584,0101110111000
986,0001111011010,0.225104993,2584,2584,0101101111000
7430,1110100000110,0.225524965,2585,2585,0110000010111
7546,1110101111010,0.225524965,2585,2585,0101111010111
7610,1110110111010,0.225944937,2586,2586,0101110110111
7642,1110111011010,0.225944937,2586,2586,0101101110111
3334,0110100000110,0.226364909,2587,2587,0110000010110
3450,0110101111010,0.226364909,2587,2587,0101111010110
3514,0110110111010,0.226784881,2588,2588,0101110110110
3546,0110111011010,0.226784881,2588,2588,0101101110110
5382,1010100000110,0.227204853,2589,2589,0110000010101
5498,1010101111010,0.227204853,2589,2589,0101111010101
5562,1010110111010,0.227624825,2590,2590,0101110110101
5594,1010111011010,0.227624825,2590,2590,0101101110101
1286,0010100000110,0.228044797,2591,2591,0110000010100
1402,0010101111010,0.228044797,2591,2591,0101111010100
1466,0010110111010,0.228464769,2592,2592,0101110110100
1498,0010111011010,0.228464769,2592,2592,0101101110100
6406,1100100000110,0.228884741,2593,2593,0110000010011
6522,1100101111010,0.228884741,2593,2593,0101111010011
6586,1100110111010,0.229304713,2594,2594,0101110110011
6618,1100111011010,0.229304713,2594,2594,0101101110011
2310,0100100000110,0.229724685,2595,2595,0110000010010
2426,0100101111010,0.229724685,2595,2595,0101111010010
2490,0100110111010,0.230144657,2596,2596,0101110110010
2522,0100111011010,0.230144657,2596,2596,0101101110010
4358,1000100000110,0.230564629,2597,2597,0110000010001
4474,1000101111010,0.230564629,2597,2597,0101111010001
4538,1000110111010,0.230984601,2598,2598,0101110110001
4570,1000111011010,0.230984601,2598,2598,0101101110001
262,0000100000110,0.231404573,2599,2599,0110000010000
378,0000101111010,0.231404573,2599,2599,0101111010000
442,0000110111010,0.231824545,2600,2600,0101110110000
474,0000111011010,0.231824545,2600,2600,0101101110000
7686,1111000000110,0.232244517,2601,2601,0110000001111
7802,1111001111010,0.232244517,2601,2601,0101111001111
7866,1111010111010,0.232664489,2602,2602,0101110101111
7898,1111011011010,0.232664489,2602,2602,0101101101111
3590,0111000000110,0.233084461,2603,2603,0110000001110
3706,0111001111010,0.233084461,2603,2603,0101111001110
3770,0111010111010,0.233504433,2604,2604,0101110101110
3802,0111011011010,0.233504433,2604,2604,0101101101110
5638,1011000000110,0.233924405,2605,2605,0110000001101
5754,1011001111010,0.233924405,2605,2605,0101111001101
5818,1011010111010,0.234344377,2606,2606,0101110101101
5850,1011011011010,0.234344377,2606,2606,0101101101101
1542,0011000000110,0.234764349,2607,2607,0110000001100
1658,0011001111010,0.234764349,2607,2607,0101111001100
1722,0011010111010,0.235184321,2608,2608,0101110101100
1754,0011011011010,0.235184321,2608,2608,0101101101100
6662,1101000000110,0.235604293,2609,2609,0110000001011
6778,1101001111010,0.235604293,2609,2609,0101111001011
6842,1101010111010,0.236024265,2610,2610,0101110101011
6874,1101011011010,0.236024265,2610,2610,0101101101011
2566,0101000000110,0.236444237,2611,2611,0110000001010
2682,0101001111010,0.236444237,2611,2611,0101111001010
2746,0101010111010,0.236864209,2612,2612,0101110101010
2778,0101011011010,0.236864209,2612,2612,0101101101010
4614,1001000000110,0.237284181,2613,2613,0110000001001
4730,1001001111010,0.237284181,2613,2613,0101111001001
4794,1001010111010,0.237704153,2614,2614,0101110101001
4826,1001011011010,0.237704153,2614,2614,0101101101001
518,0001000000110,0.238124125,2615,2615,0110000001000
634,0001001111010,0.238124125,2615,2615,0101111001000
698,0001010111010,0.238544097,2616,2616,0101110101000
730,0001011011010,0.238544097,2616,2616,0101101101000
7174,1110000000110,0.238964069,2617,2617,0110000000111
7290,1110001111010,0.238964069,2617,2617,0101111000111
7354,1110010111010,0.239384041,2618,2618,0101110100111
7386,1110011011010,0.239384041,2618,2618,0101101100111
3078,0110000000110,0.239804013,2619,2619,0110000000110
3194,0110001111010,0.239804013,2619,2619,0101111000110
3258,0110010111010,0.240223985,2620,2620,0101110100110
3290,0110011011010,0.240223985,2620,2620,0101101100110
5126,1010000000110,0.240643957,2621,2621,0110000000101
5242,1010001111010,0.240643957,2621,2621,0101111000101
5306,1010010111010,0.241063929,2622,2622,0101110100101
5338,1010011011010,0.241063929,2622,2622,0101101100101
1030,0010000000110,0.241483901,2623,2623,0110000000100
1146,0010001111010,0.241483901,2623,2623,0101111000100
1210,0010010111010,0.241903873,2624,2624,0101110100100
1242,0010011011010,0.241903873,2624,2624,0101101100100
6150,1100000000110,0.242323845,2625,2625,0110000000011
6266,1100001111010,0.242323845,2625,2625,0101111000011
6330,1100010111010,0.242743817,2626,2626,0101110100011
6362,1100011011010,0.242743817,2626,2626,0101101100011
2054,0100000000110,0.243163789,2627,2627,0110000000010
2170,0100001111010,0.243163789,2627,2627,0101111000010
2234,0100010111010,0.243583761,2628,2628,0101110100010
2266,0100011011010,0.243583761,2628,2628,0101101100010
4102,1000000000110,0.244003733,2629,2629,0110000000001
4218,1000001111010,0.244003733,2629,2629,0101111000001
4282,1000010111010,0.244423705,2630,2630,0101110100001
4314,1000011011010,0.244423705,2630,2630,0101101100001
6,0000000000110,0.244843677,2631,2631,0110000000000
122,0000001111010,0.244843677,2631,2631,0101111000000
186,0000010111010,0.245263649,2632,2632,0101110100000
218,0000011011010,0.245263649,2632,2632,0101101100000
7994,1111100111010,0.246103593,2634,2634,0101110011111
8026,1111101011010,0.246103593,2634,2634,0101101011111
8090,1111110011010,0.246523565,2635,2635,0101100111111
8170,1111111101010,0.246523565,2635,2635,0101011111111
3898,0111100111010,0.246943537,2636,2636,0101110011110
3930,0111101011010,0.246943537,2636,2636,0101101011110
3994,0111110011010,0.247363509,2637,2637,0101100111110
4074,0111111101010,0.247363509,2637,2637,0101011111110
5946,1011100111010,0.247783481,2638,2638,0101110011101
5978,1011101011010,0.247783481,2638,2638,0101101011101
6042,1011110011010,0.248203453,2639,2639,0101100111101
6122,1011111101010,0.248203453,2639,2639,0101011111101
1850,0011100111010,0.248623425,2640,2640,0101110011100
1882,0011101011010,0.248623425,2640,2640,0101101011100
1946,0011110011010,0.249043397,2641,2641,0101100111100
2026,0011111101010,0.249043397,2641,2641,0101011111100
6970,1101100111010,0.249463369,2642,2642,0101110011011
7002,1101101011010,0.249463369,2642,2642,0101101011011
7066,1101110011010,0.249883341,2643,2643,0101100111011
7146,1101111101010,0.249883341,2643,2643,0101011111011
2874,0101100111010,0.250303313,2644,2644,0101110011010
2906,0101101011010,0.250303313,2644,2644,0101101011010
2970,0101110011010,0.250723285,2645,2645,0101100111010
3050,0101111101010,0.250723285,2645,2645,0101011111010
4922,1001100111010,0.251143257,2646,2646,0101110011001
4954,1001101011010,0.251143257,2646,2646,0101101011001
5018,1001110011010,0.251563229,2647,2647,0101100111001
5098,1001111101010,0.251563229,2647,2647,0101011111001
826,0001100111010,0.251983201,2648,2648,0101110011000
858,0001101011010,0.251983201,2648,2648,0101101011000
922,0001110011010,0.252403173,2649,2649,0101100111000
1002,0001111101010,0.252403173,2649,2649,0101011111000
7482,1110100111010,0.252823145,2650,2650,0101110010111
7514,1110101011010,0.252823145,2650,2650,0101101010111
7578,1110110011010,0.253243117,2651,2651,0101100110111
7658,1110111101010,0.253243117,2651,2651,0101011110111
3386,0110100111010,0.253663089,2652,2652,0101110010110
3418,0110101011010,0.253663089,2652,2652,0101101010110
3482,0110110011010,0.254083061,2653,2653,0101100110110
3562,0110111101010,0.254083061,2653,2653,0101011110110
5434,1010100111010,0.254503033,2654,2654,0101110010101
5466,1010101011010,0.254503033,2654,2654,0101101010101
5530,1010110011010,0.254923005,2655,2655,0101100110101
5610,1010111101010,0.254923005,2655,2655,0101011110101
1338,0010100111010,0.255342977,2656,2656,0101110010100
1370,0010101011010,0.255342977,2656,2656,0101101010100
1434,0010110011010,0.255762949,2657,2657,0101100110100
1514,0010111101010,0.255762949,2657,2657,0101011110100
6458,1100100111010,0.256182921,2658,2658,0101110010011
6490,1100101011010,0.256182921,2658,2658,0101101010011
6554,1100110011010,0.256602893,2659,2659,0101100110011
6634,1100111101010,0.256602893,2659,2659,0101011110011
2362,0100100111010,0.257022865,2660,2660,0101110010010
2394,0100101011010,0.257022865,2660,2660,0101101010010
2458,0100110011010,0.257442837,2661,2661,0101100110010
2538,0100111101010,0.257442837,2661,2661,0101011110010
4410,1000100111010,0.257862809,2662,2662,0101110010001
4442,1000101011010,0.257862809,2662,2662,0101101010001
4506,1000110011010,0.258282781,2663,2663,0101100110001
4586,1000111101010,0.258282781,2663,2663,0101011110001
314,0000100111010,0.258702753,2664,2664,0101110010000
346,0000101011010,0.258702753,2664,2664,0101101010000
410,0000110011010,0.259122725,2665,2665,0101100110000
490,0000111101010,0.259122725,2665,2665,0101011110000
7738,1111000111010,0.259542697,2666,2666,0101110001111
7770,1111001011010,0.259542697,2666,2666,0101101001111
7834,1111010011010,0.259962669,2667,2667,0101100101111
7914,1111011101010,0.259962669,2667,2667,0101011101111
3642,0111000111010,0.260382641,2668,2668,0101110001110
3674,0111001011010,0.260382641,2668,2668,0101101001110
3738,0111010011010,0.260802613,2669,2669,0101100101110
3818,0111011101010,0.260802613,2669,2669,0101011101110
5690,1011000111010,0.261222585,2670,2670,0101110001101
5722,1011001011010,0.261222585,2670,2670,0101101001101
5786,1011010011010,0.261642557,2671,2671,0101100101101
5866,1011011101010,0.261642557,2671,2671,0101011101101
1594,0011000111010,0.262062529,2672,2672,0101110001100
1626,0011001011010,0.262062529,2672,2672,0101101001100
1690,0011010011010,0.262482501,2673,2673,0101100101100
1770,0011011101010,0.262482501,2673,2673,0101011101100
6714,1101000111010,0.262902473,2674,2674,0101110001011
6746,1101001011010,0.262902473,2674,2674,0101101001011
6810,1101010011010,0.263322445,2675,2675,0101100101011
6890,1101011101010,0.263322445,2675,2675,0101011101011
2618,0101000111010,0.263742417,2676,2676,0101110001010
2650,0101001011010,0.263742417,2676,2676,0101101001010
2714,0101010011010,0.264162389,2677,2677,0101100101010
2794,0101011101010,0.264162389,2677,2677,0101011101010
4666,1001000111010,0.264582361,2678,2678,0101110001001
4698,1001001011010,0.264582361,2678,2678,0101101001001
4762,1001010011010,0.265002333,2679,2679,0101100101001
4842,1001011101010,0.265002333,2679,2679,0101011101001
570,0001000111010,0.265422305,2680,2680,0101110001000
602,0001001011010,0.265422305,2680,2680,0101101001000
666,0001010011010,0.265842277,2681,2681,0101100101000
746,0001011101010,0.265842277,2681,2681,0101011101000
7226,1110000111010,0.266262249,2682,2682,0101110000111
7258,1110001011010,0.266262249,2682,2682,0101101000111
7322,1110010011010,0.266682221,2683,2683,0101100100111
7402,1110011101010,0.266682221,2683,2683,0101011100111
3130,0110000111010,0.267102193,2684,2684,0101110000110
3162,0110001011010,0.267102193,2684,2684,0101101000110
3226,0110010011010,0.267522165,2685,2685,0101100100110
3306,0110011101010,0.267522165,2685,2685,0101011100110
5178,1010000111010,0.267942137,2686,2686,0101110000101
5210,1010001011010,0.267942137,2686,2686,0101101000101
5274,1010010011010,0.268362109,2687,2687,0101100100101
5354,1010011101010,0.268362109,2687,2687,0101011100101
1082,0010000111010,0.268782081,2688,2688,0101110000100
1114,0010001011010,0.268782081,2688,2688,0101101000100
1178,0010010011010,0.269202053,2689,2689,0101100100100
1258,0010011101010,0.269202053,2689,2689,0101011100100
6202,1100000111010,0.269622025,2690,2690,0101110000011
6234,1100001011010,0.269622025,2690,2690,0101101000011
6298,1100010011010,0.270041997,2691,2691,0101100100011
6378,1100011101010,0.270041997,2691,2691,0101011100011
2106,0100000111010,0.270461969,2692,2692,0101110000010
2138,0100001011010,0.270461969,2692,2692,0101101000010
2202,0100010011010,0.270881941,2693,2693,0101100100010
2282,0100011101010,0.270881941,2693,2693,0101011100010
4154,1000000111010,0.271301913,2694,2694,0101110000001
4186,1000001011010,0.271301913,2694,2694,0101101000001
4250,1000010011010,0.271721885,2695,2695,0101100100001
4330,1000011101010,0.271721885,2695,2695,0101011100001
58,0000000111010,0.272141857,2696,2696,0101110000000
90,0000001011010,0.272141857,2696,2696,0101101000000
154,0000010011010,0.272561829,2697,2697,0101100100000
234,0000011101010,0.272561829,2697,2697,0101011100000
7962,1111100011010,0.273401773,2699,2699,0101100011111
8042,1111101101010,0.273401773,2699,2699,0101011011111
8106,1111110101010,0.273821745,2700,2700,0101010111111
8138,1111111001010,0.273821745,2700,2700,0101001111111
3866,0111100011010,0.274241717,2701,2701,0101100011110
3946,0111101101010,0.274241717,2701,2701,0101011011110
4010,0111110101010,0.274661689,2702,2702,0101010111110
4042,0111111001010,0.274661689,2702,2702,0101001111110
5914,1011100011010,0.275081661,2703,2703,0101100011101
5994,1011101101010,0.275081661,2703,2703,0101011011101
6058,1011110101010,0.275501633,2704,2704,0101010111101
6090,1011111001010,0.275501633,2704,2704,0101001111101
1818,0011100011010,0.275921605,2705,2705,0101100011100
1898,0011101101010,0.275921605,2705,2705,0101011011100
1962,0011110101010,0.276341577,2706,2706,0101010111100
1994,0011111001010,0.276341577,2706,2706,0101001111100
6938,1101100011010,0.276761549,2707,2707,0101100011011
7018,1101101101010,0.276761549,2707,2707,0101011011011
7082,1101110101010,0.277181521,2708,2708,0101010111011
7114,1101111001010,0.277181521,2708,2708,0101001111011
2842,0101100011010,0.277601493,2709,2709,0101100011010
2922,0101101101010,0.277601493,2709,2709,0101011011010
2986,0101110101010,0.278021465,2710,2710,0101010111010
3018,0101111001010,0.278021465,2710,2710,0101001111010
4890,1001100011010,0.278441437,2711,2711,0101100011001
4970,1001101101010,0.278441437,2711,2711,0101011011001
5034,1001110101010,0.278861409,2712,2712,0101010111001
5066,1001111001010,0.278861409,2712,2712,0101001111001
794,0001100011010,0.279281381,2713,2713,0101100011000
874,0001101101010,0.279281381,2713,2713,0101011011000
938,0001110101010,0.279701353,2714,2714,0101010111000
970,0001111001010,0.279701353,2714,2714,0101001111000
7450,1110100011010,0.280121325,2715,2715,0101100010111
7530,1110101101010,0.280121325,2715,2715,0101011010111
7594,1110110101010,0.280541297,2716,2716,0101010110111
7626,1110111001010,0.280541297,2716,2716,0101001110111
3354,0110100011010,0.280961269,2717,2717,0101100010110
3434,0110101101010,0.280961269,2717,2717,0101011010110
3498,0110110101010,0.281381241,2718,2718,0101010110110
3530,0110111001010,0.281381241,2718,2718,0101001110110
5402,1010100011010,0.281801213,2719,2719,0101100010101
5482,1010101101010,0.281801213,2719,2719,0101011010101
5546,1010110101010,0.282221185,2720,2720,0101010110101
5578,1010111001010,0.282221185,2720,2720,0101001110101
1306,0010100011010,0.282641157,2721,2721,0101100010100
1386,0010101101010,0.282641157,2721,2721,0101011010100
1450,0010110101010,0.283061129,2722,2722,0101010110100
1482,0010111001010,0.283061129,2722,2722,0101001110100
6426,1100100011010,0.283481101,2723,2723,0101100010011
6506,1100101101010,0.283481101,2723,2723,0101011010011
6570,1100110101010,0.283901073,2724,2724,0101010110011
6602,1100111001010,0.283901073,2724,2724,0101001110011
2330,0100100011010,0.284321045,2725,2725,0101100010010
2410,0100101101010,0.284321045,2725,2725,0101011010010
2474,0100110101010,0.284741017,2726,2726,0101010110010
2506,0100111001010,0.284741017,2726,2726,0101001110010
4378,1000100011010,0.285160989,2727,2727,0101100010001
4458,1000101101010,0.285160989,2727,2727,0101011010001
4522,1000110101010,0.285580961,2728,2728,0101010110001
4554,1000111001010,0.285580961,2728,2728,0101001110001
282,0000100011010,0.286000933,2729,2729,0101100010000
362,0000101101010,0.286000933,2729,2729,0101011010000
426,0000110101010,0.286420905,2730,2730,0101010110000
458,0000111001010,0.286420905,2730,2730,0101001110000
7706,1111000011010,0.286840877,2731,2731,0101100001111
7786,1111001101010,0.286840877,2731,2731,0101011001111
7850,1111010101010,0.287260849,2732,2732,0101010101111
7882,1111011001010,0.287260849,2732,2732,0101001101111
3610,0111000011010,0.287680821,2733,2733,0101100001110
3690,0111001101010,0.287680821,2733,2733,0101011001110
3754,0111010101010,0.288100793,2734,2734,0101010101110
3786,0111011001010,0.288100793,2734,2734,0101001101110
5658,1011000011010,0.288520765,2735,2735,0101100001101
5738,1011001101010,0.288520765,2735,2735,0101011001101
5802,1011010101010,0.288940737,2736,2736,0101010101101
5834,1011011001010,0.288940737,2736,2736,0101001101101
1562,0011000011010,0.289360709,2737,2737,0101100001100
1642,0011001101010,0.289360709,2737,2737,0101011001100
1706,0011010101010,0.289780681,2738,2738,0101010101100
1738,0011011001010,0.289780681,2738,2738,0101001101100
6682,1101000011010,0.290200653,2739,2739,0101100001011
6762,1101001101010,0.290200653,2739,2739,0101011001011
6826,1101010101010,0.290620625,2740,2740,0101010101011
6858,1101011001010,0.290620625,2740,2740,0101001101011
2586,0101000011010,0.291040597,2741,2741,0101100001010
2666,0101001101010,0.291040597,2741,2741,0101011001010
2730,0101010101010,0.291460569,2742,2742,0101010101010
2762,0101011001010,0.291460569,2742,2742,0101001101010
4634,1001000011010,0.291880541,2743,2743,0101100001001
4714,1001001101010,0.291880541,2743,2743,0101011001001
4778,1001010101010,0.292300513,2744,2744,0101010101001
4810,1001011001010,0.292300513,2744,2744,0101001101001
538,0001000011010,0.292720485,2745,2745,0101100001000
618,0001001101010,0.292720485,2745,2745,0101011001000
682,0001010101010,0.293140457,2746,2746,0101010101000
714,0001011001010,0.293140457,2746,2746,0101001101000
7194,1110000011010,0.293560429,2747,2747,0101100000111
7274,1110001101010,0.293560429,2747,2747,0101011000111
7338,1110010101010,0.293980401,2748,2748,0101010100111
7370,1110011001010,0.293980401,2748,2748,0101001100111
3098,0110000011010,0.294400373,2749,2749,0101100000110
3178,0110001101010,0.294400373,2749,2749,0101011000110
3242,0110010101010,0.294820345,2750,2750,0101010100110
3274,0110011001010,0.294820345,2750,2750,0101001100110
5146,1010000011010,0.295240317,2751,2751,0101100000101
5226,1010001101010,0.295240317,2751,2751,0101011000101
5290,1010010101010,0.295660289,2752,2752,0101010100101
5322,1010011001010,0.295660289,2752,2752,0101001100101
1050,0010000011010,0.296080261,2753,2753,0101100000100
1130,0010001101010,0.296080261,2753,2753,0101011000100
1194,0010010101010,0.296500233,2754,2754,0101010100100
1226,0010011001010,0.296500233,2754,2754,0101001100100
6170,1100000011010,0.296920205,2755,2755,0101100000011
6250,1100001101010,0.296920205,2755,2755,0101011000011
6314,1100010101010,0.297340177,2756,2756,0101010100011
6346,1100011001010,0.297340177,2756,2756,0101001100011
2074,0100000011010,0.297760149,2757,2757,0101100000010
2154,0100001101010,0.297760149,2757,2757,0101011000010
2218,0100010101010,0.298180121,2758,2758,0101010100010
2250,0100011001010,0.298180121,2758,2758,0101001100010
4122,1000000011010,0.298600093,2759,2759,0101100000001
4202,1000001101010,0.298600093,2759,2759,0101011000001
4266,1000010101010,0.299020065,2760,2760,0101010100001
4298,1000011001010,0.299020065,2760,2760,0101001100001
26,0000000011010,0.299440037,2761,2761,0101100000000
106,0000001101010,0.299440037,2761,2761,0101011000000
170,0000010101010,0.299860009,2762,2762,0101010100000
202,0000011001010,0.299860009,2762,2762,0101001100000
7978,1111100101010,0.300699953,2764,2764,0101010011111
8010,1111101001010,0.300699953,2764,2764,0101001011111
8074,1111110001010,0.301119925,2765,2765,0101000111111
8178,1111111110010,0.301119925,2765,2765,0100111111111
3882,0111100101010,0.301539897,2766,2766,0101010011110
3914,0111101001010,0.301539897,2766,2766,0101001011110
3978,0111110001010,0.301959869,2767,2767,0101000111110
4082,0111111110010,0.301959869,2767,2767,0100111111110
5930,1011100101010,0.302379841,2768,2768,0101010011101
5962,1011101001010,0.302379841,2768,2768,0101001011101
6026,1011110001010,0.302799813,2769,2769,0101000111101
6130,1011111110010,0.302799813,2769,2769,0100111111101
1834,0011100101010,0.303219785,2770,2770,0101010011100
1866,0011101001010,0.303219785,2770,2770,0101001011100
1930,0011110001010,0.303639757,2771,2771,0101000111100
2034,0011111110010,0.303639757,2771,2771,0100111111100
6954,1101100101010,0.304059729,2772,2772,0101010011011
6986,1101101001010,0.304059729,2772,2772,0101001011011
7050,1101110001010,0.304479701,2773,2773,0101000111011
7154,1101111110010,0.304479701,2773,2773,0100111111011
2858,0101100101010,0.304899673,2774,2774,0101010011010
2890,0101101001010,0.304899673,2774,2774,0101001011010
2954,0101110001010,0.305319645,2775,2775,0101000111010
3058,0101111110010,0.305319645,2775,2775,0100111111010
4906,1001100101010,0.305739617,2776,2776,0101010011001
4938,1001101001010,0.305739617,2776,2776,0101001011001
5002,1001110001010,0.306159589,2777,2777,0101000111001
5106,1001111110010,0.306159589,2777,2777,0100111111001
810,0001100101010,0.306579561,2778,2778,0101010011000
842,0001101001010,0.306579561,2778,2778,0101001011000
906,0001110001010,0.306999533,2779,2779,0101000111000
1010,0001111110010,0.306999533,2779,2779,0100111111000
7466,1110100101010,0.307419505,2780,2780,0101010010111
7498,1110101001010,0.307419505,2780,2780,0101001010111
7562,1110110001010,0.307839477,2781,2781,0101000110111
7666,1110111110010,0.307839477,2781,2781,0100111110111
3370,0110100101010,0.308259449,2782,2782,0101010010110
3402,0110101001010,0.308259449,2782,2782,0101001010110
3466,0110110001010,0.308679421,2783,2783,0101000110110
3570,0110111110010,0.308679421,2783,2783,0100111110110
5418,1010100101010,0.309099393,2784,2784,0101010010101
5450,1010101001010,0.309099393,2784,2784,0101001010101
5514,1010110001010,0.309519365,2785,2785,0101000110101
5618,1010111110010,0.309519365,2785,2785,0100111110101
1322,0010100101010,0.309939337,2786,2786,0101010010100
1354,0010101001010,0.309939337,2786,2786,0101001010100
1418,0010110001010,0.310359309,2787,2787,0101000110100
1522,0010111110010,0.310359309,2787,2787,0100111110100
6442,1100100101010,0.310779281,2788,2788,0101010010011
6474,1100101001010,0.310779281,2788,2788,0101001010011
6538,1100110001010,0.311199253,2789,2789,0101000110011
6642,1100111110010,0.311199253,2789,2789,0100111110011
2346,0100100101010,0.311619225,2790,2790,0101010010010
2378,0100101001010,0.311619225,2790,2790,0101001010010
2442,0100110001010,0.312039197,2791,2791,0101000110010
2546,0100111110010,0.312039197,2791,2791,0100111110010
4394,1000100101010,0.312459169,2792,2792,0101010010001
4426,1000101001010,0.312459169,2792,2792,0101001010001
4490,1000110001010,0.312879141,2793,2793,0101000110001
4594,1000111110010,0.312879141,2793,2793,0100111110001
298,0000100101010,0.313299113,2794,2794,0101010010000
330,0000101001010,0.313299113,2794,2794,0101001010000
394,0000110001010,0.313719085,2795,2795,0101000110000
498,0000111110010,0.313719085,2795,2795,0100111110000
7722,1111000101010,0.314139057,2796,2796,0101010001111
7754,1111001001010,0.314139057,2796,2796,0101001001111
7818,1111010001010,0.314559029,2797,2797,0101000101111
7922,1111011110010,0.314559029,2797,2797,0100111101111
3626,0111000101010,0.314979001,2798,2798,0101010001110
3658,0111001001010,0.314979001,2798,2798,0101001001110
3722,0111010001010,0.315398973,2799,2799,0101000101110
3826,0111011110010,0.315398973,2799,2799,0100111101110
5674,1011000101010,0.315818945,2800,2800,0101010001101
5706,1011001001010,0.315818945,2800,2800,0101001001101
5770,1011010001010,0.316238917,2801,2801,0101000101101
5874,1011011110010,0.316238917,2801,2801,0100111101101
1578,0011000101010,0.316658889,2802,2802,0101010001100
1610,0011001001010,0.316658889,2802,2802,0101001001100
1674,0011010001010,0.317078861,2803,2803,0101000101100
1778,0011011110010,0.317078861,2803,2803,0100111101100
6698,1101000101010,0.317498833,2804,2804,0101010001011
6730,1101001001010,0.317498833,2804,2804,0101001001011
6794,1101010001010,0.317918805,2805,2805,0101000101011
6898,1101011110010,0.317918805,2805,2805,0100111101011
2602,0101000101010,0.318338777,2806,2806,0101010001010
2634,0101001001010,0.318338777,2806,2806,0101001001010
2698,0101010001010,0.318758749,2807,2807,0101000101010
2802,0101011110010,0.318758749,2807,2807,0100111101010
4650,1001000101010,0.319178721,2808,2808,0101010001001
4682,1001001001010,0.319178721,2808,2808,0101001001001
4746,1001010001010,0.319598693,2809,2809,0101000101001
4850,1001011110010,0.319598693,2809,2809,0100111101001
554,0001000101010,0.320018665,2810,2810,0101010001000
586,0001001001010,0.320018665,2810,2810,0101001001000
650,0001010001010,0.320438637,2811,2811,0101000101000
754,0001011110010,0.320438637,2811,2811,0100111101000
7210,1110000101010,0.320858609,2812,2812,0101010000111
7242,1110001001010,0.320858609,2812,2812,0101001000111
7306,1110010001010,0.321278581,2813,2813,0101000100111
7410,1110011110010,0.321278581,2813,2813,0100111100111
3114,0110000101010,0.321698553,2814,2814,0101010000110
3146,0110001001010,0.321698553,2814,2814,0101001000110
3210,0110010001010,0.322118525,2815,2815,0101000100110
3314,0110011110010,0.322118525,2815,2815,0100111100110
5162,1010000101010,0.322538497,2816,2816,0101010000101
5194,1010001001010,0.322538497,2816,2816,0101001000101
5258,1010010001010,0.322958469,2817,2817,0101000100101
5362,1010011110010,0.322958469,2817,2817,0100111100101
1066,0010000101010,0.323378441,2818,2818,0101010000100
1098,0010001001010,0.323378441,2818,2818,0101001000100
1162,0010010001010,0.323798413,2819,2819,0101000100100
1266,0010011110010,0.323798413,2819,2819,0100111100100
6186,1100000101010,0.324218385,2820,2820,0101010000011
6218,1100001001010,0.324218385,2820,2820,0101001000011
6282,1100010001010,0.324638357,2821,2821,0101000100011
6386,1100011110010,0.324638357,2821,2821,0100111100011
2090,0100000101010,0.325058329,2822,2822,0101010000010
2122,0100001001010,0.325058329,2822,2822,0101001000010
2186,0100010001010,0.325478301,2823,2823,0101000100010
2290,0100011110010,0.325478301,2823,2823,0100111100010
4138,1000000101010,0.325898273,2824,2824,0101010000001
4170,1000001001010,0.325898273,2824,2824,0101001000001
4234,1000010001010,0.326318245,2825,2825,0101000100001
4338,1000011110010,0.326318245,2825,2825,0100111100001
42,0000000101010,0.326738217,2826,2826,0101010000000
74,0000001001010,0.326738217,2826,2826,0101001000000
138,0000010001010,0.327158189,2827,2827,0101000100000
242,0000011110010,0.327158189,2827,2827,0100111100000
7946,1111100001010,0.327998133,2829,2829,0101000011111
8050,1111101110010,0.327998133,2829,2829,0100111011111
8114,1111110110010,0.328418105,2830,2830,0100110111111
8146,1111111010010,0.328418105,2830,2830,0100101111111
3850,0111100001010,0.328838077,2831,2831,0101000011110
3954,0111101110010,0.328838077,2831,2831,0100111011110
4018,0111110110010,0.329258049,2832,2832,0100110111110
4050,0111111010010,0.329258049,2832,2832,0100101111110
5898,1011100001010,0.329678021,2833,2833,0101000011101
6002,1011101110010,0.329678021,2833,2833,0100111011101
6066,1011110110010,0.330097993,2834,2834,0100110111101
6098,1011111010010,0.330097993,2834,2834,0100101111101
1802,0011100001010,0.330517965,2835,2835,0101000011100
1906,0011101110010,0.330517965,2835,2835,0100111011100
1970,0011110110010,0.330937937,2836,2836,0100110111100
2002,0011111010010,0.330937937,2836,2836,0100101111100
6922,1101100001010,0.331357909,2837,2837,0101000011011
7026,1101101110010,0.331357909,2837,2837,0100111011011
7090,1101110110010,0.331777881,2838,2838,0100110111011
7122,1101111010010,0.331777881,2838,2838,0100101111011
2826,0101100001010,0.332197853,2839,2839,0101000011010
2930,0101101110010,0.332197853,2839,2839,0100111011010
2994,0101110110010,0.332617825,2840,2840,0100110111010
3026,0101111010010,0.332617825,2840,2840,0100101111010
4874,1001100001010,0.333037797,2841,2841,0101000011001
4978,1001101110010,0.333037797,2841,2841,0100111011001
5042,1001110110010,0.333457769,2842,2842,0100110111001
5074,1001111010010,0.333457769,2842,2842,0100101111001
778,0001100001010,0.333877741,2843,2843,0101000011000
882,0001101110010,0.333877741,2843,2843,0100111011000
946,0001110110010,0.334297713,2844,2844,0100110111000
978,0001111010010,0.334297713,2844,2844,0100101111000
7434,1110100001010,0.334717685,2845,2845,0101000010111
7538,1110101110010,0.334717685,2845,2845,0100111010111
7602,1110110110010,0.335137657,2846,2846,0100110110111
7634,1110111010010,0.335137657,2846,2846,0100101110111
3338,0110100001010,0.335557629,2847,2847,0101000010110
3442,0110101110010,0.335557629,2847,2847,0100111010110
3506,0110110110010,0.335977601,2848,2848,0100110110110
3538,0110111010010,0.335977601,2848,2848,0100101110110
5386,1010100001010,0.336397573,2849,2849,0101000010101
5490,1010101110010,0.336397573,2849,2849,0100111010101
5554,1010110110010,0.336817545,2850,2850,0100110110101
5586,1010111010010,0.336817545,2850,2850,0100101110101
1290,0010100001010,0.337237517,2851,2851,0101000010100
1394,0010101110010,0.337237517,2851,2851,0100111010100
1458,0010110110010,0.337657490,2852,2852,0100110110100
1490,0010111010010,0.337657490,2852,2852,0100101110100
6410,1100100001010,0.338077462,2853,2853,0101000010011
6514,1100101110010,0.338077462,2853,2853,0100111010011
6578,1100110110010,0.338497434,2854,2854,0100110110011
6610,1100111010010,0.338497434,2854,2854,0100101110011
2314,0100100001010,0.338917406,2855,2855,0101000010010
2418,0100101110010,0.338917406,2855,2855,0100111010010
2482,0100110110010,0.339337378,2856,2856,0100110110010
2514,0100111010010,0.339337378,2856,2856,0100101110010
4362,1000100001010,0.339757350,2857,2857,0101000010001
4466,1000101110010,0.339757350,2857,2857,0100111010001
4530,1000110110010,0.340177322,2858,2858,0100110110001
4562,1000111010010,0.340177322,2858,2858,0100101110001
266,0000100001010,0.340597294,2859,2859,0101000010000
370,0000101110010,0.340597294,2859,2859,0100111010000
434,0000110110010,0.341017266,2860,2860,0100110110000
466,0000111010010,0.341017266,2860,2860,0100101110000
7690,1111000001010,0.341437238,2861,2861,0101000001111
7794,1111001110010,0.341437238,2861,2861,0100111001111
7858,1111010110010,0.341857210,2862,2862,0100110101111
7890,1111011010010,0.341857210,2862,2862,0100101101111
3594,0111000001010,0.342277182,2863,2863,0101000001110
3698,0111001110010,0.342277182,2863,2863,0100111001110
3762,0111010110010,0.342697154,2864,2864,0100110101110
3794,0111011010010,0.342697154,2864,2864,0100101101110
5642,1011000001010,0.343117126,2865,2865,0101000001101
5746,1011001110010,0.343117126,2865,2865,0100111001101
5810,1011010110010,0.343537098,2866,2866,0100110101101
5842,1011011010010,0.343537098,2866,2866,0100101101101
1546,0011000001010,0.343957070,2867,2867,0101000001100
1650,0011001110010,0.343957070,2867,2867,0100111001100
1714,0011010110010,0.344377042,2868,2868,0100110101100
1746,0011011010010,0.344377042,2868,2868,0100101101100
6666,1101000001010,0.344797014,2869,2869,0101000001011
6770,1101001110010,0.344797014,2869,2869,0100111001011
6834,1101010110010,0.345216986,2870,2870,0100110101011
6866,1101011010010,0.345216986,2870,2870,0100101101011
2570,0101000001010,0.345636958,2871,2871,0101000001010
2674,0101001110010,0.345636958,2871,2871,0100111001010
2738,0101010110010,0.346056930,2872,2872,0100110101010
2770,0101011010010,0.346056930,2872,2872,0100101101010
4618,1001000001010,0.346476902,2873,2873,0101000001001
4722,1001001110010,0.346476902,2873,2873,0100111001001
4786,1001010110010,0.346896874,2874,2874,0100110101001
4818,1001011010010,0.346896874,2874,2874,0100101101001
522,0001000001010,0.347316846,2875,2875,0101000001000
626,0001001110010,0.347316846,2875,2875,0100111001000
690,0001010110010,0.347736818,2876,2876,0100110101000
722,0001011010010,0.347736818,2876,2876,0100101101000
7178,1110000001010,0.348156790,2877,2877,0101000000111
7282,1110001110010,0.348156790,2877,2877,0100111000111
7346,1110010110010,0.348576762,2878,2878,0100110100111
7378,1110011010010,0.348576762,2878,2878,0100101100111
3082,0110000001010,0.348996734,2879,2879,0101000000110
3186,0110001110010,0.348996734,2879,2879,0100111000110
3250,0110010110010,0.349416706,2880,2880,0100110100110
3282,0110011010010,0.349416706,2880,2880,0100101100110
5130,1010000001010,0.349836678,2881,2881,0101000000101
5234,1010001110010,0.349836678,2881,2881,0100111000101
5298,1010010110010,0.350256650,2882,2882,0100110100101
5330,1010011010010,0.350256650,2882,2882,0100101100101
1034,0010000001010,0.350676622,2883,2883,0101000000100
1138,0010001110010,0.350676622,2883,2883,0100111000100
1202,0010010110010,0.351096594,2884,2884,0100110100100
1234,0010011010010,0.351096594,2884,2884,0100101100100
6154,1100000001010,0.351516566,2885,2885,0101000000011
6258,1100001110010,0.351516566,2885,2885,0100111000011
6322,1100010110010,0.351936538,2886,2886,0100110100011
6354,1100011010010,0.351936538,2886,2886,0100101100011
2058,0100000001010,0.352356510,2887,2887,0101000000010
2162,0100001110010,0.352356510,2887,2887,0100111000010
2226,0100010110010,0.352776482,2888,2888,0100110100010
2258,0100011010010,0.352776482,2888,2888,0100101100010
4106,1000000001010,0.353196454,2889,2889,0101000000001
4210,1000001110010,0.353196454,2889,2889,0100111000001
4274,1000010110010,0.353616426,2890,2890,0100110100001
4306,1000011010010,0.353616426,2890,2890,0100101100001
10,0000000001010,0.354036398,2891,2891,0101000000000
114,0000001110010,0.354036398,2891,2891,0100111000000
178,0000010110010,0.354456370,2892,2892,0100110100000
210,0000011010010,0.354456370,2892,2892,0100101100000
7986,1111100110010,0.355296314,2894,2894,0100110011111
8018,1111101010010,0.355296314,2894,2894,0100101011111
8082,1111110010010,0.355716286,2895,2895,0100100111111
8162,1111111100010,0.355716286,2895,2895,0100011111111
3890,0111100110010,0.356136258,2896,2896,0100110011110
3922,0111101010010,0.356136258,2896,2896,0100101011110
3986,0111110010010,0.356556230,2897,2897,0100100111110
4066,0111111100010,0.356556230,2897,2897,0100011111110
5938,1011100110010,0.356976202,2898,2898,0100110011101
5970,1011101010010,0.356976202,2898,2898,0100101011101
6034,1011110010010,0.357396174,2899,2899,0100100111101
6114,1011111100010,0.357396174,2899,2899,0100011111101
1842,0011100110010,0.357816146,2900,2900,0100110011100
1874,0011101010010,0.357816146,2900,2900,0100101011100
1938,0011110010010,0.358236118,2901,2901,0100100111100
2018,0011111100010,0.358236118,2901,2901,0100011111100
6962,1101100110010,0.358656090,2902,2902,0100110011011
6994,1101101010010,0.358656090,2902,2902,0100101011011
7058,1101110010010,0.359076062,2903,2903,0100100111011
7138,1101111100010,0.359076062,2903,2903,0100011111011
2866,0101100110010,0.359496034,2904,2904,0100110011010
2898,0101101010010,0.359496034,2904,2904,0100101011010
2962,0101110010010,0.359916006,2905,2905,0100100111010
3042,0101111100010,0.359916006,2905,2905,0100011111010
4914,1001100110010,0.360335978,2906,2906,0100110011001
4946,1001101010010,0.360335978,2906,2906,0100101011001
5010,1001110010010,0.360755950,2907,2907,0100100111001
5090,1001111100010,0.360755950,2907,2907,0100011111001
818,0001100110010,0.361175922,2908,2908,0100110011000
850,0001101010010,0.361175922,2908,2908,0100101011000
914,0001110010010,0.361595894,2909,2909,0100100111000
994,0001111100010,0.361595894,2909,2909,0100011111000
7474,1110100110010,0.362015866,2910,2910,0100110010111
7506,1110101010010,0.362015866,2910,2910,0100101010111
7570,1110110010010,0.362435838,2911,2911,0100100110111
7650,1110111100010,0.362435838,2911,2911,0100011110111
3378,0110100110010,0.362855810,2912,2912,0100110010110
3410,0110101010010,0.362855810,2912,2912,0100101010110
3474,0110110010010,0.363275782,2913,2913,0100100110110
3554,0110111100010,0.363275782,2913,2913,0100011110110
5426,1010100110010,0.363695754,2914,2914,0100110010101
5458,1010101010010,0.363695754,2914,2914,0100101010101
5522,1010110010010,0.364115726,2915,2915,0100100110101
5602,1010111100010,0.364115726,2915,2915,0100011110101
1330,0010100110010,0.364535698,2916,2916,0100110010100
1362,0010101010010,0.364535698,2916,2916,0100101010100
1426,0010110010010,0.364955670,2917,2917,0100100110100
1506,0010111100010,0.364955670,2917,2917,0100011110100
6450,1100100110010,0.365375642,2918,2918,0100110010011
6482,1100101010010,0.365375642,2918,2918,0100101010011
6546,1100110010010,0.365795614,2919,2919,0100100110011
6626,1100111100010,0.365795614,2919,2919,0100011110011
2354,0100100110010,0.366215586,2920,2920,0100110010010
2386,0100101010010,0.366215586,2920,2920,0100101010010
2450,0100110010010,0.366635558,2921,2921,0100100110010
2530,0100111100010,0.366635558,2921,2921,0100011110010
4402,1000100110010,0.367055530,2922,2922,0100110010001
4434,1000101010010,0.367055530,2922,2922,0100101010001
4498,1000110010010,0.367475502,2923,2923,0100100110001
4578,1000111100010,0.367475502,2923,2923,0100011110001
306,0000100110010,0.367895474,2924,2924,0100110010000
338,0000101010010,0.367895474,2924,2924,0100101010000
402,0000110010010,0.368315446,2925,2925,0100100110000
482,0000111100010,0.368315446,2925,2925,0100011110000
7730,1111000110010,0.368735418,2926,2926,0100110001111
7762,1111001010010,0.368735418,2926,2926,0100101001111
7826,1111010010010,0.369155390,2927,2927,0100100101111
7906,1111011100010,0.369155390,2927,2927,0100011101111
3634,0111000110010,0.369575362,2928,2928,0100110001110
3666,0111001010010,0.369575362,2928,2928,0100101001110
3730,0111010010010,0.369995334,2929,2929,0100100101110
3810,0111011100010,0.369995334,2929,2929,0100011101110
5682,1011000110010,0.370415306,2930,2930,0100110001101
5714,1011001010010,0.370415306,2930,2930,0100101001101
5778,1011010010010,0.370835278,2931,2931,0100100101101
5858,1011011100010,0.370835278,2931,2931,0100011101101
1586,0011000110010,0.371255250,2932,2932,0100110001100
1618,0011001010010,0.371255250,2932,2932,0100101001100
1682,0011010010010,0.371675222,2933,2933,0100100101100
1762,0011011100010,0.371675222,2933,2933,0100011101100
6706,1101000110010,0.372095194,2934,2934,0100110001011
6738,1101001010010,0.372095194,2934,2934,0100101001011
6802,1101010010010,0.372515166,2935,2935,0100100101011
6882,1101011100010,0.372515166,2935,2935,0100011101011
2610,0101000110010,0.372935138,2936,2936,0100110001010
2642,0101001010010,0.372935138,2936,2936,0100101001010
2706,0101010010010,0.373355110,2937,2937,0100100101010
2786,0101011100010,0.373355110,2937,2937,0100011101010
4658,1001000110010,0.373775082,2938,2938,0100110001001
4690,1001001010010,0.373775082,2938,2938,0100101001001
4754,1001010010010,0.374195054,2939,2939,0100100101001
4834,1001011100010,0.374195054,2939,2939,0100011101001
562,0001000110010,0.374615026,2940,2940,0100110001000
594,0001001010010,0.374615026,2940,2940,0100101001000
658,0001010010010,0.375034998,2941,2941,0100100101000
738,0001011100010,0.375034998,2941,2941,0100011101000
7218,1110000110010,0.375454970,2942,2942,0100110000111
7250,1110001010010,0.375454970,2942,2942,0100101000111
7314,1110010010010,0.375874942,2943,2943,0100100100111
7394,1110011100010,0.375874942,2943,2943,0100011100111
3122,0110000110010,0.376294914,2944,2944,0100110000110
3154,0110001010010,0.376294914,2944,2944,0100101000110
3218,0110010010010,0.376714886,2945,2945,0100100100110
3298,0110011100010,0.376714886,2945,2945,0100011100110
5170,1010000110010,0.377134858,2946,2946,0100110000101
5202,1010001010010,0.377134858,2946,2946,0100101000101
5266,1010010010010,0.377554830,2947,2947,0100100100101
5346,1010011100010,0.377554830,2947,2947,0100011100101
1074,0010000110010,0.377974802,2948,2948,0100110000100
1106,0010001010010,0.377974802,2948,2948,0100101000100
1170,0010010010010,0.378394774,2949,2949,0100100100100
1250,0010011100010,0.378394774,2949,2949,0100011100100
6194,1100000110010,0.378814746,2950,2950,0100110000011
6226,1100001010010,0.378814746,2950,2950,0100101000011
6290,1100010010010,0.379234718,2951,2951,0100100100011
6370,1100011100010,0.379234718,2951,2951,0100011100011
2098,0100000110010,0.379654690,2952,2952,0100110000010
2130,0100001010010,0.379654690,2952,2952,0100101000010
2194,0100010010010,0.380074662,2953,2953,0100100100010
2274,0100011100010,0.380074662,2953,2953,0100011100010
4146,1000000110010,0.380494634,2954,2954,0100110000001
4178,1000001010010,0.380494634,2954,2954,0100101000001
4242,1000010010010,0.380914606,2955,2955,0100100100001
4322,1000011100010,0.380914606,2955,2955,0100011100001
50,0000000110010,0.381334578,2956,2956,0100110000000
82,0000001010010,0.381334578,2956,2956,0100101000000
146,0000010010010,0.381754550,2957,2957,0100100100000
226,0000011100010,0.381754550,2957,2957,0100011100000
7954,1111100010010,0.382594494,2959,2959,0100100011111
8034,1111101100010,0.382594494,2959,2959,0100011011111
8098,1111110100010,0.383014466,2960,2960,0100010111111
8130,1111111000010,0.383014466,2960,2960,0100001111111
3858,0111100010010,0.383434438,2961,2961,0100100011110
3938,0111101100010,0.383434438,2961,2961,0100011011110
4002,0111110100010,0.383854410,2962,2962,0100010111110
4034,0111111000010,0.383854410,2962,2962,0100001111110
5906,1011100010010,0.384274382,2963,2963,0100100011101
5986,1011101100010,0.384274382,2963,2963,0100011011101
6050,1011110100010,0.384694354,2964,2964,0100010111101
6082,1011111000010,0.384694354,2964,2964,0100001111101
1810,0011100010010,0.385114326,2965,2965,0100100011100
1890,0011101100010,0.385114326,2965,2965,0100011011100
1954,0011110100010,0.385534298,2966,2966,0100010111100
1986,0011111000010,0.385534298,2966,2966,0100001111100
6930,1101100010010,0.385954270,2967,2967,0100100011011
7010,1101101100010,0.385954270,2967,2967,0100011011011
7074,1101110100010,0.386374242,2968,2968,0100010111011
7106,1101111000010,0.386374242,2968,2968,0100001111011
2834,0101100010010,0.386794214,2969,2969,0100100011010
2914,0101101100010,0.386794214,2969,2969,0100011011010
2978,0101110100010,0.387214186,2970,2970,0100010111010
3010,0101111000010,0.387214186,2970,2970,0100001111010
4882,1001100010010,0.387634158,2971,2971,0100100011001
4962,1001101100010,0.387634158,2971,2971,0100011011001
5026,1001110100010,0.388054130,2972,2972,0100010111001
5058,1001111000010,0.388054130,2972,2972,0100001111001
786,0001100010010,0.388474102,2973,2973,0100100011000
866,0001101100010,0.388474102,2973,2973,0100011011000
930,0001110100010,0.388894074,2974,2974,0100010111000
962,0001111000010,0.388894074,2974,2974,0100001111000
7442,1110100010010,0.389314046,2975,2975,0100100010111
7522,1110101100010,0.389314046,2975,2975,0100011010111
7586,1110110100010,0.389734018,2976,2976,0100010110111
7618,1110111000010,0.389734018,2976,2976,0100001110111
3346,0110100010010,0.390153990,2977,2977,0100100010110
3426,0110101100010,0.390153990,2977,2977,0100011010110
3490,0110110100010,0.390573962,2978,2978,0100010110110
3522,0110111000010,0.390573962,2978,2978,0100001110110
5394,1010100010010,0.390993934,2979,2979,0100100010101
5474,1010101100010,0.390993934,2979,2979,0100011010101
5538,1010110100010,0.391413906,2980,2980,0100010110101
5570,1010111000010,0.391413906,2980,2980,0100001110101
1298,0010100010010,0.391833878,2981,2981,0100100010100
1378,0010101100010,0.391833878,2981,2981,0100011010100
1442,0010110100010,0.392253850,2982,2982,0100010110100
1474,0010111000010,0.392253850,2982,2982,0100001110100
6418,1100100010010,0.392673822,2983,2983,0100100010011
6498,1100101100010,0.392673822,2983,2983,0100011010011
6562,1100110100010,0.393093794,2984,2984,0100010110011
6594,1100111000010,0.393093794,2984,2984,0100001110011
2322,0100100010010,0.393513766,2985,2985,0100100010010
2402,0100101100010,0.393513766,2985,2985,0100011010010
2466,0100110100010,0.393933738,2986,2986,0100010110010
2498,0100111000010,0.393933738,2986,2986,0100001110010
4370,1000100010010,0.394353710,2987,2987,0100100010001
4450,1000101100010,0.394353710,2987,2987,0100011010001
4514,1000110100010,0.394773682,2988,2988,0100010110001
4546,1000111000010,0.394773682,2988,2988,0100001110001
274,0000100010010,0.395193654,2989,2989,0100100010000
354,0000101100010,0.395193654,2989,2989,0100011010000
418,0000110100010,0.395613626,2990,2990,0100010110000
450,0000111000010,0.395613626,2990,2990,0100001110000
7698,1111000010010,0.396033598,2991,2991,0100100001111
7778,1111001100010,0.396033598,2991,2991,0100011001111
7842,1111010100010,0.396453570,2992,2992,0100010101111
7874,1111011000010,0.396453570,2992,2992,0100001101111
3602,0111000010010,0.396873542,2993,2993,0100100001110
3682,0111001100010,0.396873542,2993,2993,0100011001110
3746,0111010100010,0.397293514,2994,2994,0100010101110
3778,0111011000010,0.397293514,2994,2994,0100001101110
5650,1011000010010,0.397713486,2995,2995,0100100001101
5730,1011001100010,0.397713486,2995,2995,0100011001101
5794,1011010100010,0.398133458,2996,2996,0100010101101
5826,1011011000010,0.398133458,2996,2996,0100001101101
1554,0011000010010,0.398553430,2997,2997,0100100001100
1634,0011001100010,0.398553430,2997,2997,0100011001100
1698,0011010100010,0.398973402,2998,2998,0100010101100
1730,0011011000010,0.398973402,2998,2998,0100001101100
6674,1101000010010,0.399393374,2999,2999,0100100001011
6754,1101001100010,0.399393374,2999,2999,0100011001011
6818,1101010100010,0.399813346,3000,3000,0100010101011
6850,1101011000010,0.399813346,3000,3000,0100001101011
2578,0101000010010,0.400233318,3001,3001,0100100001010
2658,0101001100010,0.400233318,3001,3001,0100011001010
2722,0101010100010,0.400653290,3002,3002,0100010101010
2754,0101011000010,0.400653290,3002,3002,0100001101010
4626,1001000010010,0.401073262,3003,3003,0100100001001
4706,1001001100010,0.401073262,3003,3003,0100011001001
4770,1001010100010,0.401493234,3004,3004,0100010101001
4802,1001011000010,0.401493234,3004,3004,0100001101001
530,0001000010010,0.401913206,3005,3005,0100100001000
610,0001001100010,0.401913206,3005,3005,0100011001000
674,0001010100010,0.402333178,3006,3006,0100010101000
706,0001011000010,0.402333178,3006,3006,0100001101000
7186,1110000010010,0.402753150,3007,3007,0100100000111
7266,1110001100010,0.402753150,3007,3007,0100011000111
7330,1110010100010,0.403173122,3008,3008,0100010100111
7362,1110011000010,0.403173122,3008,3008,0100001100111
3090,0110000010010,0.403593094,3009,3009,0100100000110
3170,0110001100010,0.403593094,3009,3009,0100011000110
3234,0110010100010,0.404013066,3010,3010,0100010100110
3266,0110011000010,0.404013066,3010,3010,0100001100110
5138,1010000010010,0.404433038,3011,3011,0100100000101
5218,1010001100010,0.404433038,3011,3011,0100011000101
5282,1010010100010,0.404853010,3012,3012,0100010100101
5314,1010011000010,0.404853010,3012,3012,0100001100101
1042,0010000010010,0.405272982,3013,3013,0100100000100
1122,0010001100010,0.405272982,3013,3013,0100011000100
1186,0010010100010,0.405692954,3014,3014,0100010100100
1218,0010011000010,0.405692954,3014,3014,0100001100100
6162,1100000010010,0.406112926,3015,3015,0100100000011
6242,1100001100010,0.406112926,3015,3015,0100011000011
6306,1100010100010,0.406532898,3016,3016,0100010100011
6338,1100011000010,0.406532898,3016,3016,0100001100011
2066,0100000010010,0.406952870,3017,3017,0100100000010
2146,0100001100010,0.406952870,3017,3017,0100011000010
2210,0100010100010,0.407372842,3018,3018,0100010100010
2242,0100011000010,0.407372842,3018,3018,0100001100010
4114,1000000010010,0.407792814,3019,3019,0100100000001
4194,1000001100010,0.407792814,3019,3019,0100011000001
4258,1000010100010,0.408212786,3020,3020,0100010100001
4290,1000011000010,0.408212786,3020,3020,0100001100001
18,0000000010010,0.408632758,3021,3021,0100100000000
98,0000001100010,0.408632758,3021,3021,0100011000000
162,0000010100010,0.409052730,3022,3022,0100010100000
194,0000011000010,0.409052730,3022,3022,0100001100000
7970,1111100100010,0.409892674,3024,3024,0100010011111
8002,1111101000010,0.409892674,3024,3024,0100001011111
8066,1111110000010,0.410312646,3025,3025,0100000111111
8188,1111111111100,0.410312646,3025,3025,0011111111111
3874,0111100100010,0.410732618,3026,3026,0100010011110
3906,0111101000010,0.410732618,3026,3026,0100001011110
3970,0111110000010,0.411152590,3027,3027,0100000111110
4092,0111111111100,0.411152590,3027,3027,0011111111110
5922,1011100100010,0.411572562,3028,3028,0100010011101
5954,1011101000010,0.411572562,3028,3028,0100001011101
6018,1011110000010,0.411992534,3029,3029,0100000111101
6140,1011111111100,0.411992534,3029,3029,0011111111101
1826,0011100100010,0.412412506,3030,3030,0100010011100
1858,0011101000010,0.412412506,3030,3030,0100001011100
1922,0011110000010,0.412832478,3031,3031,0100000111100
2044,0011111111100,0.412832478,3031,3031,0011111111100
6946,1101100100010,0.413252450,3032,3032,0100010011011
6978,1101101000010,0.413252450,3032,3032,0100001011011
7042,1101110000010,0.413672422,3033,3033,0100000111011
7164,1101111111100,0.413672422,3033,3033,0011111111011
2850,0101100100010,0.414092394,3034,3034,0100010011010
2882,0101101000010,0.414092394,3034,3034,0100001011010
2946,0101110000010,0.414512366,3035,3035,0100000111010
3068,0101111111100,0.414512366,3035,3035,0011111111010
4898,1001100100010,0.414932338,3036,3036,0100010011001
4930,1001101000010,0.414932338,3036,3036,0100001011001
4994,1001110000010,0.415352310,3037,3037,0100000111001
5116,1001111111100,0.415352310,3037,3037,0011111111001
802,0001100100010,0.415772282,3038,3038,0100010011000
834,0001101000010,0.415772282,3038,3038,0100001011000
898,0001110000010,0.416192254,3039,3039,0100000111000
1020,0001111111100,0.416192254,3039,3039,0011111111000
7458,1110100100010,0.416612226,3040,3040,0100010010111
7490,1110101000010,0.416612226,3040,3040,0100001010111
7554,1110110000010,0.417032198,3041,3041,0100000110111
7676,1110111111100,0.417032198,3041,3041,0011111110111
3362,0110100100010,0.417452170,3042,3042,0100010010110
3394,0110101000010,0.417452170,3042,3042,0100001010110
3458,0110110000010,0.417872142,3043,3043,0100000110110
3580,0110111111100,0.417872142,3043,3043,0011111110110
5410,1010100100010,0.418292114,3044,3044,0100010010101
5442,1010101000010,0.418292114,3044,3044,0100001010101
5506,1010110000010,0.418712086,3045,3045,0100000110101
5628,1010111111100,0.418712086,3045,3045,0011111110101
1314,0010100100010,0.419132058,3046,3046,0100010010100
1346,0010101000010,0.419132058,3046,3046,0100001010100
1410,0010110000010,0.419552030,3047,3047,0100000110100
1532,0010111111100,0.419552030,3047,3047,0011111110100
6434,1100100100010,0.419972002,3048,3048,0100010010011
6466,1100101000010,0.419972002,3048,3048,0100001010011
6530,1100110000010,0.420391974,3049,3049,0100000110011
6652,1100111111100,0.420391974,3049,3049,0011111110011
2338,0100100100010,0.420811946,3050,3050,0100010010010
2370,0100101000010,0.420811946,3050,3050,0100001010010
2434,0100110000010,0.421231918,3051,3051,0100000110010
2556,0100111111100,0.421231918,3051,3051,0011111110010
4386,1000100100010,0.421651890,3052,3052,0100010010001
4418,1000101000010,0.421651890,3052,3052,0100001010001
4482,1000110000010,0.422071862,3053,3053,0100000110001
4604,1000111111100,0.422071862,3053,3053,0011111110001
290,0000100100010,0.422491834,3054,3054,0100010010000
322,0000101000010,0.422491834,3054,3054,0100001010000
386,0000110000010,0.422911806,3055,3055,0100000110000
508,0000111111100,0.422911806,3055,3055,0011111110000
7714,1111000100010,0.423331778,3056,3056,0100010001111
7746,1111001000010,0.423331778,3056,3056,0100001001111
7810,1111010000010,0.423751750,3057,3057,0100000101111
7932,1111011111100,0.423751750,3057,3057,0011111101111
3618,0111000100010,0.424171722,3058,3058,0100010001110
3650,0111001000010,0.424171722,3058,3058,0100001001110
3714,0111010000010,0.424591694,3059,3059,0100000101110
3836,0111011111100,0.424591694,3059,3059,0011111101110
5666,1011000100010,0.425011666,3060,3060,0100010001101
5698,1011001000010,0.425011666,3060,3060,0100001001101
5762,1011010000010,0.425431638,3061,3061,0100000101101
5884,1011011111100,0.425431638,3061,3061,0011111101101
1570,0011000100010,0.425851610,3062,3062,0100010001100
1602,0011001000010,0.425851610,3062,3062,0100001001100
1666,0011010000010,0.426271582,3063,3063,0100000101100
1788,0011011111100,0.426271582,3063,3063,0011111101100
6690,1101000100010,0.426691554,3064,3064,0100010001011
6722,1101001000010,0.426691554,3064,3064,0100001001011
6786,1101010000010,0.427111526,3065,3065,0100000101011
6908,1101011111100,0.427111526,3065,3065,0011111101011
2594,0101000100010,0.427531498,3066,3066,0100010001010
2626,0101001000010,0.427531498,3066,3066,0100001001010
2690,0101010000010,0.427951470,3067,3067,0100000101010
2812,0101011111100,0.427951470,3067,3067,0011111101010
4642,1001000100010,0.428371442,3068,3068,0100010001001
4674,1001001000010,0.428371442,3068,3068,0100001001001
4738,1001010000010,0.428791414,3069,3069,0100000101001
4860,1001011111100,0.428791414,3069,3069,0011111101001
546,0001000100010,0.429211386,3070,3070,0100010001000
578,0001001000010,0.429211386,3070,3070,0100001001000
642,0001010000010,0.429631358,3071,3071,0100000101000
764,0001011111100,0.429631358,3071,3071,0011111101000
7202,1110000100010,0.430051330,3072,3072,0100010000111
7234,1110001000010,0.430051330,3072,3072,0100001000111
7298,1110010000010,0.430471302,3073,3073,0100000100111
7420,1110011111100,0.430471302,3073,3073,0011111100111
3106,0110000100010,0.430891274,3074,3074,0100010000110
3138,0110001000010,0.430891274,3074,3074,0100001000110
3202,0110010000010,0.431311246,3075,3075,0100000100110
3324,0110011111100,0.431311246,3075,3075,0011111100110
5154,1010000100010,0.431731218,3076,3076,0100010000101
5186,1010001000010,0.431731218,3076,3076,0100001000101
5250,1010010000010,0.432151190,3077,3077,0100000100101
5372,1010011111100,0.432151190,3077,3077,0011111100101
1058,0010000100010,0.432571162,3078,3078,0100010000100
1090,0010001000010,0.432571162,3078,3078,0100001000100
1154,0010010000010,0.432991134,3079,3079,0100000100100
1276,0010011111100,0.432991134,3079,3079,0011111100100
6178,1100000100010,0.433411106,3080,3080,0100010000011
6210,1100001000010,0.433411106,3080,3080,0100001000011
6274,1100010000010,0.433831078,3081,3081,0100000100011
6396,1100011111100,0.433831078,3081,3081,0011111100011
2082,0100000100010,0.434251050,3082,3082,0100010000010
2114,0100001000010,0.434251050,3082,3082,0100001000010
2178,0100010000010,0.434671022,3083,3083,0100000100010
2300,0100011111100,0.434671022,3083,3083,0011111100010
4130,1000000100010,0.435090994,3084,3084,0100010000001
4162,1000001000010,0.435090994,3084,3084,0100001000001
4226,1000010000010,0.435510966,3085,3085,0100000100001
4348,1000011111100,0.435510966,3085,3085,0011111100001
34,0000000100010,0.435930938,3086,3086,0100010000000
66,0000001000010,0.435930938,3086,3086,0100001000000
130,0000010000010,0.436350910,3087,3087,0100000100000
252,0000011111100,0.436350910,3087,3087,0011111100000
7938,1111100000010,0.437190854,3089,3089,0100000011111
8060,1111101111100,0.437190854,3089,3089,0011111011111
8124,1111110111100,0.437610826,3090,3090,0011110111111
8156,1111111011100,0.437610826,3090,3090,0011101111111
3842,0111100000010,0.438030798,3091,3091,0100000011110
3964,0111101111100,0.438030798,3091,3091,0011111011110
4028,0111110111100,0.438450770,3092,3092,0011110111110
4060,0111111011100,0.438450770,3092,3092,0011101111110
5890,1011100000010,0.438870742,3093,3093,0100000011101
6012,1011101111100,0.438870742,3093,3093,0011111011101
6076,1011110111100,0.439290714,3094,3094,0011110111101
6108,1011111011100,0.439290714,3094,3094,0011101111101
1794,0011100000010,0.439710686,3095,3095,0100000011100
1916,0011101111100,0.439710686,3095,3095,0011111011100
1980,0011110111100,0.440130658,3096,3096,0011110111100
2012,0011111011100,0.440130658,3096,3096,0011101111100
6914,1101100000010,0.440550630,3097,3097,0100000011011
7036,1101101111100,0.440550630,3097,3097,0011111011011
7100,1101110111100,0.440970602,3098,3098,0011110111011
7132,1101111011100,0.440970602,3098,3098,0011101111011
2818,0101100000010,0.441390574,3099,3099,0100000011010
2940,0101101111100,0.441390574,3099,3099,0011111011010
3004,0101110111100,0.441810546,3100,3100,0011110111010
3036,0101111011100,0.441810546,3100,3100,0011101111010
4866,1001100000010,0.442230518,3101,3101,0100000011001
4988,1001101111100,0.442230518,3101,3101,0011111011001
5052,1001110111100,0.442650490,3102,3102,0011110111001
5084,1001111011100,0.442650490,3102,3102,0011101111001
770,0001100000010,0.443070462,3103,3103,0100000011000
892,0001101111100,0.443070462,3103,3103,0011111011000
956,0001110111100,0.443490434,3104,3104,0011110111000
988,0001111011100,0.443490434,3104,3104,0011101111000
7426,1110100000010,0.443910406,3105,3105,0100000010111
7548,1110101111100,0.443910406,3105,3105,0011111010111
7612,1110110111100,0.444330378,3106,3106,0011110110111
7644,1110111011100,0.444330378,3106,3106,0011101110111
3330,0110100000010,0.444750350,3107,3107,0100000010110
3452,0110101111100,0.444750350,3107,3107,0011111010110
3516,0110110111100,0.445170322,3108,3108,0011110110110
3548,0110111011100,0.445170322,3108,3108,0011101110110
5378,1010100000010,0.445590294,3109,3109,0100000010101
5500,1010101111100,0.445590294,3109,3109,0011111010101
5564,1010110111100,0.446010266,3110,3110,0011110110101
5596,1010111011100,0.446010266,3110,3110,0011101110101
1282,0010100000010,0.446430238,3111,3111,0100000010100
1404,0010101111100,0.446430238,3111,3111,0011111010100
1468,0010110111100,0.446850210,3112,3112,0011110110100
1500,0010111011100,0.446850210,3112,3112,0011101110100
6402,1100100000010,0.447270182,3113,3113,0100000010011
6524,1100101111100,0.447270182,3113,3113,0011111010011
6588,1100110111100,0.447690154,3114,3114,0011110110011
6620,1100111011100,0.447690154,3114,3114,0011101110011
2306,0100100000010,0.448110126,3115,3115,0100000010010
2428,0100101111100,0.448110126,3115,3115,0011111010010
2492,0100110111100,0.448530098,3116,3116,0011110110010
2524,0100111011100,0.448530098,3116,3116,0011101110010
4354,1000100000010,0.448950070,3117,3117,0100000010001
4476,1000101111100,0.448950070,3117,3117,0011111010001
4540,1000110111100,0.449370042,3118,3118,0011110110001
4572,1000111011100,0.449370042,3118,3118,0011101110001
258,0000100000010,0.449790014,3119,3119,0100000010000
380,0000101111100,0.449790014,3119,3119,0011111010000
444,0000110111100,0.450209986,3120,3120,0011110110000
476,0000111011100,0.450209986,3120,3120,0011101110000
7682,1111000000010,0.450629958,3121,3121,0100000001111
7804,1111001111100,0.450629958,3121,3121,0011111001111
7868,1111010111100,0.451049930,3122,3122,0011110101111
7900,1111011011100,0.451049930,3122,3122,0011101101111
3586,0111000000010,0.451469902,3123,3123,0100000001110
3708,0111001111100,0.451469902,3123,3123,0011111001110
3772,0111010111100,0.451889874,3124,3124,0011110101110
3804,0111011011100,0.451889874,3124,3124,0011101101110
5634,1011000000010,0.452309846,3125,3125,0100000001101
5756,1011001111100,0.452309846,3125,3125,0011111001101
5820,1011010111100,0.452729818,3126,3126,0011110101101
5852,1011011011100,0.452729818,3126,3126,0011101101101
1538,0011000000010,0.453149790,3127,3127,0100000001100
1660,0011001111100,0.453149790,3127,3127,0011111001100
1724,0011010111100,0.453569762,3128,3128,0011110101100
1756,0011011011100,0.453569762,3128,3128,0011101101100
6658,1101000000010,0.453989734,3129,3129,0100000001011
6780,1101001111100,0.453989734,3129,3129,0011111001011
6844,1101010111100,0.454409706,3130,3130,0011110101011
6876,1101011011100,0.454409706,3130,3130,0011101101011
2562,0101000000010,0.454829678,3131,3131,0100000001010
2684,0101001111100,0.454829678,3131,3131,0011111001010
2748,0101010111100,0.455249650,3132,3132,0011110101010
2780,0101011011100,0.455249650,3132,3132,0011101101010
4610,1001000000010,0.455669622,3133,3133,0100000001001
4732,1001001111100,0.455669622,3133,3133,0011111001001
4796,1001010111100,0.456089594,3134,3134,0011110101001
4828,1001011011100,0.456089594,3134,3134,0011101101001
514,0001000000010,0.456509566,3135,3135,0100000001000
636,0001001111100,0.456509566,3135,3135,0011111001000
700,0001010111100,0.456929538,3136,3136,0011110101000
732,0001011011100,0.456929538,3136,3136,0011101101000
7170,1110000000010,0.457349510,3137,3137,0100000000111
7292,1110001111100,0.457349510,3137,3137,0011111000111
7356,1110010111100,0.457769482,3138,3138,0011110100111
7388,1110011011100,0.457769482,3138,3138,0011101100111
3074,0110000000010,0.458189454,3139,3139,0100000000110
3196,0110001111100,0.458189454,3139,3139,0011111000110
3260,0110010111100,0.458609426,3140,3140,0011110100110
3292,0110011011100,0.458609426,3140,3140,0011101100110
5122,1010000000010,0.459029398,3141,3141,0100000000101
5244,1010001111100,0.459029398,3141,3141,0011111000101
5308,1010010111100,0.459449370,3142,3142,0011110100101
5340,1010011011100,0.459449370,3142,3142,0011101100101
1026,0010000000010,0.459869342,3143,3143,0100000000100
1148,0010001111100,0.459869342,3143,3143,0011111000100
1212,0010010111100,0.460289314,3144,3144,0011110100100
1244,0010011011100,0.460289314,3144,3144,0011101100100
6146,1100000000010,0.460709286,3145,3145,0100000000011
6268,1100001111100,0.460709286,3145,3145,0011111000011
6332,1100010111100,0.461129258,3146,3146,0011110100011
6364,1100011011100,0.461129258,3146,3146,0011101100011
2050,0100000000010,0.461549230,3147,3147,0100000000010
2172,0100001111100,0.461549230,3147,3147,0011111000010
2236,0100010111100,0.461969202,3148,3148,0011110100010
2268,0100011011100,0.461969202,3148,3148,0011101100010
4098,1000000000010,0.462389174,3149,3149,0100000000001
4220,1000001111100,0.462389174,3149,3149,0011111000001
4284,1000010111100,0.462809146,3150,3150,0011110100001
4316,1000011011100,0.462809146,3150,3150,0011101100001
2,0000000000010,0.463229118,3151,3151,0100000000000
124,0000001111100,0.463229118,3151,3151,0011111000000
188,0000010111100,0.463649090,3152,3152,0011110100000
220,0000011011100,0.463649090,3152,3152,0011101100000
7996,1111100111100,0.464489034,3154,3154,0011110011111
8028,1111101011100,0.464489034,3154,3154,0011101011111
8092,1111110011100,0.464909006,3155,3155,0011100111111
8172,1111111101100,0.464909006,3155,3155,0011011111111
3900,0111100111100,0.465328978,3156,3156,0011110011110
3932,0111101011100,0.465328978,3156,3156,0011101011110
3996,0111110011100,0.465748950,3157,3157,0011100111110
4076,0111111101100,0.465748950,3157,3157,0011011111110
5948,1011100111100,0.466168922,3158,3158,0011110011101
5980,1011101011100,0.466168922,3158,3158,0011101011101
6044,1011110011100,0.466588894,3159,3159,0011100111101
6124,1011111101100,0.466588894,3159,3159,0011011111101
1852,0011100111100,0.467008866,3160,3160,0011110011100
1884,0011101011100,0.467008866,3160,3160,0011101011100
1948,0011110011100,0.467428838,3161,3161,0011100111100
2028,0011111101100,0.467428838,3161,3161,0011011111100
6972,1101100111100,0.467848810,3162,3162,0011110011011
7004,1101101011100,0.467848810,3162,3162,0011101011011
7068,1101110011100,0.468268782,3163,3163,0011100111011
7148,1101111101100,0.468268782,3163,3163,0011011111011
2876,0101100111100,0.468688754,3164,3164,0011110011010
2908,0101101011100,0.468688754,3164,3164,0011101011010
2972,0101110011100,0.469108726,3165,3165,0011100111010
3052,0101111101100,0.469108726,3165,3165,0011011111010
4924,1001100111100,0.469528698,3166,3166,0011110011001
4956,1001101011100,0.469528698,3166,3166,0011101011001
5020,1001110011100,0.469948670,3167,3167,0011100111001
5100,1001111101100,0.469948670,3167,3167,0011011111001
828,0001100111100,0.470368642,3168,3168,0011110011000
860,0001101011100,0.470368642,3168,3168,0011101011000
924,0001110011100,0.470788614,3169,3169,0011100111000
1004,0001111101100,0.470788614,3169,3169,0011011111000
7484,1110100111100,0.471208586,3170,3170,0011110010111
7516,1110101011100,0.471208586,3170,3170,0011101010111
7580,1110110011100,0.471628558,3171,3171,0011100110111
7660,1110111101100,0.471628558,3171,3171,0011011110111
3388,0110100111100,0.472048530,3172,3172,0011110010110
3420,0110101011100,0.472048530,3172,3172,0011101010110
3484,0110110011100,0.472468502,3173,3173,0011100110110
3564,0110111101100,0.472468502,3173,3173,0011011110110
5436,1010100111100,0.472888474,3174,3174,0011110010101
5468,1010101011100,0.472888474,3174,3174,0011101010101
5532,1010110011100,0.473308446,3175,3175,0011100110101
5612,1010111101100,0.473308446,3175,3175,0011011110101
1340,0010100111100,0.473728418,3176,3176,0011110010100
1372,0010101011100,0.473728418,3176,3176,0011101010100
1436,0010110011100,0.474148390,3177,3177,0011100110100
1516,0010111101100,0.474148390,3177,3177,0011011110100
6460,1100100111100,0.474568362,3178,3178,0011110010011
6492,1100101011100,0.474568362,3178,3178,0011101010011
6556,1100110011100,0.474988334,3179,3179,0011100110011
6636,1100111101100,0.474988334,3179,3179,0011011110011
2364,0100100111100,0.475408306,3180,3180,0011110010010
2396,0100101011100,0.475408306,3180,3180,0011101010010
2460,0100110011100,0.475828278,3181,3181,0011100110010
2540,0100111101100,0.475828278,3181,3181,0011011110010
4412,1000100111100,0.476248250,3182,3182,0011110010001
4444,1000101011100,0.476248250,3182,3182,0011101010001
4508,1000110011100,0.476668222,3183,3183,0011100110001
4588,1000111101100,0.476668222,3183,3183,0011011110001
316,0000100111100,0.477088194,3184,3184,0011110010000
348,0000101011100,0.477088194,3184,3184,0011101010000
412,0000110011100,0.477508166,3185,3185,0011100110000
492,0000111101100,0.477508166,3185,3185,0011011110000
7740,1111000111100,0.477928138,3186,3186,0011110001111
7772,1111001011100,0.477928138,3186,3186,0011101001111
7836,1111010011100,0.478348110,3187,3187,0011100101111
7916,1111011101100,0.478348110,3187,3187,0011011101111
3644,0111000111100,0.478768082,3188,3188,0011110001110
3676,0111001011100,0.478768082,3188,3188,0011101001110
3740,0111010011100,0.479188054,3189,3189,0011100101110
3820,0111011101100,0.479188054,3189,3189,0011011101110
5692,1011000111100,0.479608026,3190,3190,0011110001101
5724,1011001011100,0.479608026,3190,3190,0011101001101
5788,1011010011100,0.480027998,3191,3191,0011100101101
5868,1011011101100,0.480027998,3191,3191,0011011101101
1596,0011000111100,0.480447970,3192,3192,0011110001100
1628,0011001011100,0.480447970,3192,3192,0011101001100
1692,0011010011100,0.480867942,3193,3193,0011100101100
1772,0011011101100,0.480867942,3193,3193,0011011101100
6716,1101000111100,0.481287914,3194,3194,0011110001011
6748,1101001011100,0.481287914,3194,3194,0011101001011
6812,1101010011100,0.481707886,3195,3195,0011100101011
6892,1101011101100,0.481707886,3195,3195,0011011101011
2620,0101000111100,0.482127858,3196,3196,0011110001010
2652,0101001011100,0.482127858,3196,3196,0011101001010
2716,0101010011100,0.482547830,3197,3197,0011100101010
2796,0101011101100,0.482547830,3197,3197,0011011101010
4668,1001000111100,0.482967802,3198,3198,0011110001001
4700,1001001011100,0.482967802,3198,3198,0011101001001
4764,1001010011100,0.483387774,3199,3199,0011100101001
4844,1001011101100,0.483387774,3199,3199,0011011101001
572,0001000111100,0.483807746,3200,3200,0011110001000
604,0001001011100,0.483807746,3200,3200,0011101001000
668,0001010011100,0.484227718,3201,3201,0011100101000
748,0001011101100,0.484227718,3201,3201,0011011101000
7228,1110000111100,0.484647690,3202,3202,0011110000111
7260,1110001011100,0.484647690,3202,3202,0011101000111
7324,1110010011100,0.485067662,3203,3203,0011100100111
7404,1110011101100,0.485067662,3203,3203,0011011100111
3132,0110000111100,0.485487634,3204,3204,0011110000110
3164,0110001011100,0.485487634,3204,3204,0011101000110
3228,0110010011100,0.485907606,3205,3205,0011100100110
3308,0110011101100,0.485907606,3205,3205,0011011100110
5180,1010000111100,0.486327578,3206,3206,0011110000101
5212,1010001011100,0.486327578,3206,3206,0011101000101
5276,1010010011100,0.486747550,3207,3207,0011100100101
5356,1010011101100,0.486747550,3207,3207,0011011100101
1084,0010000111100,0.487167522,3208,3208,0011110000100
1116,0010001011100,0.487167522,3208,3208,0011101000100
1180,0010010011100,0.487587494,3209,3209,0011100100100
1260,0010011101100,0.487587494,3209,3209,0011011100100
6204,1100000111100,0.488007466,3210,3210,0011110000011
6236,1100001011100,0.488007466,3210,3210,0011101000011
6300,1100010011100,0.488427438,3211,3211,0011100100011
6380,1100011101100,0.488427438,3211,3211,0011011100011
2108,0100000111100,0.488847410,3212,3212,0011110000010
2140,0100001011100,0.488847410,3212,3212,0011101000010
2204,0100010011100,0.489267382,3213,3213,0011100100010
2284,0100011101100,0.489267382,3213,3213,0011011100010
4156,1000000111100,0.489687354,3214,3214,0011110000001
4188,1000001011100,0.489687354,3214,3214,0011101000001
4252,1000010011100,0.490107326,3215,3215,0011100100001
4332,1000011101100,0.490107326,3215,3215,0011011100001
60,0000000111100,0.490527298,3216,3216,0011110000000
92,0000001011100,0.490527298,3216,3216,0011101000000
156,0000010011100,0.490947270,3217,3217,0011100100000
236,0000011101100,0.490947270,3217,3217,0011011100000
7964,1111100011100,0.491787214,3219,3219,0011100011111
8044,1111101101100,0.491787214,3219,3219,0011011011111
8108,1111110101100,0.492207186,3220,3220,0011010111111
8140,1111111001100,0.492207186,3220,3220,0011001111111
3868,0111100011100,0.492627158,3221,3221,0011100011110
3948,0111101101100,0.492627158,3221,3221,0011011011110
4012,0111110101100,0.493047130,3222,3222,0011010111110
4044,0111111001100,0.493047130,3222,3222,0011001111110
5916,1011100011100,0.493467102,3223,3223,0011100011101
5996,1011101101100,0.493467102,3223,3223,0011011011101
6060,1011110101100,0.493887074,3224,3224,0011010111101
6092,1011111001100,0.493887074,3224,3224,0011001111101
1820,0011100011100,0.494307046,3225,3225,0011100011100
1900,0011101101100,0.494307046,3225,3225,0011011011100
1964,0011110101100,0.494727018,3226,3226,0011010111100
1996,0011111001100,0.494727018,3226,3226,0011001111100
6940,1101100011100,0.495146990,3227,3227,0011100011011
7020,1101101101100,0.495146990,3227,3227,0011011011011
7084,1101110101100,0.495566962,3228,3228,0011010111011
7116,1101111001100,0.495566962,3228,3228,0011001111011
2844,0101100011100,0.495986934,3229,3229,0011100011010
2924,0101101101100,0.495986934,3229,3229,0011011011010
2988,0101110101100,0.496406906,3230,3230,0011010111010
3020,0101111001100,0.496406906,3230,3230,0011001111010
4892,1001100011100,0.496826878,3231,3231,0011100011001
4972,1001101101100,0.496826878,3231,3231,0011011011001
5036,1001110101100,0.497246850,3232,3232,0011010111001
5068,1001111001100,0.497246850,3232,3232,0011001111001
796,0001100011100,0.497666822,3233,3233,0011100011000
876,0001101101100,0.497666822,3233,3233,0011011011000
940,0001110101100,0.498086794,3234,3234,0011010111000
972,0001111001100,0.498086794,3234,3234,0011001111000
7452,1110100011100,0.498506766,3235,3235,0011100010111
7532,1110101101100,0.498506766,3235,3235,0011011010111
7596,1110110101100,0.498926738,3236,3236,0011010110111
7628,1110111001100,0.498926738,3236,3236,0011001110111
3356,0110100011100,0.499346710,3237,3237,0011100010110
3436,0110101101100,0.499346710,3237,3237,0011011010110
3500,0110110101100,0.499766682,3238,3238,0011010110110
3532,0110111001100,0.499766682,3238,3238,0011001110110
5404,1010100011100,0.500186654,3239,3239,0011100010101
5484,1010101101100,0.500186654,3239,3239,0011011010101
5548,1010110101100,0.500606626,3240,3240,0011010110101
5580,1010111001100,0.500606626,3240,3240,0011001110101
1308,0010100011100,0.501026598,3241,3241,0011100010100
1388,0010101101100,0.501026598,3241,3241,0011011010100
1452,0010110101100,0.501446570,3242,3242,0011010110100
1484,0010111001100,0.501446570,3242,3242,0011001110100
6428,1100100011100,0.501866542,3243,3243,0011100010011
6508,1100101101100,0.501866542,3243,3243,0011011010011
6572,1100110101100,0.502286514,3244,3244,0011010110011
6604,1100111001100,0.502286514,3244,3244,0011001110011
2332,0100100011100,0.502706486,3245,3245,0011100010010
2412,0100101101100,0.502706486,3245,3245,0011011010010
2476,0100110101100,0.503126458,3246,3246,0011010110010
2508,0100111001100,0.503126458,3246,3246,0011001110010
4380,1000100011100,0.503546430,3247,3247,0011100010001
4460,1000101101100,0.503546430,3247,3247,0011011010001
4524,1000110101100,0.503966402,3248,3248,0011010110001
4556,1000111001100,0.503966402,3248,3248,0011001110001
284,0000100011100,0.504386374,3249,3249,0011100010000
364,0000101101100,0.504386374,3249,3249,0011011010000
428,0000110101100,0.504806346,3250,3250,0011010110000
460,0000111001100,0.504806346,3250,3250,0011001110000
7708,1111000011100,0.505226318,3251,3251,0011100001111
7788,1111001101100,0.505226318,3251,3251,0011011001111
7852,1111010101100,0.505646290,3252,3252,0011010101111
7884,1111011001100,0.505646290,3252,3252,0011001101111
3612,0111000011100,0.506066262,3253,3253,0011100001110
3692,0111001101100,0.506066262,3253,3253,0011011001110
3756,0111010101100,0.506486234,3254,3254,0011010101110
3788,0111011001100,0.506486234,3254,3254,0011001101110
5660,1011000011100,0.506906206,3255,3255,0011100001101
5740,1011001101100,0.506906206,3255,3255,0011011001101
5804,1011010101100,0.507326178,3256,3256,0011010101101
5836,1011011001100,0.507326178,3256,3256,0011001101101
1564,0011000011100,0.507746150,3257,3257,0011100001100
1644,0011001101100,0.507746150,3257,3257,0011011001100
1708,0011010101100,0.508166122,3258,3258,0011010101100
1740,0011011001100,0.508166122,3258,3258,0011001101100
6684,1101000011100,0.508586094,3259,3259,0011100001011
6764,1101001101100,0.508586094,3259,3259,0011011001011
6828,1101010101100,0.509006066,3260,3260,0011010101011
6860,1101011001100,0.509006066,3260,3260,0011001101011
2588,0101000011100,0.509426038,3261,3261,0011100001010
2668,0101001101100,0.509426038,3261,3261,0011011001010
2732,0101010101100,0.509846010,3262,3262,0011010101010
2764,0101011001100,0.509846010,3262,3262,0011001101010
4636,1001000011100,0.510265982,3263,3263,0011100001001
4716,1001001101100,0.510265982,3263,3263,0011011001001
4780,1001010101100,0.510685954,3264,3264,0011010101001
4812,1001011001100,0.510685954,3264,3264,0011001101001
540,0001000011100,0.511105926,3265,3265,0011100001000
620,0001001101100,0.511105926,3265,3265,0011011001000
684,0001010101100,0.511525898,3266,3266,0011010101000
716,0001011001100,0.511525898,3266,3266,0011001101000
7196,1110000011100,0.511945870,3267,3267,0011100000111
7276,1110001101100,0.511945870,3267,3267,0011011000111
7340,1110010101100,0.512365842,3268,3268,0011010100111
7372,1110011001100,0.512365842,3268,3268,0011001100111
3100,0110000011100,0.512785814,3269,3269,0011100000110
3180,0110001101100,0.512785814,3269,3269,0011011000110
3244,0110010101100,0.513205786,3270,3270,0011010100110
3276,0110011001100,0.513205786,3270,3270,0011001100110
5148,1010000011100,0.513625758,3271,3271,0011100000101
5228,1010001101100,0.513625758,3271,3271,0011011000101
5292,1010010101100,0.514045730,3272,3272,0011010100101
5324,1010011001100,0.514045730,3272,3272,0011001100101
1052,0010000011100,0.514465702,3273,3273,0011100000100
1132,0010001101100,0.514465702,3273,3273,0011011000100
1196,0010010101100,0.514885674,3274,3274,0011010100100
1228,0010011001100,0.514885674,3274,3274,0011001100100
6172,1100000011100,0.515305646,3275,3275,0011100000011
6252,1100001101100,0.515305646,3275,3275,0011011000011
6316,1100010101100,0.515725618,3276,3276,0011010100011
6348,1100011001100,0.515725618,3276,3276,0011001100011
2076,0100000011100,0.516145590,3277,3277,0011100000010
2156,0100001101100,0.516145590,3277,3277,0011011000010
2220,0100010101100,0.516565562,3278,3278,0011010100010
2252,0100011001100,0.516565562,3278,3278,0011001100010
4124,1000000011100,0.516985534,3279,3279,0011100000001
4204,1000001101100,0.516985534,3279,3279,0011011000001
4268,1000010101100,0.517405506,3280,3280,0011010100001
4300,1000011001100,0.517405506,3280,3280,0011001100001
28,0000000011100,0.517825478,3281,3281,0011100000000
108,0000001101100,0.517825478,3281,3281,0011011000000
172,0000010101100,0.518245450,3282,3282,0011010100000
204,0000011001100,0.518245450,3282,3282,0011001100000
7980,1111100101100,0.519085394,3284,3284,0011010011111
8012,1111101001100,0.519085394,3284,3284,0011001011111
8076,1111110001100,0.519505366,3285,3285,0011000111111
8180,1111111110100,0.519505366,3285,3285,0010111111111
3884,0111100101100,0.519925338,3286,3286,0011010011110
3916,0111101001100,0.519925338,3286,3286,0011001011110
3980,0111110001100,0.520345310,3287,3287,0011000111110
4084,0111111110100,0.520345310,3287,3287,0010111111110
5932,1011100101100,0.520765282,3288,3288,0011010011101
5964,1011101001100,0.520765282,3288,3288,0011001011101
6028,1011110001100,0.521185254,3289,3289,0011000111101
6132,1011111110100,0.521185254,3289,3289,0010111111101
1836,0011100101100,0.521605226,3290,3290,0011010011100
1868,0011101001100,0.521605226,3290,3290,0011001011100
1932,0011110001100,0.522025198,3291,3291,0011000111100
2036,0011111110100,0.522025198,3291,3291,0010111111100
6956,1101100101100,0.522445170,3292,3292,0011010011011
6988,1101101001100,0.522445170,3292,3292,0011001011011
7052,1101110001100,0.522865142,3293,3293,0011000111011
7156,1101111110100,0.522865142,3293,3293,0010111111011
2860,0101100101100,0.523285114,3294,3294,0011010011010
2892,0101101001100,0.523285114,3294,3294,0011001011010
2956,0101110001100,0.523705086,3295,3295,0011000111010
3060,0101111110100,0.523705086,3295,3295,0010111111010
4908,1001100101100,0.524125058,3296,3296,0011010011001
4940,1001101001100,0.524125058,3296,3296,0011001011001
5004,1001110001100,0.524545030,3297,3297,0011000111001
5108,1001111110100,0.524545030,3297,3297,0010111111001
812,0001100101100,0.524965002,3298,3298,0011010011000
844,0001101001100,0.524965002,3298,3298,0011001011000
908,0001110001100,0.525384974,3299,3299,0011000111000
1012,0001111110100,0.525384974,3299,3299,0010111111000
7468,1110100101100,0.525804946,3300,3300,0011010010111
7500,1110101001100,0.525804946,3300,3300,0011001010111
7564,1110110001100,0.526224918,3301,3301,0011000110111
7668,1110111110100,0.526224918,3301,3301,0010111110111
3372,0110100101100,0.526644890,3302,3302,0011010010110
3404,0110101001100,0.526644890,3302,3302,0011001010110
3468,0110110001100,0.527064862,3303,3303,0011000110110
3572,0110111110100,0.527064862,3303,3303,0010111110110
5420,1010100101100,0.527484834,3304,3304,0011010010101
5452,1010101001100,0.527484834,3304,3304,0011001010101
5516,1010110001100,0.527904806,3305,3305,0011000110101
5620,1010111110100,0.527904806,3305,3305,0010111110101
1324,0010100101100,0.528324778,3306,3306,0011010010100
1356,0010101001100,0.528324778,3306,3306,0011001010100
1420,0010110001100,0.528744750,3307,3307,0011000110100
1524,0010111110100,0.528744750,3307,3307,0010111110100
6444,1100100101100,0.529164722,3308,3308,0011010010011
6476,1100101001100,0.529164722,3308,3308,0011001010011
6540,1100110001100,0.529584694,3309,3309,0011000110011
6644,1100111110100,0.529584694,3309,3309,0010111110011
2348,0100100101100,0.530004666,3310,3310,0011010010010
2380,0100101001100,0.530004666,3310,3310,0011001010010
2444,0100110001100,0.530424638,3311,3311,0011000110010
2548,0100111110100,0.530424638,3311,3311,0010111110010
4396,1000100101100,0.530844610,3312,3312,0011010010001
4428,1000101001100,0.530844610,3312,3312,0011001010001
4492,1000110001100,0.531264582,3313,3313,0011000110001
4596,1000111110100,0.531264582,3313,3313,0010111110001
300,0000100101100,0.531684554,3314,3314,0011010010000
332,0000101001100,0.531684554,3314,3314,0011001010000
396,0000110001100,0.532104526,3315,3315,0011000110000
500,0000111110100,0.532104526,3315,3315,0010111110000
7724,1111000101100,0.532524498,3316,3316,0011010001111
7756,1111001001100,0.532524498,3316,3316,0011001001111
7820,1111010001100,0.532944470,3317,3317,0011000101111
7924,1111011110100,0.532944470,3317,3317,0010111101111
3628,0111000101100,0.533364442,3318,3318,0011010001110
3660,0111001001100,0.533364442,3318,3318,0011001001110
3724,0111010001100,0.533784414,3319,3319,0011000101110
3828,0111011110100,0.533784414,3319,3319,0010111101110
5676,1011000101100,0.534204386,3320,3320,0011010001101
5708,1011001001100,0.534204386,3320,3320,0011001001101
5772,1011010001100,0.534624358,3321,3321,0011000101101
5876,1011011110100,0.534624358,3321,3321,0010111101101
1580,0011000101100,0.535044330,3322,3322,0011010001100
1612,0011001001100,0.535044330,3322,3322,0011001001100
1676,0011010001100,0.535464302,3323,3323,0011000101100
1780,0011011110100,0.535464302,3323,3323,0010111101100
6700,1101000101100,0.535884274,3324,3324,0011010001011
6732,1101001001100,0.535884274,3324,3324,0011001001011
6796,1101010001100,0.536304246,3325,3325,0011000101011
6900,1101011110100,0.536304246,3325,3325,0010111101011
2604,0101000101100,0.536724218,3326,3326,0011010001010
2636,0101001001100,0.536724218,3326,3326,0011001001010
2700,0101010001100,0.537144190,3327,3327,0011000101010
2804,0101011110100,0.537144190,3327,3327,0010111101010
4652,1001000101100,0.537564162,3328,3328,0011010001001
4684,1001001001100,0.537564162,3328,3328,0011001001001
4748,1001010001100,0.537984134,3329,3329,0011000101001
4852,1001011110100,0.537984134,3329,3329,0010111101001
556,0001000101100,0.538404106,3330,3330,0011010001000
588,0001001001100,0.538404106,3330,3330,0011001001000
652,0001010001100,0.538824078,3331,3331,0011000101000
756,0001011110100,0.538824078,3331,3331,0010111101000
7212,1110000101100,0.539244050,3332,3332,0011010000111
7244,1110001001100,0.539244050,3332,3332,0011001000111
7308,1110010001100,0.539664022,3333,3333,0011000100111
7412,1110011110100,0.539664022,3333,3333,0010111100111
3116,0110000101100,0.540083994,3334,3334,0011010000110
3148,0110001001100,0.540083994,3334,3334,0011001000110
3212,0110010001100,0.540503966,3335,3335,0011000100110
3316,0110011110100,0.540503966,3335,3335,0010111100110
5164,1010000101100,0.540923938,3336,3336,0011010000101
5196,1010001001100,0.540923938,3336,3336,0011001000101
5260,1010010001100,0.541343910,3337,3337,0011000100101
5364,1010011110100,0.541343910,3337,3337,0010111100101
1068,0010000101100,0.541763882,3338,3338,0011010000100
1100,0010001001100,0.541763882,3338,3338,0011001000100
1164,0010010001100,0.542183854,3339,3339,0011000100100
1268,0010011110100,0.542183854,3339,3339,0010111100100
6188,1100000101100,0.542603826,3340,3340,0011010000011
6220,1100001001100,0.542603826,3340,3340,0011001000011
6284,1100010001100,0.543023798,3341,3341,0011000100011
6388,1100011110100,0.543023798,3341,3341,0010111100011
2092,0100000101100,0.543443770,3342,3342,0011010000010
2124,0100001001100,0.543443770,3342,3342,0011001000010
2188,0100010001100,0.543863742,3343,3343,0011000100010
2292,0100011110100,0.543863742,3343,3343,0010111100010
4140,1000000101100,0.544283714,3344,3344,0011010000001
4172,1000001001100,0.544283714,3344,3344,0011001000001
4236,1000010001100,0.544703686,3345,3345,0011000100001
4340,1000011110100,0.544703686,3345,3345,0010111100001
44,0000000101100,0.545123658,3346,3346,0011010000000
76,0000001001100,0.545123658,3346,3346,0011001000000
140,0000010001100,0.545543630,3347,3347,0011000100000
244,0000011110100,0.545543630,3347,3347,0010111100000
7948,1111100001100,0.546383574,3349,3349,0011000011111
8052,1111101110100,0.546383574,3349,3349,0010111011111
8116,1111110110100,0.546803546,3350,3350,0010110111111
8148,1111111010100,0.546803546,3350,3350,0010101111111
3852,0111100001100,0.547223518,3351,3351,0011000011110
3956,0111101110100,0.547223518,3351,3351,0010111011110
4020,0111110110100,0.547643490,3352,3352,0010110111110
4052,0111111010100,0.547643490,3352,3352,0010101111110
5900,1011100001100,0.548063462,3353,3353,0011000011101
6004,1011101110100,0.548063462,3353,3353,0010111011101
6068,1011110110100,0.548483434,3354,3354,0010110111101
6100,1011111010100,0.548483434,3354,3354,0010101111101
1804,0011100001100,0.548903406,3355,3355,0011000011100
1908,0011101110100,0.548903406,3355,3355,0010111011100
1972,0011110110100,0.549323378,3356,3356,0010110111100
2004,0011111010100,0.549323378,3356,3356,0010101111100
6924,1101100001100,0.549743350,3357,3357,0011000011011
7028,1101101110100,0.549743350,3357,3357,0010111011011
7092,1101110110100,0.550163322,3358,3358,0010110111011
7124,1101111010100,0.550163322,3358,3358,0010101111011
2828,0101100001100,0.550583294,3359,3359,0011000011010
2932,0101101110100,0.550583294,3359,3359,0010111011010
2996,0101110110100,0.551003266,3360,3360,0010110111010
3028,0101111010100,0.551003266,3360,3360,0010101111010
4876,1001100001100,0.551423238,3361,3361,0011000011001
4980,1001101110100,0.551423238,3361,3361,0010111011001
5044,1001110110100,0.551843210,3362,3362,0010110111001
5076,1001111010100,0.551843210,3362,3362,0010101111001
780,0001100001100,0.552263182,3363,3363,0011000011000
884,0001101110100,0.552263182,3363,3363,0010111011000
948,0001110110100,0.552683154,3364,3364,0010110111000
980,0001111010100,0.552683154,3364,3364,0010101111000
7436,1110100001100,0.553103126,3365,3365,0011000010111
7540,1110101110100,0.553103126,3365,3365,0010111010111
7604,1110110110100,0.553523098,3366,3366,0010110110111
7636,1110111010100,0.553523098,3366,3366,0010101110111
3340,0110100001100,0.553943070,3367,3367,0011000010110
3444,0110101110100,0.553943070,3367,3367,0010111010110
3508,0110110110100,0.554363042,3368,3368,0010110110110
3540,0110111010100,0.554363042,3368,3368,0010101110110
5388,1010100001100,0.554783014,3369,3369,0011000010101
5492,1010101110100,0.554783014,3369,3369,0010111010101
5556,1010110110100,0.555202986,3370,3370,0010110110101
5588,1010111010100,0.555202986,3370,3370,0010101110101
1292,0010100001100,0.555622958,3371,3371,0011000010100
1396,0010101110100,0.555622958,3371,3371,0010111010100
1460,0010110110100,0.556042930,3372,3372,0010110110100
1492,0010111010100,0.556042930,3372,3372,0010101110100
6412,1100100001100,0.556462902,3373,3373,0011000010011
6516,1100101110100,0.556462902,3373,3373,0010111010011
6580,1100110110100,0.556882874,3374,3374,0010110110011
6612,1100111010100,0.556882874,3374,3374,0010101110011
2316,0100100001100,0.557302846,3375,3375,0011000010010
2420,0100101110100,0.557302846,3375,3375,0010111010010
2484,0100110110100,0.557722818,3376,3376,0010110110010
2516,0100111010100,0.557722818,3376,3376,0010101110010
4364,1000100001100,0.558142790,3377,3377,0011000010001
4468,1000101110100,0.558142790,3377,3377,0010111010001
4532,1000110110100,0.558562762,3378,3378,0010110110001
4564,1000111010100,0.558562762,3378,3378,0010101110001
268,0000100001100,0.558982734,3379,3379,0011000010000
372,0000101110100,0.558982734,3379,3379,0010111010000
436,0000110110100,0.559402706,3380,3380,0010110110000
468,0000111010100,0.559402706,3380,3380,0010101110000
7692,1111000001100,0.559822678,3381,3381,0011000001111
7796,1111001110100,0.559822678,3381,3381,0010111001111
7860,1111010110100,0.560242650,3382,3382,0010110101111
7892,1111011010100,0.560242650,3382,3382,0010101101111
3596,0111000001100,0.560662622,3383,3383,0011000001110
3700,0111001110100,0.560662622,3383,3383,0010111001110
3764,0111010110100,0.561082594,3384,3384,0010110101110
3796,0111011010100,0.561082594,3384,3384,0010101101110
5644,1011000001100,0.561502566,3385,3385,0011000001101
5748,1011001110100,0.561502566,3385,3385,0010111001101
5812,1011010110100,0.561922538,3386,3386,0010110101101
5844,1011011010100,0.561922538,3386,3386,0010101101101
1548,0011000001100,0.562342510,3387,3387,0011000001100
1652,0011001110100,0.562342510,3387,3387,0010111001100
1716,0011010110100,0.562762483,3388,3388,0010110101100
1748,0011011010100,0.562762483,3388,3388,0010101101100
6668,1101000001100,0.563182455,3389,3389,0011000001011
6772,1101001110100,0.563182455,3389,3389,0010111001011
6836,1101010110100,0.563602427,3390,3390,0010110101011
6868,1101011010100,0.563602427,3390,3390,0010101101011
2572,0101000001100,0.564022399,3391,3391,0011000001010
2676,0101001110100,0.564022399,3391,3391,0010111001010
2740,0101010110100,0.564442371,3392,3392,0010110101010
2772,0101011010100,0.564442371,3392,3392,0010101101010
4620,1001000001100,0.564862343,3393,3393,0011000001001
4724,1001001110100,0.564862343,3393,3393,0010111001001
4788,1001010110100,0.565282315,3394,3394,0010110101001
4820,1001011010100,0.565282315,3394,3394,0010101101001
524,0001000001100,0.565702287,3395,3395,0011000001000
628,0001001110100,0.565702287,3395,3395,0010111001000
692,0001010110100,0.566122259,3396,3396,0010110101000
724,0001011010100,0.566122259,3396,3396,0010101101000
7180,1110000001100,0.566542231,3397,3397,0011000000111
7284,1110001110100,0.566542231,3397,3397,0010111000111
7348,1110010110100,0.566962203,3398,3398,0010110100111
7380,1110011010100,0.566962203,3398,3398,0010101100111
3084,0110000001100,0.567382175,3399,3399,0011000000110
3188,0110001110100,0.567382175,3399,3399,0010111000110
3252,0110010110100,0.567802147,3400,3400,0010110100110
3284,0110011010100,0.567802147,3400,3400,0010101100110
5132,1010000001100,0.568222119,3401,3401,0011000000101
5236,1010001110100,0.568222119,3401,3401,0010111000101
5300,1010010110100,0.568642091,3402,3402,0010110100101
5332,1010011010100,0.568642091,3402,3402,0010101100101
1036,0010000001100,0.569062063,3403,3403,0011000000100
1140,0010001110100,0.569062063,3403,3403,0010111000100
1204,0010010110100,0.569482035,3404,3404,0010110100100
1236,0010011010100,0.569482035,3404,3404,0010101100100
6156,1100000001100,0.569902007,3405,3405,0011000000011
6260,1100001110100,0.569902007,3405,3405,0010111000011
6324,1100010110100,0.570321979,3406,3406,0010110100011
6356,1100011010100,0.570321979,3406,3406,0010101100011
2060,0100000001100,0.570741951,3407,3407,0011000000010
2164,0100001110100,0.570741951,3407,3407,0010111000010
2228,0100010110100,0.571161923,3408,3408,0010110100010
2260,0100011010100,0.571161923,3408,3408,0010101100010
4108,1000000001100,0.571581895,3409,3409,0011000000001
4212,1000001110100,0.571581895,3409,3409,0010111000001
4276,1000010110100,0.572001867,3410,3410,0010110100001
4308,1000011010100,0.572001867,3410,3410,0010101100001
12,0000000001100,0.572421839,3411,3411,0011000000000
116,0000001110100,0.572421839,3411,3411,0010111000000
180,0000010110100,0.572841811,3412,3412,0010110100000
212,0000011010100,0.572841811,3412,3412,0010101100000
7988,1111100110100,0.573681755,3414,3414,0010110011111
8020,1111101010100,0.573681755,3414,3414,0010101011111
8084,1111110010100,0.574101727,3415,3415,0010100111111
8164,1111111100100,0.574101727,3415,3415,0010011111111
3892,0111100110100,0.574521699,3416,3416,0010110011110
3924,0111101010100,0.574521699,3416,3416,0010101011110
3988,0111110010100,0.574941671,3417,3417,0010100111110
4068,0111111100100,0.574941671,3417,3417,0010011111110
5940,1011100110100,0.575361643,3418,3418,0010110011101
5972,1011101010100,0.575361643,3418,3418,0010101011101
6036,1011110010100,0.575781615,3419,3419,0010100111101
6116,1011111100100,0.575781615,3419,3419,0010011111101
1844,0011100110100,0.576201587,3420,3420,0010110011100
1876,0011101010100,0.576201587,3420,3420,0010101011100
1940,0011110010100,0.576621559,3421,3421,0010100111100
2020,0011111100100,0.576621559,3421,3421,0010011111100
6964,1101100110100,0.577041531,3422,3422,0010110011011
6996,1101101010100,0.577041531,3422,3422,0010101011011
7060,1101110010100,0.577461503,3423,3423,0010100111011
7140,1101111100100,0.577461503,3423,3423,0010011111011
2868,0101100110100,0.577881475,3424,3424,0010110011010
2900,0101101010100,0.577881475,3424,3424,0010101011010
2964,0101110010100,0.578301447,3425,3425,0010100111010
3044,0101111100100,0.578301447,3425,3425,0010011111010
4916,1001100110100,0.578721419,3426,3426,0010110011001
4948,1001101010100,0.578721419,3426,3426,0010101011001
5012,1001110010100,0.579141391,3427,3427,0010100111001
5092,1001111100100,0.579141391,3427,3427,0010011111001
820,0001100110100,0.579561363,3428,3428,0010110011000
852,0001101010100,0.579561363,3428,3428,0010101011000
916,0001110010100,0.579981335,3429,3429,0010100111000
996,0001111100100,0.579981335,3429,3429,0010011111000
7476,1110100110100,0.580401307,3430,3430,0010110010111
7508,1110101010100,0.580401307,3430,3430,0010101010111
7572,1110110010100,0.580821279,3431,3431,0010100110111
7652,1110111100100,0.580821279,3431,3431,0010011110111
3380,0110100110100,0.581241251,3432,3432,0010110010110
3412,0110101010100,0.581241251,3432,3432,0010101010110
3476,0110110010100,0.581661223,3433,3433,0010100110110
3556,0110111100100,0.581661223,3433,3433,0010011110110
5428,1010100110100,0.582081195,3434,3434,0010110010101
5460,1010101010100,0.582081195,3434,3434,0010101010101
5524,1010110010100,0.582501167,3435,3435,0010100110101
5604,1010111100100,0.582501167,3435,3435,0010011110101
1332,0010100110100,0.582921139,3436,3436,0010110010100
1364,0010101010100,0.582921139,3436,3436,0010101010100
1428,0010110010100,0.583341111,3437,3437,0010100110100
1508,0010111100100,0.583341111,3437,3437,0010011110100
6452,1100100110100,0.583761083,3438,3438,0010110010011
6484,1100101010100,0.583761083,3438,3438,0010101010011
6548,1100110010100,0.584181055,3439,3439,0010100110011
6628,1100111100100,0.584181055,3439,3439,0010011110011
2356,0100100110100,0.584601027,3440,3440,0010110010010
2388,0100101010100,0.584601027,3440,3440,0010101010010
2452,0100110010100,0.585020999,3441,3441,0010100110010
2532,0100111100100,0.585020999,3441,3441,0010011110010
4404,1000100110100,0.585440971,3442,3442,0010110010001
4436,1000101010100,0.585440971,3442,3442,0010101010001
4500,1000110010100,0.585860943,3443,3443,0010100110001
4580,1000111100100,0.585860943,3443,3443,0010011110001
308,0000100110100,0.586280915,3444,3444,0010110010000
340,0000101010100,0.586280915,3444,3444,0010101010000
404,0000110010100,0.586700887,3445,3445,0010100110000
484,0000111100100,0.586700887,3445,3445,0010011110000
7732,1111000110100,0.587120859,3446,3446,0010110001111
7764,1111001010100,0.587120859,3446,3446,0010101001111
7828,1111010010100,0.587540831,3447,3447,0010100101111
7908,1111011100100,0.587540831,3447,3447,0010011101111
3636,0111000110100,0.587960803,3448,3448,0010110001110
3668,0111001010100,0.587960803,3448,3448,0010101001110
3732,0111010010100,0.588380775,3449,3449,0010100101110
3812,0111011100100,0.588380775,3449,3449,0010011101110
5684,1011000110100,0.588800747,3450,3450,0010110001101
5716,1011001010100,0.588800747,3450,3450,0010101001101
5780,1011010010100,0.589220719,3451,3451,0010100101101
5860,1011011100100,0.589220719,3451,3451,0010011101101
1588,0011000110100,0.589640691,3452,3452,0010110001100
1620,0011001010100,0.589640691,3452,3452,0010101001100
1684,0011010010100,0.590060663,3453,3453,0010100101100
1764,0011011100100,0.590060663,3453,3453,0010011101100
6708,1101000110100,0.590480635,3454,3454,0010110001011
6740,1101001010100,0.590480635,3454,3454,0010101001011
6804,1101010010100,0.590900607,3455,3455,0010100101011
6884,1101011100100,0.590900607,3455,3455,0010011101011
2612,0101000110100,0.591320579,3456,3456,0010110001010
2644,0101001010100,0.591320579,3456,3456,0010101001010
2708,0101010010100,0.591740551,3457,3457,0010100101010
2788,0101011100100,0.591740551,3457,3457,0010011101010
4660,1001000110100,0.592160523,3458,3458,0010110001001
4692,1001001010100,0.592160523,3458,3458,0010101001001
4756,1001010010100,0.592580495,3459,3459,0010100101001
4836,1001011100100,0.592580495,3459,3459,0010011101001
564,0001000110100,0.593000467,3460,3460,0010110001000
596,0001001010100,0.593000467,3460,3460,0010101001000
660,0001010010100,0.593420439,3461,3461,0010100101000
740,0001011100100,0.593420439,3461,3461,0010011101000
7220,1110000110100,0.593840411,3462,3462,0010110000111
7252,1110001010100,0.593840411,3462,3462,0010101000111
7316,1110010010100,0.594260383,3463,3463,0010100100111
7396,1110011100100,0.594260383,3463,3463,0010011100111
3124,0110000110100,0.594680355,3464,3464,0010110000110
3156,0110001010100,0.594680355,3464,3464,0010101000110
3220,0110010010100,0.595100327,3465,3465,0010100100110
3300,0110011100100,0.595100327,3465,3465,0010011100110
5172,1010000110100,0.595520299,3466,3466,0010110000101
5204,1010001010100,0.595520299,3466,3466,0010101000101
5268,1010010010100,0.595940271,3467,3467,0010100100101
5348,1010011100100,0.595940271,3467,3467,0010011100101
1076,0010000110100,0.596360243,3468,3468,0010110000100
1108,0010001010100,0.596360243,3468,3468,0010101000100
1172,0010010010100,0.596780215,3469,3469,0010100100100
1252,0010011100100,0.596780215,3469,3469,0010011100100
6196,1100000110100,0.597200187,3470,3470,0010110000011
6228,1100001010100,0.597200187,3470,3470,0010101000011
6292,1100010010100,0.597620159,3471,3471,0010100100011
6372,1100011100100,0.597620159,3471,3471,0010011100011
2100,0100000110100,0.598040131,3472,3472,0010110000010
2132,0100001010100,0.598040131,3472,3472,0010101000010
2196,0100010010100,0.598460103,3473,3473,0010100100010
2276,0100011100100,0.598460103,3473,3473,0010011100010
4148,1000000110100,0.598880075,3474,3474,0010110000001
4180,1000001010100,0.598880075,3474,3474,0010101000001
4244,1000010010100,0.599300047,3475,3475,0010100100001
4324,1000011100100,0.599300047,3475,3475,0010011100001
52,0000000110100,0.599720019,3476,3476,0010110000000
84,0000001010100,0.599720019,3476,3476,0010101000000
148,0000010010100,0.600139991,3477,3477,0010100100000
228,0000011100100,0.600139991,3477,3477,0010011100000
7956,1111100010100,0.600979935,3479,3479,0010100011111
8036,1111101100100,0.600979935,3479,3479,0010011011111
8100,1111110100100,0.601399907,3480,3480,0010010111111
8132,1111111000100,0.601399907,3480,3480,0010001111111
3860,0111100010100,0.601819879,3481,3481,0010100011110
3940,0111101100100,0.601819879,3481,3481,0010011011110
4004,0111110100100,0.602239851,3482,3482,0010010111110
4036,0111111000100,0.602239851,3482,3482,0010001111110
5908,1011100010100,0.602659823,3483,3483,0010100011101
5988,1011101100100,0.602659823,3483,3483,0010011011101
6052,1011110100100,0.603079795,3484,3484,0010010111101
6084,1011111000100,0.603079795,3484,3484,0010001111101
1812,0011100010100,0.603499767,3485,3485,0010100011100
1892,0011101100100,0.603499767,3485,3485,0010011011100
1956,0011110100100,0.603919739,3486,3486,0010010111100
1988,0011111000100,0.603919739,3486,3486,0010001111100
6932,1101100010100,0.604339711,3487,3487,0010100011011
7012,1101101100100,0.604339711,3487,3487,0010011011011
7076,1101110100100,0.604759683,3488,3488,0010010111011
7108,1101111000100,0.604759683,3488,3488,0010001111011
2836,0101100010100,0.605179655,3489,3489,0010100011010
2916,0101101100100,0.605179655,3489,3489,0010011011010
2980,0101110100100,0.605599627,3490,3490,0010010111010
3012,0101111000100,0.605599627,3490,3490,0010001111010
4884,1001100010100,0.606019599,3491,3491,0010100011001
4964,1001101100100,0.606019599,3491,3491,0010011011001
5028,1001110100100,0.606439571,3492,3492,0010010111001
5060,1001111000100,0.606439571,3492,3492,0010001111001
788,0001100010100,0.606859543,3493,3493,0010100011000
868,0001101100100,0.606859543,3493,3493,0010011011000
932,0001110100100,0.607279515,3494,3494,0010010111000
964,0001111000100,0.607279515,3494,3494,0010001111000
7444,1110100010100,0.607699487,3495,3495,0010100010111
7524,1110101100100,0.607699487,3495,3495,0010011010111
7588,1110110100100,0.608119459,3496,3496,0010010110111
7620,1110111000100,0.608119459,3496,3496,0010001110111
3348,0110100010100,0.608539431,3497,3497,0010100010110
3428,0110101100100,0.608539431,3497,3497,0010011010110
3492,0110110100100,0.608959403,3498,3498,0010010110110
3524,0110111000100,0.608959403,3498,3498,0010001110110
5396,1010100010100,0.609379375,3499,3499,0010100010101
5476,1010101100100,0.609379375,3499,3499,0010011010101
5540,1010110100100,0.609799347,3500,3500,0010010110101
5572,1010111000100,0.609799347,3500,3500,0010001110101
1300,0010100010100,0.610219319,3501,3501,0010100010100
1380,0010101100100,0.610219319,3501,3501,0010011010100
1444,0010110100100,0.610639291,3502,3502,0010010110100
1476,0010111000100,0.610639291,3502,3502,0010001110100
6420,1100100010100,0.611059263,3503,3503,0010100010011
6500,1100101100100,0.611059263,3503,3503,0010011010011
6564,1100110100100,0.611479235,3504,3504,0010010110011
6596,1100111000100,0.611479235,3504,3504,0010001110011
2324,0100100010100,0.611899207,3505,3505,0010100010010
2404,0100101100100,0.611899207,3505,3505,0010011010010
2468,0100110100100,0.612319179,3506,3506,0010010110010
2500,0100111000100,0.612319179,3506,3506,0010001110010
4372,1000100010100,0.612739151,3507,3507,0010100010001
4452,1000101100100,0.612739151,3507,3507,0010011010001
4516,1000110100100,0.613159123,3508,3508,0010010110001
4548,1000111000100,0.613159123,3508,3508,0010001110001
276,0000100010100,0.613579095,3509,3509,0010100010000
356,0000101100100,0.613579095,3509,3509,0010011010000
420,0000110100100,0.613999067,3510,3510,0010010110000
452,0000111000100,0.613999067,3510,3510,0010001110000
7700,1111000010100,0.614419039,3511,3511,0010100001111
7780,1111001100100,0.614419039,3511,3511,0010011001111
7844,1111010100100,0.614839011,3512,3512,0010010101111
7876,1111011000100,0.614839011,3512,3512,0010001101111
3604,0111000010100,0.615258983,3513,3513,0010100001110
3684,0111001100100,0.615258983,3513,3513,0010011001110
3748,0111010100100,0.615678955,3514,3514,0010010101110
3780,0111011000100,0.615678955,3514,3514,0010001101110
5652,1011000010100,0.616098927,3515,3515,0010100001101
5732,1011001100100,0.616098927,3515,3515,0010011001101
5796,1011010100100,0.616518899,3516,3516,0010010101101
5828,1011011000100,0.616518899,3516,3516,0010001101101
1556,0011000010100,0.616938871,3517,3517,0010100001100
1636,0011001100100,0.616938871,3517,3517,0010011001100
1700,0011010100100,0.617358843,3518,3518,0010010101100
1732,0011011000100,0.617358843,3518,3518,0010001101100
6676,1101000010100,0.617778815,3519,3519,0010100001011
6756,1101001100100,0.617778815,3519,3519,0010011001011
6820,1101010100100,0.618198787,3520,3520,0010010101011
6852,1101011000100,0.618198787,3520,3520,0010001101011
2580,0101000010100,0.618618759,3521,3521,0010100001010
2660,0101001100100,0.618618759,3521,3521,0010011001010
2724,0101010100100,0.619038731,3522,3522,0010010101010
2756,0101011000100,0.619038731,3522,3522,0010001101010
4628,1001000010100,0.619458703,3523,3523,0010100001001
4708,1001001100100,0.619458703,3523,3523,0010011001001
4772,1001010100100,0.619878675,3524,3524,0010010101001
4804,1001011000100,0.619878675,3524,3524,0010001101001
532,0001000010100,0.620298647,3525,3525,0010100001000
612,0001001100100,0.620298647,3525,3525,0010011001000
676,0001010100100,0.620718619,3526,3526,0010010101000
708,0001011000100,0.620718619,3526,3526,0010001101000
7188,1110000010100,0.621138591,3527,3527,0010100000111
7268,1110001100100,0.621138591,3527,3527,0010011000111
7332,1110010100100,0.621558563,3528,3528,0010010100111
7364,1110011000100,0.621558563,3528,3528,0010001100111
3092,0110000010100,0.621978535,3529,3529,0010100000110
3172,0110001100100,0.621978535,3529,3529,0010011000110
3236,0110010100100,0.622398507,3530,3530,0010010100110
3268,0110011000100,0.622398507,3530,3530,0010001100110
5140,1010000010100,0.622818479,3531,3531,0010100000101
5220,1010001100100,0.622818479,3531,3531,0010011000101
5284,1010010100100,0.623238451,3532,3532,0010010100101
5316,1010011000100,0.623238451,3532,3532,0010001100101
1044,0010000010100,0.623658423,3533,3533,0010100000100
1124,0010001100100,0.623658423,3533,3533,0010011000100
1188,0010010100100,0.624078395,3534,3534,0010010100100
1220,0010011000100,0.624078395,3534,3534,0010001100100
6164,1100000010100,0.624498367,3535,3535,0010100000011
6244,1100001100100,0.624498367,3535,3535,0010011000011
6308,1100010100100,0.624918339,3536,3536,0010010100011
6340,1100011000100,0.624918339,3536,3536,0010001100011
2068,0100000010100,0.625338311,3537,3537,0010100000010
2148,0100001100100,0.625338311,3537,3537,0010011000010
2212,0100010100100,0.625758283,3538,3538,0010010100010
2244,0100011000100,0.625758283,3538,3538,0010001100010
4116,1000000010100,0.626178255,3539,3539,0010100000001
4196,1000001100100,0.626178255,3539,3539,0010011000001
4260,1000010100100,0.626598227,3540,3540,0010010100001
4292,1000011000100,0.626598227,3540,3540,0010001100001
20,0000000010100,0.627018199,3541,3541,0010100000000
100,0000001100100,0.627018199,3541,3541,0010011000000
164,0000010100100,0.627438171,3542,3542,0010010100000
196,0000011000100,0.627438171,3542,3542,0010001100000
7972,1111100100100,0.628278115,3544,3544,0010010011111
8004,1111101000100,0.628278115,3544,3544,0010001011111
8068,1111110000100,0.628698087,3545,3545,0010000111111
8184,1111111111000,0.628698087,3545,3545,0001111111111
3876,0111100100100,0.629118059,3546,3546,0010010011110
3908,0111101000100,0.629118059,3546,3546,0010001011110
3972,0111110000100,0.629538031,3547,3547,0010000111110
4088,0111111111000,0.629538031,3547,3547,0001111111110
5924,1011100100100,0.629958003,3548,3548,0010010011101
5956,1011101000100,0.629958003,3548,3548,0010001011101
6020,1011110000100,0.630377975,3549,3549,0010000111101
6136,1011111111000,0.630377975,3549,3549,0001111111101
1828,0011100100100,0.630797947,3550,3550,0010010011100
1860,0011101000100,0.630797947,3550,3550,0010001011100
1924,0011110000100,0.631217919,3551,3551,0010000111100
2040,0011111111000,0.631217919,3551,3551,0001111111100
6948,1101100100100,0.631637891,3552,3552,0010010011011
6980,1101101000100,0.631637891,3552,3552,0010001011011
7044,1101110000100,0.632057863,3553,3553,0010000111011
7160,1101111111000,0.632057863,3553,3553,0001111111011
2852,0101100100100,0.632477835,3554,3554,0010010011010
2884,0101101000100,0.632477835,3554,3554,0010001011010
2948,0101110000100,0.632897807,3555,3555,0010000111010
3064,0101111111000,0.632897807,3555,3555,0001111111010
4900,1001100100100,0.633317779,3556,3556,0010010011001
4932,1001101000100,0.633317779,3556,3556,0010001011001
4996,1001110000100,0.633737751,3557,3557,0010000111001
5112,1001111111000,0.633737751,3557,3557,0001111111001
804,0001100100100,0.634157723,3558,3558,0010010011000
836,0001101000100,0.634157723,3558,3558,0010001011000
900,0001110000100,0.634577695,3559,3559,0010000111000
1016,0001111111000,0.634577695,3559,3559,0001111111000
7460,1110100100100,0.634997667,3560,3560,0010010010111
7492,1110101000100,0.634997667,3560,3560,0010001010111
7556,1110110000100,0.635417639,3561,3561,0010000110111
7672,1110111111000,0.635417639,3561,3561,0001111110111
3364,0110100100100,0.635837611,3562,3562,0010010010110
3396,0110101000100,0.635837611,3562,3562,0010001010110
3460,0110110000100,0.636257583,3563,3563,0010000110110
3576,0110111111000,0.636257583,3563,3563,0001111110110
5412,1010100100100,0.636677555,3564,3564,0010010010101
5444,1010101000100,0.636677555,3564,3564,0010001010101
5508,1010110000100,0.637097527,3565,3565,0010000110101
5624,1010111111000,0.637097527,3565,3565,0001111110101
1316,0010100100100,0.637517499,3566,3566,0010010010100
1348,0010101000100,0.637517499,3566,3566,0010001010100
1412,0010110000100,0.637937471,3567,3567,0010000110100
1528,0010111111000,0.637937471,3567,3567,0001111110100
6436,1100100100100,0.638357443,3568,3568,0010010010011
6468,1100101000100,0.638357443,3568,3568,0010001010011
6532,1100110000100,0.638777415,3569,3569,0010000110011
6648,1100111111000,0.638777415,3569,3569,0001111110011
2340,0100100100100,0.639197387,3570,3570,0010010010010
2372,0100101000100,0.639197387,3570,3570,0010001010010
2436,0100110000100,0.639617359,3571,3571,0010000110010
2552,0100111111000,0.639617359,3571,3571,0001111110010
4388,1000100100100,0.640037331,3572,3572,0010010010001
4420,1000101000100,0.640037331,3572,3572,0010001010001
4484,1000110000100,0.640457303,3573,3573,0010000110001
4600,1000111111000,0.640457303,3573,3573,0001111110001
292,0000100100100,0.640877275,3574,3574,0010010010000
324,0000101000100,0.640877275,3574,3574,0010001010000
388,0000110000100,0.641297247,3575,3575,0010000110000
504,0000111111000,0.641297247,3575,3575,0001111110000
7716,1111000100100,0.641717219,3576,3576,0010010001111
7748,1111001000100,0.641717219,3576,3576,0010001001111
7812,1111010000100,0.642137191,3577,3577,0010000101111
7928,1111011111000,0.642137191,3577,3577,0001111101111
3620,0111000100100,0.642557163,3578,3578,0010010001110
3652,0111001000100,0.642557163,3578,3578,0010001001110
3716,0111010000100,0.642977135,3579,3579,0010000101110
3832,0111011111000,0.642977135,3579,3579,0001111101110
5668,1011000100100,0.643397107,3580,3580,0010010001101
5700,1011001000100,0.643397107,3580,3580,0010001001101
5764,1011010000100,0.643817079,3581,3581,0010000101101
5880,1011011111000,0.643817079,3581,3581,0001111101101
1572,0011000100100,0.644237051,3582,3582,0010010001100
1604,0011001000100,0.644237051,3582,3582,0010001001100
1668,0011010000100,0.644657023,3583,3583,0010000101100
1784,0011011111000,0.644657023,3583,3583,0001111101100
6692,1101000100100,0.645076995,3584,3584,0010010001011
6724,1101001000100,0.645076995,3584,3584,0010001001011
6788,1101010000100,0.645496967,3585,3585,0010000101011
6904,1101011111000,0.645496967,3585,3585,0001111101011
2596,0101000100100,0.645916939,3586,3586,0010010001010
2628,0101001000100,0.645916939,3586,3586,0010001001010
2692,0101010000100,0.646336911,3587,3587,0010000101010
2808,0101011111000,0.646336911,3587,3587,0001111101010
4644,1001000100100,0.646756883,3588,3588,0010010001001
4676,1001001000100,0.646756883,3588,3588,0010001001001
4740,1001010000100,0.647176855,3589,3589,0010000101001
4856,1001011111000,0.647176855,3589,3589,0001111101001
548,0001000100100,0.647596827,3590,3590,0010010001000
580,0001001000100,0.647596827,3590,3590,0010001001000
644,0001010000100,0.648016799,3591,3591,0010000101000
760,0001011111000,0.648016799,3591,3591,0001111101000
7204,1110000100100,0.648436771,3592,3592,0010010000111
7236,1110001000100,0.648436771,3592,3592,0010001000111
7300,1110010000100,0.648856743,3593,3593,0010000100111
7416,1110011111000,0.648856743,3593,3593,0001111100111
3108,0110000100100,0.649276715,3594,3594,0010010000110
3140,0110001000100,0.649276715,3594,3594,0010001000110
3204,0110010000100,0.649696687,3595,3595,0010000100110
3320,0110011111000,0.649696687,3595,3595,0001111100110
5156,1010000100100,0.650116659,3596,3596,0010010000101
5188,1010001000100,0.650116659,3596,3596,0010001000101
5252,1010010000100,0.650536631,3597,3597,0010000100101
5368,1010011111000,0.650536631,3597,3597,0001111100101
1060,0010000100100,0.650956603,3598,3598,0010010000100
1092,0010001000100,0.650956603,3598,3598,0010001000100
1156,0010010000100,0.651376575,3599,3599,0010000100100
1272,0010011111000,0.651376575,3599,3599,0001111100100
6180,1100000100100,0.651796547,3600,3600,0010010000011
6212,1100001000100,0.651796547,3600,3600,0010001000011
6276,1100010000100,0.652216519,3601,3601,0010000100011
6392,1100011111000,0.652216519,3601,3601,0001111100011
2084,0100000100100,0.652636491,3602,3602,0010010000010
2116,0100001000100,0.652636491,3602,3602,0010001000010
2180,0100010000100,0.653056463,3603,3603,0010000100010
2296,0100011111000,0.653056463,3603,3603,0001111100010
4132,1000000100100,0.653476435,3604,3604,0010010000001
4164,1000001000100,0.653476435,3604,3604,0010001000001
4228,1000010000100,0.653896407,3605,3605,0010000100001
4344,1000011111000,0.653896407,3605,3605,0001111100001
36,0000000100100,0.654316379,3606,3606,0010010000000
68,0000001000100,0.654316379,3606,3606,0010001000000
132,0000010000100,0.654736351,3607,3607,0010000100000
248,0000011111000,0.654736351,3607,3607,0001111100000
7940,1111100000100,0.655576295,3609,3609,0010000011111
8056,1111101111000,0.655576295,3609,3609,0001111011111
8120,1111110111000,0.655996267,3610,3610,0001110111111
8152,1111111011000,0.655996267,3610,3610,0001101111111
3844,0111100000100,0.656416239,3611,3611,0010000011110
3960,0111101111000,0.656416239,3611,3611,0001111011110
4024,0111110111000,0.656836211,3612,3612,0001110111110
4056,0111111011000,0.656836211,3612,3612,0001101111110
5892,1011100000100,0.657256183,3613,3613,0010000011101
6008,1011101111000,0.657256183,3613,3613,0001111011101
6072,1011110111000,0.657676155,3614,3614,0001110111101
6104,1011111011000,0.657676155,3614,3614,0001101111101
1796,0011100000100,0.658096127,3615,3615,0010000011100
1912,0011101111000,0.658096127,3615,3615,0001111011100
1976,0011110111000,0.658516099,3616,3616,0001110111100
2008,0011111011000,0.658516099,3616,3616,0001101111100
6916,1101100000100,0.658936071,3617,3617,0010000011011
7032,1101101111000,0.658936071,3617,3617,0001111011011
7096,1101110111000,0.659356043,3618,3618,0001110111011
7128,1101111011000,0.659356043,3618,3618,0001101111011
2820,0101100000100,0.659776015,3619,3619,0010000011010
2936,0101101111000,0.659776015,3619,3619,0001111011010
3000,0101110111000,0.660195987,3620,3620,0001110111010
3032,0101111011000,0.660195987,3620,3620,0001101111010
4868,1001100000100,0.660615959,3621,3621,0010000011001
4984,1001101111000,0.660615959,3621,3621,0001111011001
5048,1001110111000,0.661035931,3622,3622,0001110111001
5080,1001111011000,0.661035931,3622,3622,0001101111001
772,0001100000100,0.661455903,3623,3623,0010000011000
888,0001101111000,0.661455903,3623,3623,0001111011000
952,0001110111000,0.661875875,3624,3624,0001110111000
984,0001111011000,0.661875875,3624,3624,0001101111000
7428,1110100000100,0.662295847,3625,3625,0010000010111
7544,1110101111000,0.662295847,3625,3625,0001111010111
7608,1110110111000,0.662715819,3626,3626,0001110110111
7640,1110111011000,0.662715819,3626,3626,0001101110111
3332,0110100000100,0.663135791,3627,3627,0010000010110
3448,0110101111000,0.663135791,3627,3627,0001111010110
3512,0110110111000,0.663555763,3628,3628,0001110110110
3544,0110111011000,0.663555763,3628,3628,0001101110110
5380,1010100000100,0.663975735,3629,3629,0010000010101
5496,1010101111000,0.663975735,3629,3629,0001111010101
5560,1010110111000,0.664395707,3630,3630,0001110110101
5592,1010111011000,0.664395707,3630,3630,0001101110101
1284,0010100000100,0.664815679,3631,3631,0010000010100
1400,0010101111000,0.664815679,3631,3631,0001111010100
1464,0010110111000,0.665235651,3632,3632,0001110110100
1496,0010111011000,0.665235651,3632,3632,0001101110100
6404,1100100000100,0.665655623,3633,3633,0010000010011
6520,1100101111000,0.665655623,3633,3633,0001111010011
6584,1100110111000,0.666075595,3634,3634,0001110110011
6616,1100111011000,0.666075595,3634,3634,0001101110011
2308,0100100000100,0.666495567,3635,3635,0010000010010
2424,0100101111000,0.666495567,3635,3635,0001111010010
2488,0100110111000,0.666915539,3636,3636,0001110110010
2520,0100111011000,0.666915539,3636,3636,0001101110010
4356,1000100000100,0.667335511,3637,3637,0010000010001
4472,1000101111000,0.667335511,3637,3637,0001111010001
4536,1000110111000,0.667755483,3638,3638,0001110110001
4568,1000111011000,0.667755483,3638,3638,0001101110001
260,0000100000100,0.668175455,3639,3639,0010000010000
376,0000101111000,0.668175455,3639,3639,0001111010000
440,0000110111000,0.668595427,3640,3640,0001110110000
472,0000111011000,0.668595427,3640,3640,0001101110000
7684,1111000000100,0.669015399,3641,3641,0010000001111
7800,1111001111000,0.669015399,3641,3641,0001111001111
7864,1111010111000,0.669435371,3642,3642,0001110101111
7896,1111011011000,0.669435371,3642,3642,0001101101111
3588,0111000000100,0.669855343,3643,3643,0010000001110
3704,0111001111000,0.669855343,3643,3643,0001111001110
3768,0111010111000,0.670275315,3644,3644,0001110101110
3800,0111011011000,0.670275315,3644,3644,0001101101110
5636,1011000000100,0.670695287,3645,3645,0010000001101
5752,1011001111000,0.670695287,3645,3645,0001111001101
5816,1011010111000,0.671115259,3646,3646,0001110101101
5848,1011011011000,0.671115259,3646,3646,0001101101101
1540,0011000000100,0.671535231,3647,3647,0010000001100
1656,0011001111000,0.671535231,3647,3647,0001111001100
1720,0011010111000,0.671955203,3648,3648,0001110101100
1752,0011011011000,0.671955203,3648,3648,0001101101100
6660,1101000000100,0.672375175,3649,3649,0010000001011
6776,1101001111000,0.672375175,3649,3649,0001111001011
6840,1101010111000,0.672795147,3650,3650,0001110101011
6872,1101011011000,0.672795147,3650,3650,0001101101011
2564,0101000000100,0.673215119,3651,3651,0010000001010
2680,0101001111000,0.673215119,3651,3651,0001111001010
2744,0101010111000,0.673635091,3652,3652,0001110101010
2776,0101011011000,0.673635091,3652,3652,0001101101010
4612,1001000000100,0.674055063,3653,3653,0010000001001
4728,1001001111000,0.674055063,3653,3653,0001111001001
4792,1001010111000,0.674475035,3654,3654,0001110101001
4824,1001011011000,0.674475035,3654,3654,0001101101001
516,0001000000100,0.674895007,3655,3655,0010000001000
632,0001001111000,0.674895007,3655,3655,0001111001000
696,0001010111000,0.675314979,3656,3656,0001110101000
728,0001011011000,0.675314979,3656,3656,0001101101000
7172,1110000000100,0.675734951,3657,3657,0010000000111
7288,1110001111000,0.675734951,3657,3657,0001111000111
7352,1110010111000,0.676154923,3658,3658,0001110100111
7384,1110011011000,0.676154923,3658,3658,0001101100111
3076,0110000000100,0.676574895,3659,3659,0010000000110
3192,0110001111000,0.676574895,3659,3659,0001111000110
3256,0110010111000,0.676994867,3660,3660,0001110100110
3288,0110011011000,0.676994867,3660,3660,0001101100110
5124,1010000000100,0.677414839,3661,3661,0010000000101
5240,1010001111000,0.677414839,3661,3661,0001111000101
5304,1010010111000,0.677834811,3662,3662,0001110100101
5336,1010011011000,0.677834811,3662,3662,0001101100101
1028,0010000000100,0.678254783,3663,3663,0010000000100
1144,0010001111000,0.678254783,3663,3663,0001111000100
1208,0010010111000,0.678674755,3664,3664,0001110100100
1240,0010011011000,0.678674755,3664,3664,0001101100100
6148,1100000000100,0.679094727,3665,3665,0010000000011
6264,1100001111000,0.679094727,3665,3665,0001111000011
6328,1100010111000,0.679514699,3666,3666,0001110100011
6360,1100011011000,0.679514699,3666,3666,0001101100011
2052,0100000000100,0.679934671,3667,3667,0010000000010
2168,0100001111000,0.679934671,3667,3667,0001111000010
2232,0100010111000,0.680354643,3668,3668,0001110100010
2264,0100011011000,0.680354643,3668,3668,0001101100010
4100,1000000000100,0.680774615,3669,3669,0010000000001
4216,1000001111000,0.680774615,3669,3669,0001111000001
4280,1000010111000,0.681194587,3670,3670,0001110100001
4312,1000011011000,0.681194587,3670,3670,0001101100001
4,0000000000100,0.681614559,3671,3671,0010000000000
120,0000001111000,0.681614559,3671,3671,0001111000000
184,0000010111000,0.682034531,3672,3672,0001110100000
216,0000011011000,0.682034531,3672,3672,0001101100000
7992,1111100111000,0.682874475,3674,3674,0001110011111
8024,1111101011000,0.682874475,3674,3674,0001101011111
8088,1111110011000,0.683294447,3675,3675,0001100111111
8168,1111111101000,0.683294447,3675,3675,0001011111111
3896,0111100111000,0.683714419,3676,3676,0001110011110
3928,0111101011000,0.683714419,3676,3676,0001101011110
3992,0111110011000,0.684134391,3677,3677,0001100111110
4072,0111111101000,0.684134391,3677,3677,0001011111110
5944,1011100111000,0.684554363,3678,3678,0001110011101
5976,1011101011000,0.684554363,3678,3678,0001101011101
6040,1011110011000,0.684974335,3679,3679,0001100111101
6120,1011111101000,0.684974335,3679,3679,0001011111101
1848,0011100111000,0.685394307,3680,3680,0001110011100
1880,0011101011000,0.685394307,3680,3680,0001101011100
1944,0011110011000,0.685814279,3681,3681,0001100111100
2024,0011111101000,0.685814279,3681,3681,0001011111100
6968,1101100111000,0.686234251,3682,3682,0001110011011
7000,1101101011000,0.686234251,3682,3682,0001101011011
7064,1101110011000,0.686654223,3683,3683,0001100111011
7144,1101111101000,0.686654223,3683,3683,0001011111011
2872,0101100111000,0.687074195,3684,3684,0001110011010
2904,0101101011000,0.687074195,3684,3684,0001101011010
2968,0101110011000,0.687494167,3685,3685,0001100111010
3048,0101111101000,0.687494167,3685,3685,0001011111010
4920,1001100111000,0.687914139,3686,3686,0001110011001
4952,1001101011000,0.687914139,3686,3686,0001101011001
5016,1001110011000,0.688334111,3687,3687,0001100111001
5096,1001111101000,0.688334111,3687,3687,0001011111001
824,0001100111000,0.688754083,3688,3688,0001110011000
856,0001101011000,0.688754083,3688,3688,0001101011000
920,0001110011000,0.689174055,3689,3689,0001100111000
1000,0001111101000,0.689174055,3689,3689,0001011111000
7480,1110100111000,0.689594027,3690,3690,0001110010111
7512,1110101011000,0.689594027,3690,3690,0001101010111
7576,1110110011000,0.690013999,3691,3691,0001100110111
7656,1110111101000,0.690013999,3691,3691,0001011110111
3384,0110100111000,0.690433971,3692,3692,0001110010110
3416,0110101011000,0.690433971,3692,3692,0001101010110
3480,0110110011000,0.690853943,3693,3693,0001100110110
3560,0110111101000,0.690853943,3693,3693,0001011110110
5432,1010100111000,0.691273915,3694,3694,0001110010101
5464,1010101011000,0.691273915,3694,3694,0001101010101
5528,1010110011000,0.691693887,3695,3695,0001100110101
5608,1010111101000,0.691693887,3695,3695,0001011110101
1336,0010100111000,0.692113859,3696,3696,0001110010100
1368,0010101011000,0.692113859,3696,3696,0001101010100
1432,0010110011000,0.692533831,3697,3697,0001100110100
1512,0010111101000,0.692533831,3697,3697,0001011110100
6456,1100100111000,0.692953803,3698,3698,0001110010011
6488,1100101011000,0.692953803,3698,3698,0001101010011
6552,1100110011000,0.693373775,3699,3699,0001100110011
6632,1100111101000,0.693373775,3699,3699,0001011110011
2360,0100100111000,0.693793747,3700,3700,0001110010010
2392,0100101011000,0.693793747,3700,3700,0001101010010
2456,0100110011000,0.694213719,3701,3701,0001100110010
2536,0100111101000,0.694213719,3701,3701,0001011110010
4408,1000100111000,0.694633691,3702,3702,0001110010001
4440,1000101011000,0.694633691,3702,3702,0001101010001
4504,1000110011000,0.695053663,3703,3703,0001100110001
4584,1000111101000,0.695053663,3703,3703,0001011110001
312,0000100111000,0.695473635,3704,3704,0001110010000
344,0000101011000,0.695473635,3704,3704,0001101010000
408,0000110011000,0.695893607,3705,3705,0001100110000
488,0000111101000,0.695893607,3705,3705,0001011110000
7736,1111000111000,0.696313579,3706,3706,0001110001111
7768,1111001011000,0.696313579,3706,3706,0001101001111
7832,1111010011000,0.696733551,3707,3707,0001100101111
7912,1111011101000,0.696733551,3707,3707,0001011101111
3640,0111000111000,0.697153523,3708,3708,0001110001110
3672,0111001011000,0.697153523,3708,3708,0001101001110
3736,0111010011000,0.697573495,3709,3709,0001100101110
3816,0111011101000,0.697573495,3709,3709,0001011101110
5688,1011000111000,0.697993467,3710,3710,0001110001101
5720,1011001011000,0.697993467,3710,3710,0001101001101
5784,1011010011000,0.698413439,3711,3711,0001100101101
5864,1011011101000,0.698413439,3711,3711,0001011101101
1592,0011000111000,0.698833411,3712,3712,0001110001100
1624,0011001011000,0.698833411,3712,3712,0001101001100
1688,0011010011000,0.699253383,3713,3713,0001100101100
1768,0011011101000,0.699253383,3713,3713,0001011101100
6712,1101000111000,0.699673355,3714,3714,0001110001011
6744,1101001011000,0.699673355,3714,3714,0001101001011
6808,1101010011000,0.700093327,3715,3715,0001100101011
6888,1101011101000,0.700093327,3715,3715,0001011101011
2616,0101000111000,0.700513299,3716,3716,0001110001010
2648,0101001011000,0.700513299,3716,3716,0001101001010
2712,0101010011000,0.700933271,3717,3717,0001100101010
2792,0101011101000,0.700933271,3717,3717,0001011101010
4664,1001000111000,0.701353243,3718,3718,0001110001001
4696,1001001011000,0.701353243,3718,3718,0001101001001
4760,1001010011000,0.701773215,3719,3719,0001100101001
4840,1001011101000,0.701773215,3719,3719,0001011101001
568,0001000111000,0.702193187,3720,3720,0001110001000
600,0001001011000,0.702193187,3720,3720,0001101001000
664,0001010011000,0.702613159,3721,3721,0001100101000
744,0001011101000,0.702613159,3721,3721,0001011101000
7224,1110000111000,0.703033131,3722,3722,0001110000111
7256,1110001011000,0.703033131,3722,3722,0001101000111
7320,1110010011000,0.703453103,3723,3723,0001100100111
7400,1110011101000,0.703453103,3723,3723,0001011100111
3128,0110000111000,0.703873075,3724,3724,0001110000110
3160,0110001011000,0.703873075,3724,3724,0001101000110
3224,0110010011000,0.704293047,3725,3725,0001100100110
3304,0110011101000,0.704293047,3725,3725,0001011100110
5176,1010000111000,0.704713019,3726,3726,0001110000101
5208,1010001011000,0.704713019,3726,3726,0001101000101
5272,1010010011000,0.705132991,3727,3727,0001100100101
5352,1010011101000,0.705132991,3727,3727,0001011100101
1080,0010000111000,0.705552963,3728,3728,0001110000100
1112,0010001011000,0.705552963,3728,3728,0001101000100
1176,0010010011000,0.705972935,3729,3729,0001100100100
1256,0010011101000,0.705972935,3729,3729,0001011100100
6200,1100000111000,0.706392907,3730,3730,0001110000011
6232,1100001011000,0.706392907,3730,3730,0001101000011
6296,1100010011000,0.706812879,3731,3731,0001100100011
6376,1100011101000,0.706812879,3731,3731,0001011100011
2104,0100000111000,0.707232851,3732,3732,0001110000010
2136,0100001011000,0.707232851,3732,3732,0001101000010
2200,0100010011000,0.707652823,3733,3733,0001100100010
2280,0100011101000,0.707652823,3733,3733,0001011100010
4152,1000000111000,0.708072795,3734,3734,0001110000001
4184,1000001011000,0.708072795,3734,3734,0001101000001
4248,1000010011000,0.708492767,3735,3735,0001100100001
4328,1000011101000,0.708492767,3735,3735,0001011100001
56,0000000111000,0.708912739,3736,3736,0001110000000
88,0000001011000,0.708912739,3736,3736,0001101000000
152,0000010011000,0.709332711,3737,3737,0001100100000
232,0000011101000,0.709332711,3737,3737,0001011100000
7960,1111100011000,0.710172655,3739,3739,0001100011111
8040,1111101101000,0.710172655,3739,3739,0001011011111
8104,1111110101000,0.710592627,3740,3740,0001010111111
8136,1111111001000,0.710592627,3740,3740,0001001111111
3864,0111100011000,0.711012599,3741,3741,0001100011110
3944,0111101101000,0.711012599,3741,3741,0001011011110
4008,0111110101000,0.711432571,3742,3742,0001010111110
4040,0111111001000,0.711432571,3742,3742,0001001111110
5912,1011100011000,0.711852543,3743,3743,0001100011101
5992,1011101101000,0.711852543,3743,3743,0001011011101
6056,1011110101000,0.712272515,3744,3744,0001010111101
6088,1011111001000,0.712272515,3744,3744,0001001111101
1816,0011100011000,0.712692487,3745,3745,0001100011100
1896,0011101101000,0.712692487,3745,3745,0001011011100
1960,0011110101000,0.713112459,3746,3746,0001010111100
1992,0011111001000,0.713112459,3746,3746,0001001111100
6936,1101100011000,0.713532431,3747,3747,0001100011011
7016,1101101101000,0.713532431,3747,3747,0001011011011
7080,1101110101000,0.713952403,3748,3748,0001010111011
7112,1101111001000,0.713952403,3748,3748,0001001111011
2840,0101100011000,0.714372375,3749,3749,0001100011010
2920,0101101101000,0.714372375,3749,3749,0001011011010
2984,0101110101000,0.714792347,3750,3750,0001010111010
3016,0101111001000,0.714792347,3750,3750,0001001111010
4888,1001100011000,0.715212319,3751,3751,0001100011001
4968,1001101101000,0.715212319,3751,3751,0001011011001
5032,1001110101000,0.715632291,3752,3752,0001010111001
5064,1001111001000,0.715632291,3752,3752,0001001111001
792,0001100011000,0.716052263,3753,3753,0001100011000
872,0001101101000,0.716052263,3753,3753,0001011011000
936,0001110101000,0.716472235,3754,3754,0001010111000
968,0001111001000,0.716472235,3754,3754,0001001111000
7448,1110100011000,0.716892207,3755,3755,0001100010111
7528,1110101101000,0.716892207,3755,3755,0001011010111
7592,1110110101000,0.717312179,3756,3756,0001010110111
7624,1110111001000,0.717312179,3756,3756,0001001110111
3352,0110100011000,0.717732151,3757,3757,0001100010110
3432,0110101101000,0.717732151,3757,3757,0001011010110
3496,0110110101000,0.718152123,3758,3758,0001010110110
3528,0110111001000,0.718152123,3758,3758,0001001110110
5400,1010100011000,0.718572095,3759,3759,0001100010101
5480,1010101101000,0.718572095,3759,3759,0001011010101
5544,1010110101000,0.718992067,3760,3760,0001010110101
5576,1010111001000,0.718992067,3760,3760,0001001110101
1304,0010100011000,0.719412039,3761,3761,0001100010100
1384,0010101101000,0.719412039,3761,3761,0001011010100
1448,0010110101000,0.719832011,3762,3762,0001010110100
1480,0010111001000,0.719832011,3762,3762,0001001110100
6424,1100100011000,0.720251983,3763,3763,0001100010011
6504,1100101101000,0.720251983,3763,3763,0001011010011
6568,1100110101000,0.720671955,3764,3764,0001010110011
6600,1100111001000,0.720671955,3764,3764,0001001110011
2328,0100100011000,0.721091927,3765,3765,0001100010010
2408,0100101101000,0.721091927,3765,3765,0001011010010
2472,0100110101000,0.721511899,3766,3766,0001010110010
2504,0100111001000,0.721511899,3766,3766,0001001110010
4376,1000100011000,0.721931871,3767,3767,0001100010001
4456,1000101101000,0.721931871,3767,3767,0001011010001
4520,1000110101000,0.722351843,3768,3768,0001010110001
4552,1000111001000,0.722351843,3768,3768,0001001110001
280,0000100011000,0.722771815,3769,3769,0001100010000
360,0000101101000,0.722771815,3769,3769,0001011010000
424,0000110101000,0.723191787,3770,3770,0001010110000
456,0000111001000,0.723191787,3770,3770,0001001110000
7704,1111000011000,0.723611759,3771,3771,0001100001111
7784,1111001101000,0.723611759,3771,3771,0001011001111
7848,1111010101000,0.724031731,3772,3772,0001010101111
7880,1111011001000,0.724031731,3772,3772,0001001101111
3608,0111000011000,0.724451703,3773,3773,0001100001110
3688,0111001101000,0.724451703,3773,3773,0001011001110
3752,0111010101000,0.724871675,3774,3774,0001010101110
3784,0111011001000,0.724871675,3774,3774,0001001101110
5656,1011000011000,0.725291647,3775,3775,0001100001101
5736,1011001101000,0.725291647,3775,3775,0001011001101
5800,1011010101000,0.725711619,3776,3776,0001010101101
5832,1011011001000,0.725711619,3776,3776,0001001101101
1560,0011000011000,0.726131591,3777,3777,0001100001100
1640,0011001101000,0.726131591,3777,3777,0001011001100
1704,0011010101000,0.726551563,3778,3778,0001010101100
1736,0011011001000,0.726551563,3778,3778,0001001101100
6680,1101000011000,0.726971535,3779,3779,0001100001011
6760,1101001101000,0.726971535,3779,3779,0001011001011
6824,1101010101000,0.727391507,3780,3780,0001010101011
6856,1101011001000,0.727391507,3780,3780,0001001101011
2584,0101000011000,0.727811479,3781,3781,0001100001010
2664,0101001101000,0.727811479,3781,3781,0001011001010
2728,0101010101000,0.728231451,3782,3782,0001010101010
2760,0101011001000,0.728231451,3782,3782,0001001101010
4632,1001000011000,0.728651423,3783,3783,0001100001001
4712,1001001101000,0.728651423,3783,3783,0001011001001
4776,1001010101000,0.729071395,3784,3784,0001010101001
4808,1001011001000,0.729071395,3784,3784,0001001101001
536,0001000011000,0.729491367,3785,3785,0001100001000
616,0001001101000,0.729491367,3785,3785,0001011001000
680,0001010101000,0.729911339,3786,3786,0001010101000
712,0001011001000,0.729911339,3786,3786,0001001101000
7192,1110000011000,0.730331311,3787,3787,0001100000111
7272,1110001101000,0.730331311,3787,3787,0001011000111
7336,1110010101000,0.730751283,3788,3788,0001010100111
7368,1110011001000,0.730751283,3788,3788,0001001100111
3096,0110000011000,0.731171255,3789,3789,0001100000110
3176,0110001101000,0.731171255,3789,3789,0001011000110
3240,0110010101000,0.731591227,3790,3790,0001010100110
3272,0110011001000,0.731591227,3790,3790,0001001100110
5144,1010000011000,0.732011199,3791,3791,0001100000101
5224,1010001101000,0.732011199,3791,3791,0001011000101
5288,1010010101000,0.732431171,3792,3792,0001010100101
5320,1010011001000,0.732431171,3792,3792,0001001100101
1048,0010000011000,0.732851143,3793,3793,0001100000100
1128,0010001101000,0.732851143,3793,3793,0001011000100
1192,0010010101000,0.733271115,3794,3794,0001010100100
1224,0010011001000,0.733271115,3794,3794,0001001100100
6168,1100000011000,0.733691087,3795,3795,0001100000011
6248,1100001101000,0.733691087,3795,3795,0001011000011
6312,1100010101000,0.734111059,3796,3796,0001010100011
6344,1100011001000,0.734111059,3796,3796,0001001100011
2072,0100000011000,0.734531031,3797,3797,0001100000010
2152,0100001101000,0.734531031,3797,3797,0001011000010
2216,0100010101000,0.734951003,3798,3798,0001010100010
2248,0100011001000,0.734951003,3798,3798,0001001100010
4120,1000000011000,0.735370975,3799,3799,0001100000001
4200,1000001101000,0.735370975,3799,3799,0001011000001
4264,1000010101000,0.735790947,3800,3800,0001010100001
4296,1000011001000,0.735790947,3800,3800,0001001100001
24,0000000011000,0.736210919,3801,3801,0001100000000
104,0000001101000,0.736210919,3801,3801,0001011000000
168,0000010101000,0.736630891,3802,3802,0001010100000
200,0000011001000,0.736630891,3802,3802,0001001100000
7976,1111100101000,0.737470835,3804,3804,0001010011111
8008,1111101001000,0.737470835,3804,3804,0001001011111
8072,1111110001000,0.737890807,3805,3805,0001000111111
8176,1111111110000,0.737890807,3805,3805,0000111111111
3880,0111100101000,0.738310779,3806,3806,0001010011110
3912,0111101001000,0.738310779,3806,3806,0001001011110
3976,0111110001000,0.738730751,3807,3807,0001000111110
4080,0111111110000,0.738730751,3807,3807,0000111111110
5928,1011100101000,0.739150723,3808,3808,0001010011101
5960,1011101001000,0.739150723,3808,3808,0001001011101
6024,1011110001000,0.739570695,3809,3809,0001000111101
6128,1011111110000,0.739570695,3809,3809,0000111111101
1832,0011100101000,0.739990667,3810,3810,0001010011100
1864,0011101001000,0.739990667,3810,3810,0001001011100
1928,0011110001000,0.740410639,3811,3811,0001000111100
2032,0011111110000,0.740410639,3811,3811,0000111111100
6952,1101100101000,0.740830611,3812,3812,0001010011011
6984,1101101001000,0.740830611,3812,3812,0001001011011
7048,1101110001000,0.741250583,3813,3813,0001000111011
7152,1101111110000,0.741250583,3813,3813,0000111111011
2856,0101100101000,0.741670555,3814,3814,0001010011010
2888,0101101001000,0.741670555,3814,3814,0001001011010
2952,0101110001000,0.742090527,3815,3815,0001000111010
3056,0101111110000,0.742090527,3815,3815,0000111111010
4904,1001100101000,0.742510499,3816,3816,0001010011001
4936,1001101001000,0.742510499,3816,3816,0001001011001
5000,1001110001000,0.742930471,3817,3817,0001000111001
5104,1001111110000,0.742930471,3817,3817,0000111111001
808,0001100101000,0.743350443,3818,3818,0001010011000
840,0001101001000,0.743350443,3818,3818,0001001011000
904,0001110001000,0.743770415,3819,3819,0001000111000
1008,0001111110000,0.743770415,3819,3819,0000111111000
7464,1110100101000,0.744190387,3820,3820,0001010010111
7496,1110101001000,0.744190387,3820,3820,0001001010111
7560,1110110001000,0.744610359,3821,3821,0001000110111
7664,1110111110000,0.744610359,3821,3821,0000111110111
3368,0110100101000,0.745030331,3822,3822,0001010010110
3400,0110101001000,0.745030331,3822,3822,0001001010110
3464,0110110001000,0.745450303,3823,3823,0001000110110
3568,0110111110000,0.745450303,3823,3823,0000111110110
5416,1010100101000,0.745870275,3824,3824,0001010010101
5448,1010101001000,0.745870275,3824,3824,0001001010101
5512,1010110001000,0.746290247,3825,3825,0001000110101
5616,1010111110000,0.746290247,3825,3825,0000111110101
1320,0010100101000,0.746710219,3826,3826,0001010010100
1352,0010101001000,0.746710219,3826,3826,0001001010100
1416,0010110001000,0.747130191,3827,3827,0001000110100
1520,0010111110000,0.747130191,3827,3827,0000111110100
6440,1100100101000,0.747550163,3828,3828,0001010010011
6472,1100101001000,0.747550163,3828,3828,0001001010011
6536,1100110001000,0.747970135,3829,3829,0001000110011
6640,1100111110000,0.747970135,3829,3829,0000111110011
2344,0100100101000,0.748390107,3830,3830,0001010010010
2376,0100101001000,0.748390107,3830,3830,0001001010010
2440,0100110001000,0.748810079,3831,3831,0001000110010
2544,0100111110000,0.748810079,3831,3831,0000111110010
4392,1000100101000,0.749230051,3832,3832,0001010010001
4424,1000101001000,0.749230051,3832,3832,0001001010001
4488,1000110001000,0.749650023,3833,3833,0001000110001
4592,1000111110000,0.749650023,3833,3833,0000111110001
296,0000100101000,0.750069995,3834,3834,0001010010000
328,0000101001000,0.750069995,3834,3834,0001001010000
392,0000110001000,0.750489967,3835,3835,0001000110000
496,0000111110000,0.750489967,3835,3835,0000111110000
7720,1111000101000,0.750909939,3836,3836,0001010001111
7752,1111001001000,0.750909939,3836,3836,0001001001111
7816,1111010001000,0.751329911,3837,3837,0001000101111
7920,1111011110000,0.751329911,3837,3837,0000111101111
3624,0111000101000,0.751749883,3838,3838,0001010001110
3656,0111001001000,0.751749883,3838,3838,0001001001110
3720,0111010001000,0.752169855,3839,3839,0001000101110
3824,0111011110000,0.752169855,3839,3839,0000111101110
5672,1011000101000,0.752589827,3840,3840,0001010001101
5704,1011001001000,0.752589827,3840,3840,0001001001101
5768,1011010001000,0.753009799,3841,3841,0001000101101
5872,1011011110000,0.753009799,3841,3841,0000111101101
1576,0011000101000,0.753429771,3842,3842,0001010001100
1608,0011001001000,0.753429771,3842,3842,0001001001100
1672,0011010001000,0.753849743,3843,3843,0001000101100
1776,0011011110000,0.753849743,3843,3843,0000111101100
6696,1101000101000,0.754269715,3844,3844,0001010001011
6728,1101001001000,0.754269715,3844,3844,0001001001011
6792,1101010001000,0.754689687,3845,3845,0001000101011
6896,1101011110000,0.754689687,3845,3845,0000111101011
2600,0101000101000,0.755109659,3846,3846,0001010001010
2632,0101001001000,0.755109659,3846,3846,0001001001010
2696,0101010001000,0.755529631,3847,3847,0001000101010
2800,0101011110000,0.755529631,3847,3847,0000111101010
4648,1001000101000,0.755949603,3848,3848,0001010001001
4680,1001001001000,0.755949603,3848,3848,0001001001001
4744,1001010001000,0.756369575,3849,3849,0001000101001
4848,1001011110000,0.756369575,3849,3849,0000111101001
552,0001000101000,0.756789547,3850,3850,0001010001000
584,0001001001000,0.756789547,3850,3850,0001001001000
648,0001010001000,0.757209519,3851,3851,0001000101000
752,0001011110000,0.757209519,3851,3851,0000111101000
7208,1110000101000,0.757629491,3852,3852,0001010000111
7240,1110001001000,0.757629491,3852,3852,0001001000111
7304,1110010001000,0.758049463,3853,3853,0001000100111
7408,1110011110000,0.758049463,3853,3853,0000111100111
3112,0110000101000,0.758469435,3854,3854,0001010000110
3144,0110001001000,0.758469435,3854,3854,0001001000110
3208,0110010001000,0.758889407,3855,3855,0001000100110
3312,0110011110000,0.758889407,3855,3855,0000111100110
5160,1010000101000,0.759309379,3856,3856,0001010000101
5192,1010001001000,0.759309379,3856,3856,0001001000101
5256,1010010001000,0.759729351,3857,3857,0001000100101
5360,1010011110000,0.759729351,3857,3857,0000111100101
1064,0010000101000,0.760149323,3858,3858,0001010000100
1096,0010001001000,0.760149323,3858,3858,0001001000100
1160,0010010001000,0.760569295,3859,3859,0001000100100
1264,0010011110000,0.760569295,3859,3859,0000111100100
6184,1100000101000,0.760989267,3860,3860,0001010000011
6216,1100001001000,0.760989267,3860,3860,0001001000011
6280,1100010001000,0.761409239,3861,3861,0001000100011
6384,1100011110000,0.761409239,3861,3861,0000111100011
2088,0100000101000,0.761829211,3862,3862,0001010000010
2120,0100001001000,0.761829211,3862,3862,0001001000010
2184,0100010001000,0.762249183,3863,3863,0001000100010
2288,0100011110000,0.762249183,3863,3863,0000111100010
4136,1000000101000,0.762669155,3864,3864,0001010000001
4168,1000001001000,0.762669155,3864,3864,0001001000001
4232,1000010001000,0.763089127,3865,3865,0001000100001
4336,1000011110000,0.763089127,3865,3865,0000111100001
40,0000000101000,0.763509099,3866,3866,0001010000000
72,0000001001000,0.763509099,3866,3866,0001001000000
136,0000010001000,0.763929071,3867,3867,0001000100000
240,0000011110000,0.763929071,3867,3867,0000111100000
7944,1111100001000,0.764769015,3869,3869,0001000011111
8048,1111101110000,0.764769015,3869,3869,0000111011111
8112,1111110110000,0.765188987,3870,3870,0000110111111
8144,1111111010000,0.765188987,3870,3870,0000101111111
3848,0111100001000,0.765608959,3871,3871,0001000011110
3952,0111101110000,0.765608959,3871,3871,0000111011110
4016,0111110110000,0.766028931,3872,3872,0000110111110
4048,0111111010000,0.766028931,3872,3872,0000101111110
5896,1011100001000,0.766448903,3873,3873,0001000011101
6000,1011101110000,0.766448903,3873,3873,0000111011101
6064,1011110110000,0.766868875,3874,3874,0000110111101
6096,1011111010000,0.766868875,3874,3874,0000101111101
1800,0011100001000,0.767288847,3875,3875,0001000011100
1904,0011101110000,0.767288847,3875,3875,0000111011100
1968,0011110110000,0.767708819,3876,3876,0000110111100
2000,0011111010000,0.767708819,3876,3876,0000101111100
6920,1101100001000,0.768128791,3877,3877,0001000011011
7024,1101101110000,0.768128791,3877,3877,0000111011011
7088,1101110110000,0.768548763,3878,3878,0000110111011
7120,1101111010000,0.768548763,3878,3878,0000101111011
2824,0101100001000,0.768968735,3879,3879,0001000011010
2928,0101101110000,0.768968735,3879,3879,0000111011010
2992,0101110110000,0.769388707,3880,3880,0000110111010
3024,0101111010000,0.769388707,3880,3880,0000101111010
4872,1001100001000,0.769808679,3881,3881,0001000011001
4976,1001101110000,0.769808679,3881,3881,0000111011001
5040,1001110110000,0.770228651,3882,3882,0000110111001
5072,1001111010000,0.770228651,3882,3882,0000101111001
776,0001100001000,0.770648623,3883,3883,0001000011000
880,0001101110000,0.770648623,3883,3883,0000111011000
944,0001110110000,0.771068595,3884,3884,0000110111000
976,0001111010000,0.771068595,3884,3884,0000101111000
7432,1110100001000,0.771488567,3885,3885,0001000010111
7536,1110101110000,0.771488567,3885,3885,0000111010111
7600,1110110110000,0.771908539,3886,3886,0000110110111
7632,1110111010000,0.771908539,3886,3886,0000101110111
3336,0110100001000,0.772328511,3887,3887,0001000010110
3440,0110101110000,0.772328511,3887,3887,0000111010110
3504,0110110110000,0.772748483,3888,3888,0000110110110
3536,0110111010000,0.772748483,3888,3888,0000101110110
5384,1010100001000,0.773168455,3889,3889,0001000010101
5488,1010101110000,0.773168455,3889,3889,0000111010101
5552,1010110110000,0.773588427,3890,3890,0000110110101
5584,1010111010000,0.773588427,3890,3890,0000101110101
1288,0010100001000,0.774008399,3891,3891,0001000010100
1392,0010101110000,0.774008399,3891,3891,0000111010100
1456,0010110110000,0.774428371,3892,3892,0000110110100
1488,0010111010000,0.774428371,3892,3892,0000101110100
6408,1100100001000,0.774848343,3893,3893,0001000010011
6512,1100101110000,0.774848343,3893,3893,0000111010011
6576,1100110110000,0.775268315,3894,3894,0000110110011
6608,1100111010000,0.775268315,3894,3894,0000101110011
2312,0100100001000,0.775688287,3895,3895,0001000010010
2416,0100101110000,0.775688287,3895,3895,0000111010010
2480,0100110110000,0.776108259,3896,3896,0000110110010
2512,0100111010000,0.776108259,3896,3896,0000101110010
4360,1000100001000,0.776528231,3897,3897,0001000010001
4464,1000101110000,0.776528231,3897,3897,0000111010001
4528,1000110110000,0.776948203,3898,3898,0000110110001
4560,1000111010000,0.776948203,3898,3898,0000101110001
264,0000100001000,0.777368175,3899,3899,0001000010000
368,0000101110000,0.777368175,3899,3899,0000111010000
432,0000110110000,0.777788147,3900,3900,0000110110000
464,0000111010000,0.777788147,3900,3900,0000101110000
7688,1111000001000,0.778208119,3901,3901,0001000001111
7792,1111001110000,0.778208119,3901,3901,0000111001111
7856,1111010110000,0.778628091,3902,3902,0000110101111
7888,1111011010000,0.778628091,3902,3902,0000101101111
3592,0111000001000,0.779048063,3903,3903,0001000001110
3696,0111001110000,0.779048063,3903,3903,0000111001110
3760,0111010110000,0.779468035,3904,3904,0000110101110
3792,0111011010000,0.779468035,3904,3904,0000101101110
5640,1011000001000,0.779888007,3905,3905,0001000001101
5744,1011001110000,0.779888007,3905,3905,0000111001101
5808,1011010110000,0.780307979,3906,3906,0000110101101
5840,1011011010000,0.780307979,3906,3906,0000101101101
1544,0011000001000,0.780727951,3907,3907,0001000001100
1648,0011001110000,0.780727951,3907,3907,0000111001100
1712,0011010110000,0.781147923,3908,3908,0000110101100
1744,0011011010000,0.781147923,3908,3908,0000101101100
6664,1101000001000,0.781567895,3909,3909,0001000001011
6768,1101001110000,0.781567895,3909,3909,0000111001011
6832,1101010110000,0.781987867,3910,3910,0000110101011
6864,1101011010000,0.781987867,3910,3910,0000101101011
2568,0101000001000,0.782407839,3911,3911,0001000001010
2672,0101001110000,0.782407839,3911,3911,0000111001010
2736,0101010110000,0.782827811,3912,3912,0000110101010
2768,0101011010000,0.782827811,3912,3912,0000101101010
4616,1001000001000,0.783247783,3913,3913,0001000001001
4720,1001001110000,0.783247783,3913,3913,0000111001001
4784,1001010110000,0.783667755,3914,3914,0000110101001
4816,1001011010000,0.783667755,3914,3914,0000101101001
520,0001000001000,0.784087727,3915,3915,0001000001000
624,0001001110000,0.784087727,3915,3915,0000111001000
688,0001010110000,0.784507699,3916,3916,0000110101000
720,0001011010000,0.784507699,3916,3916,0000101101000
7176,1110000001000,0.784927671,3917,3917,0001000000111
7280,1110001110000,0.784927671,3917,3917,0000111000111
7344,1110010110000,0.785347643,3918,3918,0000110100111
7376,1110011010000,0.785347643,3918,3918,0000101100111
3080,0110000001000,0.785767615,3919,3919,0001000000110
3184,0110001110000,0.785767615,3919,3919,0000111000110
3248,0110010110000,0.786187587,3920,3920,0000110100110
3280,0110011010000,0.786187587,3920,3920,0000101100110
5128,1010000001000,0.786607559,3921,3921,0001000000101
5232,1010001110000,0.786607559,3921,3921,0000111000101
5296,1010010110000,0.787027531,3922,3922,0000110100101
5328,1010011010000,0.787027531,3922,3922,0000101100101
1032,0010000001000,0.787447503,3923,3923,0001000000100
1136,0010001110000,0.787447503,3923,3923,0000111000100
1200,0010010110000,0.787867476,3924,3924,0000110100100
1232,0010011010000,0.787867476,3924,3924,0000101100100
6152,1100000001000,0.788287448,3925,3925,0001000000011
6256,1100001110000,0.788287448,3925,3925,0000111000011
6320,1100010110000,0.788707420,3926,3926,0000110100011
6352,1100011010000,0.788707420,3926,3926,0000101100011
2056,0100000001000,0.789127392,3927,3927,0001000000010
2160,0100001110000,0.789127392,3927,3927,0000111000010
2224,0100010110000,0.789547364,3928,3928,0000110100010
2256,0100011010000,0.789547364,3928,3928,0000101100010
4104,1000000001000,0.789967336,3929,3929,0001000000001
4208,1000001110000,0.789967336,3929,3929,0000111000001
4272,1000010110000,0.790387308,3930,3930,0000110100001
4304,1000011010000,0.790387308,3930,3930,0000101100001
8,0000000001000,0.790807280,3931,3931,0001000000000
112,0000001110000,0.790807280,3931,3931,0000111000000
176,0000010110000,0.791227252,3932,3932,0000110100000
208,0000011010000,0.791227252,3932,3932,0000101100000
7984,1111100110000,0.792067196,3934,3934,0000110011111
8016,1111101010000,0.792067196,3934,3934,0000101011111
8080,1111110010000,0.792487168,3935,3935,0000100111111
8160,1111111100000,0.792487168,3935,3935,0000011111111
3888,0111100110000,0.792907140,3936,3936,0000110011110
3920,0111101010000,0.792907140,3936,3936,0000101011110
3984,0111110010000,0.793327112,3937,3937,0000100111110
4064,0111111100000,0.793327112,3937,3937,0000011111110
5936,1011100110000,0.793747084,3938,3938,0000110011101
5968,1011101010000,0.793747084,3938,3938,0000101011101
6032,1011110010000,0.794167056,3939,3939,0000100111101
6112,1011111100000,0.794167056,3939,3939,0000011111101
1840,0011100110000,0.794587028,3940,3940,0000110011100
1872,0011101010000,0.794587028,3940,3940,0000101011100
1936,0011110010000,0.795007000,3941,3941,0000100111100
2016,0011111100000,0.795007000,3941,3941,0000011111100
6960,1101100110000,0.795426972,3942,3942,0000110011011
6992,1101101010000,0.795426972,3942,3942,0000101011011
7056,1101110010000,0.795846944,3943,3943,0000100111011
7136,1101111100000,0.795846944,3943,3943,0000011111011
2864,0101100110000,0.796266916,3944,3944,0000110011010
2896,0101101010000,0.796266916,3944,3944,0000101011010
2960,0101110010000,0.796686888,3945,3945,0000100111010
3040,0101111100000,0.796686888,3945,3945,0000011111010
4912,1001100110000,0.797106860,3946,3946,0000110011001
4944,1001101010000,0.797106860,3946,3946,0000101011001
5008,1001110010000,0.797526832,3947,3947,0000100111001
5088,1001111100000,0.797526832,3947,3947,0000011111001
816,0001100110000,0.797946804,3948,3948,0000110011000
848,0001101010000,0.797946804,3948,3948,0000101011000
912,0001110010000,0.798366776,3949,3949,0000100111000
992,0001111100000,0.798366776,3949,3949,0000011111000
7472,1110100110000,0.798786748,3950,3950,0000110010111
7504,1110101010000,0.798786748,3950,3950,0000101010111
7568,1110110010000,0.799206720,3951,3951,0000100110111
7648,1110111100000,0.799206720,3951,3951,0000011110111
3376,0110100110000,0.799626692,3952,3952,0000110010110
3408,0110101010000,0.799626692,3952,3952,0000101010110
3472,0110110010000,0.800046664,3953,3953,0000100110110
3552,0110111100000,0.800046664,3953,3953,0000011110110
5424,1010100110000,0.800466636,3954,3954,0000110010101
5456,1010101010000,0.800466636,3954,3954,0000101010101
5520,1010110010000,0.800886608,3955,3955,0000100110101
5600,1010111100000,0.800886608,3955,3955,0000011110101
1328,0010100110000,0.801306580,3956,3956,0000110010100
1360,0010101010000,0.801306580,3956,3956,0000101010100
1424,0010110010000,0.801726552,3957,3957,0000100110100
1504,0010111100000,0.801726552,3957,3957,0000011110100
6448,1100100110000,0.802146524,3958,3958,0000110010011
6480,1100101010000,0.802146524,3958,3958,0000101010011
6544,1100110010000,0.802566496,3959,3959,0000100110011
6624,1100111100000,0.802566496,3959,3959,0000011110011
2352,0100100110000,0.802986468,3960,3960,0000110010010
2384,0100101010000,0.802986468,3960,3960,0000101010010
2448,0100110010000,0.803406440,3961,3961,0000100110010
2528,0100111100000,0.803406440,3961,3961,0000011110010
4400,1000100110000,0.803826412,3962,3962,0000110010001
4432,1000101010000,0.803826412,3962,3962,0000101010001
4496,1000110010000,0.804246384,3963,3963,0000100110001
4576,1000111100000,0.804246384,3963,3963,0000011110001
304,0000100110000,0.804666356,3964,3964,0000110010000
336,0000101010000,0.804666356,3964,3964,0000101010000
400,0000110010000,0.805086328,3965,3965,0000100110000
480,0000111100000,0.805086328,3965,3965,0000011110000
7728,1111000110000,0.805506300,3966,3966,0000110001111
7760,1111001010000,0.805506300,3966,3966,0000101001111
7824,1111010010000,0.805926272,3967,3967,0000100101111
7904,1111011100000,0.805926272,3967,3967,0000011101111
3632,0111000110000,0.806346244,3968,3968,0000110001110
3664,0111001010000,0.806346244,3968,3968,0000101001110
3728,0111010010000,0.806766216,3969,3969,0000100101110
3808,0111011100000,0.806766216,3969,3969,0000011101110
5680,1011000110000,0.807186188,3970,3970,0000110001101
5712,1011001010000,0.807186188,3970,3970,0000101001101
5776,1011010010000,0.807606160,3971,3971,0000100101101
5856,1011011100000,0.807606160,3971,3971,0000011101101
1584,0011000110000,0.808026132,3972,3972,0000110001100
1616,0011001010000,0.808026132,3972,3972,0000101001100
1680,0011010010000,0.808446104,3973,3973,0000100101100
1760,0011011100000,0.808446104,3973,3973,0000011101100
6704,1101000110000,0.808866076,3974,3974,0000110001011
6736,1101001010000,0.808866076,3974,3974,0000101001011
6800,1101010010000,0.809286048,3975,3975,0000100101011
6880,1101011100000,0.809286048,3975,3975,0000011101011
2608,0101000110000,0.809706020,3976,3976,0000110001010
2640,0101001010000,0.809706020,3976,3976,0000101001010
2704,0101010010000,0.810125992,3977,3977,0000100101010
2784,0101011100000,0.810125992,3977,3977,0000011101010
4656,1001000110000,0.810545964,3978,3978,0000110001001
4688,1001001010000,0.810545964,3978,3978,0000101001001
4752,1001010010000,0.810965936,3979,3979,0000100101001
4832,1001011100000,0.810965936,3979,3979,0000011101001
560,0001000110000,0.811385908,3980,3980,0000110001000
592,0001001010000,0.811385908,3980,3980,0000101001000
656,0001010010000,0.811805880,3981,3981,0000100101000
736,0001011100000,0.811805880,3981,3981,0000011101000
7216,1110000110000,0.812225852,3982,3982,0000110000111
7248,1110001010000,0.812225852,3982,3982,0000101000111
7312,1110010010000,0.812645824,3983,3983,0000100100111
7392,1110011100000,0.812645824,3983,3983,0000011100111
3120,0110000110000,0.813065796,3984,3984,0000110000110
3152,0110001010000,0.813065796,3984,3984,0000101000110
3216,0110010010000,0.813485768,3985,3985,0000100100110
3296,0110011100000,0.813485768,3985,3985,0000011100110
5168,1010000110000,0.813905740,3986,3986,0000110000101
5200,1010001010000,0.813905740,3986,3986,0000101000101
5264,1010010010000,0.814325712,3987,3987,0000100100101
5344,1010011100000,0.814325712,3987,3987,0000011100101
1072,0010000110000,0.814745684,3988,3988,0000110000100
1104,0010001010000,0.814745684,3988,3988,0000101000100
1168,0010010010000,0.815165656,3989,3989,0000100100100
1248,0010011100000,0.815165656,3989,3989,0000011100100
6192,1100000110000,0.815585628,3990,3990,0000110000011
6224,1100001010000,0.815585628,3990,3990,0000101000011
6288,1100010010000,0.816005600,3991,3991,0000100100011
6368,1100011100000,0.816005600,3991,3991,0000011100011
2096,0100000110000,0.816425572,3992,3992,0000110000010
2128,0100001010000,0.816425572,3992,3992,0000101000010
2192,0100010010000,0.816845544,3993,3993,0000100100010
2272,0100011100000,0.816845544,3993,3993,0000011100010
4144,1000000110000,0.817265516,3994,3994,0000110000001
4176,1000001010000,0.817265516,3994,3994,0000101000001
4240,1000010010000,0.817685488,3995,3995,0000100100001
4320,1000011100000,0.817685488,3995,3995,0000011100001
48,0000000110000,0.818105460,3996,3996,0000110000000
80,0000001010000,0.818105460,3996,3996,0000101000000
144,0000010010000,0.818525432,3997,3997,0000100100000
224,0000011100000,0.818525432,3997,3997,0000011100000
7952,1111100010000,0.819365376,3999,3999,0000100011111
8032,1111101100000,0.819365376,3999,3999,0000011011111
8096,1111110100000,0.819785348,4000,4000,0000010111111
8128,1111111000000,0.819785348,4000,4000,0000001111111
3856,0111100010000,0.820205320,4001,4001,0000100011110
3936,0111101100000,0.820205320,4001,4001,0000011011110
4000,0111110100000,0.820625292,4002,4002,0000010111110
4032,0111111000000,0.820625292,4002,4002,0000001111110
5904,1011100010000,0.821045264,4003,4003,0000100011101
5984,1011101100000,0.821045264,4003,4003,0000011011101
6048,1011110100000,0.821465236,4004,4004,0000010111101
6080,1011111000000,0.821465236,4004,4004,0000001111101
1808,0011100010000,0.821885208,4005,4005,0000100011100
1888,0011101100000,0.821885208,4005,4005,0000011011100
1952,0011110100000,0.822305180,4006,4006,0000010111100
1984,0011111000000,0.822305180,4006,4006,0000001111100
6928,1101100010000,0.822725152,4007,4007,0000100011011
7008,1101101100000,0.822725152,4007,4007,0000011011011
7072,1101110100000,0.823145124,4008,4008,0000010111011
7104,1101111000000,0.823145124,4008,4008,0000001111011
2832,0101100010000,0.823565096,4009,4009,0000100011010
2912,0101101100000,0.823565096,4009,4009,0000011011010
2976,0101110100000,0.823985068,4010,4010,0000010111010
3008,0101111000000,0.823985068,4010,4010,0000001111010
4880,1001100010000,0.824405040,4011,4011,0000100011001
4960,1001101100000,0.824405040,4011,4011,0000011011001
5024,1001110100000,0.824825012,4012,4012,0000010111001
5056,1001111000000,0.824825012,4012,4012,0000001111001
784,0001100010000,0.825244984,4013,4013,0000100011000
864,0001101100000,0.825244984,4013,4013,0000011011000
928,0001110100000,0.825664956,4014,4014,0000010111000
960,0001111000000,0.825664956,4014,4014,0000001111000
7440,1110100010000,0.826084928,4015,4015,0000100010111
7520,1110101100000,0.826084928,4015,4015,0000011010111
7584,1110110100000,0.826504900,4016,4016,0000010110111
7616,1110111000000,0.826504900,4016,4016,0000001110111
3344,0110100010000,0.826924872,4017,4017,0000100010110
3424,0110101100000,0.826924872,4017,4017,0000011010110
3488,0110110100000,0.827344844,4018,4018,0000010110110
3520,0110111000000,0.827344844,4018,4018,0000001110110
5392,1010100010000,0.827764816,4019,4019,0000100010101
5472,1010101100000,0.827764816,4019,4019,0000011010101
5536,1010110100000,0.828184788,4020,4020,0000010110101
5568,1010111000000,0.828184788,4020,4020,0000001110101
1296,0010100010000,0.828604760,4021,4021,0000100010100
1376,0010101100000,0.828604760,4021,4021,0000011010100
1440,0010110100000,0.829024732,4022,4022,0000010110100
1472,0010111000000,0.829024732,4022,4022,0000001110100
6416,1100100010000,0.829444704,4023,4023,0000100010011
6496,1100101100000,0.829444704,4023,4023,0000011010011
6560,1100110100000,0.829864676,4024,4024,0000010110011
6592,1100111000000,0.829864676,4024,4024,0000001110011
2320,0100100010000,0.830284648,4025,4025,0000100010010
2400,0100101100000,0.830284648,4025,4025,0000011010010
2464,0100110100000,0.830704620,4026,4026,0000010110010
2496,0100111000000,0.830704620,4026,4026,0000001110010
4368,1000100010000,0.831124592,4027,4027,0000100010001
4448,1000101100000,0.831124592,4027,4027,0000011010001
4512,1000110100000,0.831544564,4028,4028,0000010110001
4544,1000111000000,0.831544564,4028,4028,0000001110001
272,0000100010000,0.831964536,4029,4029,0000100010000
352,0000101100000,0.831964536,4029,4029,0000011010000
416,0000110100000,0.832384508,4030,4030,0000010110000
448,0000111000000,0.832384508,4030,4030,0000001110000
7696,1111000010000,0.832804480,4031,4031,0000100001111
7776,1111001100000,0.832804480,4031,4031,0000011001111
7840,1111010100000,0.833224452,4032,4032,0000010101111
7872,1111011000000,0.833224452,4032,4032,0000001101111
3600,0111000010000,0.833644424,4033,4033,0000100001110
3680,0111001100000,0.833644424,4033,4033,0000011001110
3744,0111010100000,0.834064396,4034,4034,0000010101110
3776,0111011000000,0.834064396,4034,4034,0000001101110
5648,1011000010000,0.834484368,4035,4035,0000100001101
5728,1011001100000,0.834484368,4035,4035,0000011001101
5792,1011010100000,0.834904340,4036,4036,0000010101101
5824,1011011000000,0.834904340,4036,4036,0000001101101
1552,0011000010000,0.835324312,4037,4037,0000100001100
1632,0011001100000,0.835324312,4037,4037,0000011001100
1696,0011010100000,0.835744284,4038,4038,0000010101100
1728,0011011000000,0.835744284,4038,4038,0000001101100
6672,1101000010000,0.836164256,4039,4039,0000100001011
6752,1101001100000,0.836164256,4039,4039,0000011001011
6816,1101010100000,0.836584228,4040,4040,0000010101011
6848,1101011000000,0.836584228,4040,4040,0000001101011
2576,0101000010000,0.837004200,4041,4041,0000100001010
2656,0101001100000,0.837004200,4041,4041,0000011001010
2720,0101010100000,0.837424172,4042,4042,0000010101010
2752,0101011000000,0.837424172,4042,4042,0000001101010
4624,1001000010000,0.837844144,4043,4043,0000100001001
4704,1001001100000,0.837844144,4043,4043,0000011001001
4768,1001010100000,0.838264116,4044,4044,0000010101001
4800,1001011000000,0.838264116,4044,4044,0000001101001
528,0001000010000,0.838684088,4045,4045,0000100001000
608,0001001100000,0.838684088,4045,4045,0000011001000
672,0001010100000,0.839104060,4046,4046,0000010101000
704,0001011000000,0.839104060,4046,4046,0000001101000
7184,1110000010000,0.839524032,4047,4047,0000100000111
7264,1110001100000,0.839524032,4047,4047,0000011000111
7328,1110010100000,0.839944004,4048,4048,0000010100111
7360,1110011000000,0.839944004,4048,4048,0000001100111
3088,0110000010000,0.840363976,4049,4049,0000100000110
3168,0110001100000,0.840363976,4049,4049,0000011000110
3232,0110010100000,0.840783948,4050,4050,0000010100110
3264,0110011000000,0.840783948,4050,4050,0000001100110
5136,1010000010000,0.841203920,4051,4051,0000100000101
5216,1010001100000,0.841203920,4051,4051,0000011000101
5280,1010010100000,0.841623892,4052,4052,0000010100101
5312,1010011000000,0.841623892,4052,4052,0000001100101
1040,0010000010000,0.842043864,4053,4053,0000100000100
1120,0010001100000,0.842043864,4053,4053,0000011000100
1184,0010010100000,0.842463836,4054,4054,0000010100100
1216,0010011000000,0.842463836,4054,4054,0000001100100
6160,1100000010000,0.842883808,4055,4055,0000100000011
6240,1100001100000,0.842883808,4055,4055,0000011000011
6304,1100010100000,0.843303780,4056,4056,0000010100011
6336,1100011000000,0.843303780,4056,4056,0000001100011
2064,0100000010000,0.843723752,4057,4057,0000100000010
2144,0100001100000,0.843723752,4057,4057,0000011000010
2208,0100010100000,0.844143724,4058,4058,0000010100010
2240,0100011000000,0.844143724,4058,4058,0000001100010
4112,1000000010000,0.844563696,4059,4059,0000100000001
4192,1000001100000,0.844563696,4059,4059,0000011000001
4256,1000010100000,0.844983668,4060,4060,0000010100001
4288,1000011000000,0.844983668,4060,4060,0000001100001
16,0000000010000,0.845403640,4061,4061,0000100000000
96,0000001100000,0.845403640,4061,4061,0000011000000
160,0000010100000,0.845823612,4062,4062,0000010100000
192,0000011000000,0.845823612,4062,4062,0000001100000
7968,1111100100000,0.846663556,4064,4064,0000010011111
8000,1111101000000,0.846663556,4064,4064,0000001011111
8064,1111110000000,0.847083528,4065,4065,0000000111111
3872,0111100100000,0.847503500,4066,4066,0000010011110
3904,0111101000000,0.847503500,4066,4066,0000001011110
3968,0111110000000,0.847923472,4067,4067,0000000111110
5920,1011100100000,0.848343444,4068,4068,0000010011101
5952,1011101000000,0.848343444,4068,4068,0000001011101
6016,1011110000000,0.848763416,4069,4069,0000000111101
1824,0011100100000,0.849183388,4070,4070,0000010011100
1856,0011101000000,0.849183388,4070,4070,0000001011100
1920,0011110000000,0.849603360,4071,4071,0000000111100
6944,1101100100000,0.850023332,4072,4072,0000010011011
6976,1101101000000,0.850023332,4072,4072,0000001011011
7040,1101110000000,0.850443304,4073,4073,0000000111011
2848,0101100100000,0.850863276,4074,4074,0000010011010
2880,0101101000000,0.850863276,4074,4074,0000001011010
2944,0101110000000,0.851283248,4075,4075,0000000111010
4896,1001100100000,0.851703220,4076,4076,0000010011001
4928,1001101000000,0.851703220,4076,4076,0000001011001
4992,1001110000000,0.852123192,4077,4077,0000000111001
800,0001100100000,0.852543164,4078,4078,0000010011000
832,0001101000000,0.852543164,4078,4078,0000001011000
896,0001110000000,0.852963136,4079,4079,0000000111000
7456,1110100100000,0.853383108,4080,4080,0000010010111
7488,1110101000000,0.853383108,4080,4080,0000001010111
7552,1110110000000,0.853803080,4081,4081,0000000110111
3360,0110100100000,0.854223052,4082,4082,0000010010110
3392,0110101000000,0.854223052,4082,4082,0000001010110
3456,0110110000000,0.854643024,4083,4083,0000000110110
5408,1010100100000,0.855062996,4084,4084,0000010010101
5440,1010101000000,0.855062996,4084,4084,0000001010101
5504,1010110000000,0.855482968,4085,4085,0000000110101
1312,0010100100000,0.855902940,4086,4086,0000010010100
1344,0010101000000,0.855902940,4086,4086,0000001010100
1408,0010110000000,0.856322912,4087,4087,0000000110100
6432,1100100100000,0.856742884,4088,4088,0000010010011
6464,1100101000000,0.856742884,4088,4088,0000001010011
6528,1100110000000,0.857162856,4089,4089,0000000110011
2336,0100100100000,0.857582828,4090,4090,0000010010010
2368,0100101000000,0.857582828,4090,4090,0000001010010
2432,0100110000000,0.858002800,4091,4091,0000000110010
4384,1000100100000,0.858422772,4092,4092,0000010010001
4416,1000101000000,0.858422772,4092,4092,0000001010001
4480,1000110000000,0.858842744,4093,4093,0000000110001
288,0000100100000,0.859262716,4094,4094,0000010010000
320,0000101000000,0.859262716,4094,4094,0000001010000
384,0000110000000,0.859682688,4095,4095,0000000110000
7712,1111000100000,0.860102660,4095,4095,0000010001111
7744,1111001000000,0.860102660,4095,4095,0000001001111
7808,1111010000000,0.860522632,4095,4095,0000000101111
3616,0111000100000,0.860942604,4095,4095,0000010001110
3648,0111001000000,0.860942604,4095,4095,0000001001110
3712,0111010000000,0.861362576,4095,4095,0000000101110
5664,1011000100000,0.861782548,4095,4095,0000010001101
5696,1011001000000,0.861782548,4095,4095,0000001001101
5760,1011010000000,0.862202520,4095,4095,0000000101101
1568,0011000100000,0.862622492,4095,4095,0000010001100
1600,0011001000000,0.862622492,4095,4095,0000001001100
1664,0011010000000,0.863042464,4095,4095,0000000101100
6688,1101000100000,0.863462436,4095,4095,0000010001011
6720,1101001000000,0.863462436,4095,4095,0000001001011
6784,1101010000000,0.863882408,4095,4095,0000000101011
2592,0101000100000,0.864302380,4095,4095,0000010001010
2624,0101001000000,0.864302380,4095,4095,0000001001010
2688,0101010000000,0.864722352,4095,4095,0000000101010
4640,1001000100000,0.865142324,4095,4095,0000010001001
4672,1001001000000,0.865142324,4095,4095,0000001001001
4736,1001010000000,0.865562296,4095,4095,0000000101001
544,0001000100000,0.865982268,4095,4095,0000010001000
576,0001001000000,0.865982268,4095,4095,0000001001000
640,0001010000000,0.866402240,4095,4095,0000000101000
7200,1110000100000,0.866822212,4095,4095,0000010000111
7232,1110001000000,0.866822212,4095,4095,0000001000111
7296,1110010000000,0.867242184,4095,4095,0000000100111
3104,0110000100000,0.867662156,4095,4095,0000010000110
3136,0110001000000,0.867662156,4095,4095,0000001000110
3200,0110010000000,0.868082128,4095,4095,0000000100110
5152,1010000100000,0.868502100,4095,4095,0000010000101
5184,1010001000000,0.868502100,4095,4095,0000001000101
5248,1010010000000,0.868922072,4095,4095,0000000100101
1056,0010000100000,0.869342044,4095,4095,0000010000100
1088,0010001000000,0.869342044,4095,4095,0000001000100
1152,0010010000000,0.869762016,4095,4095,0000000100100
6176,1100000100000,0.870181988,4095,4095,0000010000011
6208,1100001000000,0.870181988,4095,4095,0000001000011
6272,1100010000000,0.870601960,4095,4095,0000000100011
2080,0100000100000,0.871021932,4095,4095,0000010000010
2112,0100001000000,0.871021932,4095,4095,0000001000010
2176,0100010000000,0.871441904,4095,4095,0000000100010
4128,1000000100000,0.871861876,4095,4095,0000010000001
4160,1000001000000,0.871861876,4095,4095,0000001000001
4224,1000010000000,0.872281848,4095,4095,0000000100001
32,0000000100000,0.872701820,4095,4095,0000010000000
64,0000001000000,0.872701820,4095,4095,0000001000000
128,0000010000000,0.873121792,4095,4095,0000000100000
7936,1111100000000,0.873961736,4095,4095,0000000011111
3840,0111100000000,0.874801680,4095,4095,0000000011110
5888,1011100000000,0.875641624,4095,4095,0000000011101
1792,0011100000000,0.876481568,4095,4095,0000000011100
6912,1101100000000,0.877321512,4095,4095,0000000011011
2816,0101100000000,0.878161456,4095,4095,0000000011010
4864,1001100000000,0.879001400,4095,4095,0000000011001
768,0001100000000,0.879841344,4095,4095,0000000011000
7424,1110100000000,0.880681288,4095,4095,0000000010111
3328,0110100000000,0.881521232,4095,4095,0000000010110
5376,1010100000000,0.882361176,4095,4095,0000000010101
1280,0010100000000,0.883201120,4095,4095,0000000010100
6400,1100100000000,0.884041064,4095,4095,0000000010011
2304,0100100000000,0.884881008,4095,4095,0000000010010
4352,1000100000000,0.885720952,4095,4095,0000000010001
256,0000100000000,0.886560896,4095,4095,0000000010000
7680,1111000000000,0.887400840,4095,4095,0000000001111
3584,0111000000000,0.888240784,4095,4095,0000000001110
5632,1011000000000,0.889080728,4095,4095,0000000001101
1536,0011000000000,0.889920672,4095,4095,0000000001100
6656,1101000000000,0.890760616,4095,4095,0000000001011
2560,0101000000000,0.891600560,4095,4095,0000000001010
4608,1001000000000,0.892440504,4095,4095,0000000001001
512,0001000000000,0.893280448,4095,4095,0000000001000
7168,1110000000000,0.894120392,4095,4095,0000000000111
3072,0110000000000,0.894960336,4095,4095,0000000000110
5120,1010000000000,0.895800280,4095,4095,0000000000101
1024,0010000000000,0.896640224,4095,4095,0000000000100
6144,1100000000000,0.897480168,4095,4095,0000000000011
2048,0100000000000,0.898320112,4095,4095,0000000000010
4096,1000000000000,0.899160056,4095,4095,0000000000001
0,0000000000000,0.900000000,4095,4095,0000000000000
