Copyright 1986-2018 Xilinx, Inc. All Rights Reserved.
------------------------------------------------------------------------------------------------------------------------------------------------------------------------------------------------------------
| Tool Version : Vivado v.2018.3 (win64) Build 2405991 Thu Dec  6 23:38:27 MST 2018
| Date         : Sun Jul 26 06:54:26 2026
| Host         : REEDZHAO running 64-bit major release  (build 9200)
| Command      : report_timing_summary -delay_type min_max -max_paths 10 -report_unconstrained -file C:/Users/Administrator/Desktop/SAR_ADC_IDEAL_CAL_REPLACEMENT_V6_CLEAN/scripts/synth_timing_summary.rpt
| Design       : cal_top
| Device       : 7z020-clg400
| Speed File   : -1  PRODUCTION 1.11 2014-09-11
------------------------------------------------------------------------------------------------------------------------------------------------------------------------------------------------------------

Timing Summary Report

------------------------------------------------------------------------------------------------
| Timer Settings
| --------------
------------------------------------------------------------------------------------------------

  Enable Multi Corner Analysis               :  Yes
  Enable Pessimism Removal                   :  Yes
  Pessimism Removal Resolution               :  Nearest Common Node
  Enable Input Delay Default Clock           :  No
  Enable Preset / Clear Arcs                 :  No
  Disable Flight Delays                      :  No
  Ignore I/O Paths                           :  No
  Timing Early Launch at Borrowing Latches   :  false

  Corner  Analyze    Analyze
  Name    Max Paths  Min Paths
  ------  ---------  ---------
  Slow    Yes        Yes
  Fast    Yes        Yes



check_timing report

Table of Contents
-----------------
1. checking no_clock
2. checking constant_clock
3. checking pulse_width_clock
4. checking unconstrained_internal_endpoints
5. checking no_input_delay
6. checking no_output_delay
7. checking multiple_clock
8. checking generated_clocks
9. checking loops
10. checking partial_input_delay
11. checking partial_output_delay
12. checking latch_loops

1. checking no_clock
--------------------
 There are 0 register/latch pins with no clock.


2. checking constant_clock
--------------------------
 There are 0 register/latch pins with constant_clock.


3. checking pulse_width_clock
-----------------------------
 There are 0 register/latch pins which need pulse_width check


4. checking unconstrained_internal_endpoints
--------------------------------------------
 There are 0 pins that are not constrained for maximum delay.

 There are 0 pins that are not constrained for maximum delay due to constant clock.


5. checking no_input_delay
--------------------------
 There are 0 input ports with no input delay specified.

 There are 0 input ports with no input delay but user has a false path constraint.


6. checking no_output_delay
---------------------------
 There are 0 ports with no output delay specified.

 There are 0 ports with no output delay but user has a false path constraint

 There are 0 ports with no output delay but with a timing clock defined on it or propagating through it


7. checking multiple_clock
--------------------------
 There are 0 register/latch pins with multiple clocks.


8. checking generated_clocks
----------------------------
 There are 0 generated clocks that are not connected to a clock source.


9. checking loops
-----------------
 There are 0 combinational loops in the design.


10. checking partial_input_delay
--------------------------------
 There are 0 input ports with partial input delay specified.


11. checking partial_output_delay
---------------------------------
 There are 0 ports with partial output delay specified.


12. checking latch_loops
------------------------
 There are 0 combinational latch loops in the design through latch input



------------------------------------------------------------------------------------------------
| Design Timing Summary
| ---------------------
------------------------------------------------------------------------------------------------

    WNS(ns)      TNS(ns)  TNS Failing Endpoints  TNS Total Endpoints      WHS(ns)      THS(ns)  THS Failing Endpoints  THS Total Endpoints     WPWS(ns)     TPWS(ns)  TPWS Failing Endpoints  TPWS Total Endpoints
    -------      -------  ---------------------  -------------------      -------      -------  ---------------------  -------------------     --------     --------  ----------------------  --------------------
      0.298        0.000                      0                 2101       -0.147       -0.436                      4                 2101        4.500        0.000                       0                   596


Timing constraints are not met.


------------------------------------------------------------------------------------------------
| Clock Summary
| -------------
------------------------------------------------------------------------------------------------

Clock  Waveform(ns)       Period(ns)      Frequency(MHz)
-----  ------------       ----------      --------------
clk    {0.000 5.000}      10.000          100.000


------------------------------------------------------------------------------------------------
| Intra Clock Table
| -----------------
------------------------------------------------------------------------------------------------

Clock             WNS(ns)      TNS(ns)  TNS Failing Endpoints  TNS Total Endpoints      WHS(ns)      THS(ns)  THS Failing Endpoints  THS Total Endpoints     WPWS(ns)     TPWS(ns)  TPWS Failing Endpoints  TPWS Total Endpoints
-----             -------      -------  ---------------------  -------------------      -------      -------  ---------------------  -------------------     --------     --------  ----------------------  --------------------
clk                 0.298        0.000                      0                 1506       -0.147       -0.436                      4                 1506        4.500        0.000                       0                   596


------------------------------------------------------------------------------------------------
| Inter Clock Table
| -----------------
------------------------------------------------------------------------------------------------

From Clock    To Clock          WNS(ns)      TNS(ns)  TNS Failing Endpoints  TNS Total Endpoints      WHS(ns)      THS(ns)  THS Failing Endpoints  THS Total Endpoints
----------    --------          -------      -------  ---------------------  -------------------      -------      -------  ---------------------  -------------------


------------------------------------------------------------------------------------------------
| Other Path Groups Table
| -----------------------
------------------------------------------------------------------------------------------------

Path Group         From Clock         To Clock               WNS(ns)      TNS(ns)  TNS Failing Endpoints  TNS Total Endpoints      WHS(ns)      THS(ns)  THS Failing Endpoints  THS Total Endpoints
----------         ----------         --------               -------      -------  ---------------------  -------------------      -------      -------  ---------------------  -------------------
**async_default**  clk                clk                      6.724        0.000                      0                  595        0.352        0.000                      0                  595


------------------------------------------------------------------------------------------------
| User Ignored Path Table
| -----------------------
------------------------------------------------------------------------------------------------

Path Group    From Clock    To Clock
----------    ----------    --------


------------------------------------------------------------------------------------------------
| Unconstrained Path Table
| ------------------------
------------------------------------------------------------------------------------------------

Path Group    From Clock    To Clock
----------    ----------    --------


------------------------------------------------------------------------------------------------
| Timing Details
| --------------
------------------------------------------------------------------------------------------------


---------------------------------------------------------------------------------------------------
From Clock:  clk
  To Clock:  clk

Setup :            0  Failing Endpoints,  Worst Slack        0.298ns,  Total Violation        0.000ns
Hold  :            4  Failing Endpoints,  Worst Slack       -0.147ns,  Total Violation       -0.436ns
PW    :            0  Failing Endpoints,  Worst Slack        4.500ns,  Total Violation        0.000ns
---------------------------------------------------------------------------------------------------


Max Delay Paths
--------------------------------------------------------------------------------------
Slack (MET) :             0.298ns  (required time - arrival time)
  Source:                 u_cal_fsm/FSM_sequential_state_reg[0]/C
                            (rising edge-triggered cell FDPE clocked by clk  {rise@0.000ns fall@5.000ns period=10.000ns})
  Destination:            cal_done
                            (output port clocked by clk  {rise@0.000ns fall@5.000ns period=10.000ns})
  Path Group:             clk
  Path Type:              Max at Slow Process Corner
  Requirement:            10.000ns  (clk rise@10.000ns - clk rise@0.000ns)
  Data Path Delay:        5.010ns  (logic 3.407ns (68.011%)  route 1.603ns (31.989%))
  Logic Levels:           2  (LUT4=1 OBUF=1)
  Output Delay:           2.000ns
  Clock Path Skew:        -2.456ns (DCD - SCD + CPR)
    Destination Clock Delay (DCD):    0.000ns = ( 10.000 - 10.000 )
    Source Clock Delay      (SCD):    2.456ns
    Clock Pessimism Removal (CPR):    0.000ns
  Clock Uncertainty:      0.235ns  ((TSJ^2 + TIJ^2)^1/2 + DJ) / 2 + PE + UU
    Total System Jitter     (TSJ):    0.071ns
    Total Input Jitter      (TIJ):    0.000ns
    Discrete Jitter          (DJ):    0.000ns
    Phase Error              (PE):    0.000ns
    User Uncertainty         (UU):    0.200ns

    Location             Delay type                Incr(ns)  Path(ns)    Netlist Resource(s)
  -------------------------------------------------------------------    -------------------
                         (clock clk rise edge)        0.000     0.000 r
                                                      0.000     0.000 r  clk (IN)
                         net (fo=0)                   0.000     0.000    clk
                         IBUF (Prop_ibuf_I_O)         0.972     0.972 r  clk_IBUF_inst/O
                         net (fo=1, unplaced)         0.800     1.771    clk_IBUF
                         BUFG (Prop_bufg_I_O)         0.101     1.872 r  clk_IBUF_BUFG_inst/O
                         net (fo=595, unplaced)       0.584     2.456    u_cal_fsm/CLK
                         FDPE                                         r  u_cal_fsm/FSM_sequential_state_reg[0]/C
  -------------------------------------------------------------------    -------------------
                         FDPE (Prop_fdpe_C_Q)         0.478     2.934 r  u_cal_fsm/FSM_sequential_state_reg[0]/Q
                         net (fo=22, unplaced)        0.803     3.737    u_cal_fsm/state[0]
                         LUT4 (Prop_lut4_I1_O)        0.295     4.032 r  u_cal_fsm/cal_done_OBUF_inst_i_1/O
                         net (fo=1, unplaced)         0.800     4.832    cal_done_OBUF
                         OBUF (Prop_obuf_I_O)         2.634     7.467 r  cal_done_OBUF_inst/O
                         net (fo=0)                   0.000     7.467    cal_done
                                                                      r  cal_done (OUT)
  -------------------------------------------------------------------    -------------------

                         (clock clk rise edge)       10.000    10.000 r
                         clock pessimism              0.000    10.000
                         clock uncertainty           -0.235     9.765
                         output delay                -2.000     7.765
  -------------------------------------------------------------------
                         required time                          7.765
                         arrival time                          -7.467
  -------------------------------------------------------------------
                         slack                                  0.298

Slack (MET) :             1.221ns  (required time - arrival time)
  Source:                 u_cal_fsm/failure_latched_reg/C
                            (rising edge-triggered cell FDCE clocked by clk  {rise@0.000ns fall@5.000ns period=10.000ns})
  Destination:            cal_failed
                            (output port clocked by clk  {rise@0.000ns fall@5.000ns period=10.000ns})
  Path Group:             clk
  Path Type:              Max at Slow Process Corner
  Requirement:            10.000ns  (clk rise@10.000ns - clk rise@0.000ns)
  Data Path Delay:        4.087ns  (logic 3.287ns (80.434%)  route 0.800ns (19.566%))
  Logic Levels:           1  (OBUF=1)
  Output Delay:           2.000ns
  Clock Path Skew:        -2.456ns (DCD - SCD + CPR)
    Destination Clock Delay (DCD):    0.000ns = ( 10.000 - 10.000 )
    Source Clock Delay      (SCD):    2.456ns
    Clock Pessimism Removal (CPR):    0.000ns
  Clock Uncertainty:      0.235ns  ((TSJ^2 + TIJ^2)^1/2 + DJ) / 2 + PE + UU
    Total System Jitter     (TSJ):    0.071ns
    Total Input Jitter      (TIJ):    0.000ns
    Discrete Jitter          (DJ):    0.000ns
    Phase Error              (PE):    0.000ns
    User Uncertainty         (UU):    0.200ns

    Location             Delay type                Incr(ns)  Path(ns)    Netlist Resource(s)
  -------------------------------------------------------------------    -------------------
                         (clock clk rise edge)        0.000     0.000 r
                                                      0.000     0.000 r  clk (IN)
                         net (fo=0)                   0.000     0.000    clk
                         IBUF (Prop_ibuf_I_O)         0.972     0.972 r  clk_IBUF_inst/O
                         net (fo=1, unplaced)         0.800     1.771    clk_IBUF
                         BUFG (Prop_bufg_I_O)         0.101     1.872 r  clk_IBUF_BUFG_inst/O
                         net (fo=595, unplaced)       0.584     2.456    u_cal_fsm/CLK
                         FDCE                                         r  u_cal_fsm/failure_latched_reg/C
  -------------------------------------------------------------------    -------------------
                         FDCE (Prop_fdce_C_Q)         0.478     2.934 r  u_cal_fsm/failure_latched_reg/Q
                         net (fo=1, unplaced)         0.800     3.734    cal_failed_OBUF
                         OBUF (Prop_obuf_I_O)         2.809     6.544 r  cal_failed_OBUF_inst/O
                         net (fo=0)                   0.000     6.544    cal_failed
                                                                      r  cal_failed (OUT)
  -------------------------------------------------------------------    -------------------

                         (clock clk rise edge)       10.000    10.000 r
                         clock pessimism              0.000    10.000
                         clock uncertainty           -0.235     9.765
                         output delay                -2.000     7.765
  -------------------------------------------------------------------
                         required time                          7.765
                         arrival time                          -6.544
  -------------------------------------------------------------------
                         slack                                  1.221

Slack (MET) :             1.221ns  (required time - arrival time)
  Source:                 u_sar_subconv/sw_n_h_reg[0][0]/C
                            (rising edge-triggered cell FDPE clocked by clk  {rise@0.000ns fall@5.000ns period=10.000ns})
  Destination:            sw_n_h[0][0]
                            (output port clocked by clk  {rise@0.000ns fall@5.000ns period=10.000ns})
  Path Group:             clk
  Path Type:              Max at Slow Process Corner
  Requirement:            10.000ns  (clk rise@10.000ns - clk rise@0.000ns)
  Data Path Delay:        4.087ns  (logic 3.287ns (80.434%)  route 0.800ns (19.566%))
  Logic Levels:           1  (OBUF=1)
  Output Delay:           2.000ns
  Clock Path Skew:        -2.456ns (DCD - SCD + CPR)
    Destination Clock Delay (DCD):    0.000ns = ( 10.000 - 10.000 )
    Source Clock Delay      (SCD):    2.456ns
    Clock Pessimism Removal (CPR):    0.000ns
  Clock Uncertainty:      0.235ns  ((TSJ^2 + TIJ^2)^1/2 + DJ) / 2 + PE + UU
    Total System Jitter     (TSJ):    0.071ns
    Total Input Jitter      (TIJ):    0.000ns
    Discrete Jitter          (DJ):    0.000ns
    Phase Error              (PE):    0.000ns
    User Uncertainty         (UU):    0.200ns

    Location             Delay type                Incr(ns)  Path(ns)    Netlist Resource(s)
  -------------------------------------------------------------------    -------------------
                         (clock clk rise edge)        0.000     0.000 r
                                                      0.000     0.000 r  clk (IN)
                         net (fo=0)                   0.000     0.000    clk
                         IBUF (Prop_ibuf_I_O)         0.972     0.972 r  clk_IBUF_inst/O
                         net (fo=1, unplaced)         0.800     1.771    clk_IBUF
                         BUFG (Prop_bufg_I_O)         0.101     1.872 r  clk_IBUF_BUFG_inst/O
                         net (fo=595, unplaced)       0.584     2.456    u_sar_subconv/CLK
                         FDPE                                         r  u_sar_subconv/sw_n_h_reg[0][0]/C
  -------------------------------------------------------------------    -------------------
                         FDPE (Prop_fdpe_C_Q)         0.478     2.934 r  u_sar_subconv/sw_n_h_reg[0][0]/Q
                         net (fo=1, unplaced)         0.800     3.734    sw_n_h[0]_OBUF[0]
                         OBUF (Prop_obuf_I_O)         2.809     6.544 r  sw_n_h[0][0]_INST_0/O
                         net (fo=0)                   0.000     6.544    sw_n_h[0][0]
                                                                      r  sw_n_h[0][0] (OUT)
  -------------------------------------------------------------------    -------------------

                         (clock clk rise edge)       10.000    10.000 r
                         clock pessimism              0.000    10.000
                         clock uncertainty           -0.235     9.765
                         output delay                -2.000     7.765
  -------------------------------------------------------------------
                         required time                          7.765
                         arrival time                          -6.544
  -------------------------------------------------------------------
                         slack                                  1.221

Slack (MET) :             1.221ns  (required time - arrival time)
  Source:                 u_sar_subconv/sw_n_h_reg[0][1]/C
                            (rising edge-triggered cell FDCE clocked by clk  {rise@0.000ns fall@5.000ns period=10.000ns})
  Destination:            sw_n_h[0][1]
                            (output port clocked by clk  {rise@0.000ns fall@5.000ns period=10.000ns})
  Path Group:             clk
  Path Type:              Max at Slow Process Corner
  Requirement:            10.000ns  (clk rise@10.000ns - clk rise@0.000ns)
  Data Path Delay:        4.087ns  (logic 3.287ns (80.434%)  route 0.800ns (19.566%))
  Logic Levels:           1  (OBUF=1)
  Output Delay:           2.000ns
  Clock Path Skew:        -2.456ns (DCD - SCD + CPR)
    Destination Clock Delay (DCD):    0.000ns = ( 10.000 - 10.000 )
    Source Clock Delay      (SCD):    2.456ns
    Clock Pessimism Removal (CPR):    0.000ns
  Clock Uncertainty:      0.235ns  ((TSJ^2 + TIJ^2)^1/2 + DJ) / 2 + PE + UU
    Total System Jitter     (TSJ):    0.071ns
    Total Input Jitter      (TIJ):    0.000ns
    Discrete Jitter          (DJ):    0.000ns
    Phase Error              (PE):    0.000ns
    User Uncertainty         (UU):    0.200ns

    Location             Delay type                Incr(ns)  Path(ns)    Netlist Resource(s)
  -------------------------------------------------------------------    -------------------
                         (clock clk rise edge)        0.000     0.000 r
                                                      0.000     0.000 r  clk (IN)
                         net (fo=0)                   0.000     0.000    clk
                         IBUF (Prop_ibuf_I_O)         0.972     0.972 r  clk_IBUF_inst/O
                         net (fo=1, unplaced)         0.800     1.771    clk_IBUF
                         BUFG (Prop_bufg_I_O)         0.101     1.872 r  clk_IBUF_BUFG_inst/O
                         net (fo=595, unplaced)       0.584     2.456    u_sar_subconv/CLK
                         FDCE                                         r  u_sar_subconv/sw_n_h_reg[0][1]/C
  -------------------------------------------------------------------    -------------------
                         FDCE (Prop_fdce_C_Q)         0.478     2.934 r  u_sar_subconv/sw_n_h_reg[0][1]/Q
                         net (fo=1, unplaced)         0.800     3.734    sw_n_h[0]_OBUF[1]
                         OBUF (Prop_obuf_I_O)         2.809     6.544 r  sw_n_h[0][1]_INST_0/O
                         net (fo=0)                   0.000     6.544    sw_n_h[0][1]
                                                                      r  sw_n_h[0][1] (OUT)
  -------------------------------------------------------------------    -------------------

                         (clock clk rise edge)       10.000    10.000 r
                         clock pessimism              0.000    10.000
                         clock uncertainty           -0.235     9.765
                         output delay                -2.000     7.765
  -------------------------------------------------------------------
                         required time                          7.765
                         arrival time                          -6.544
  -------------------------------------------------------------------
                         slack                                  1.221

Slack (MET) :             1.221ns  (required time - arrival time)
  Source:                 u_sar_subconv/sw_n_h_reg[1][0]/C
                            (rising edge-triggered cell FDPE clocked by clk  {rise@0.000ns fall@5.000ns period=10.000ns})
  Destination:            sw_n_h[1][0]
                            (output port clocked by clk  {rise@0.000ns fall@5.000ns period=10.000ns})
  Path Group:             clk
  Path Type:              Max at Slow Process Corner
  Requirement:            10.000ns  (clk rise@10.000ns - clk rise@0.000ns)
  Data Path Delay:        4.087ns  (logic 3.287ns (80.434%)  route 0.800ns (19.566%))
  Logic Levels:           1  (OBUF=1)
  Output Delay:           2.000ns
  Clock Path Skew:        -2.456ns (DCD - SCD + CPR)
    Destination Clock Delay (DCD):    0.000ns = ( 10.000 - 10.000 )
    Source Clock Delay      (SCD):    2.456ns
    Clock Pessimism Removal (CPR):    0.000ns
  Clock Uncertainty:      0.235ns  ((TSJ^2 + TIJ^2)^1/2 + DJ) / 2 + PE + UU
    Total System Jitter     (TSJ):    0.071ns
    Total Input Jitter      (TIJ):    0.000ns
    Discrete Jitter          (DJ):    0.000ns
    Phase Error              (PE):    0.000ns
    User Uncertainty         (UU):    0.200ns

    Location             Delay type                Incr(ns)  Path(ns)    Netlist Resource(s)
  -------------------------------------------------------------------    -------------------
                         (clock clk rise edge)        0.000     0.000 r
                                                      0.000     0.000 r  clk (IN)
                         net (fo=0)                   0.000     0.000    clk
                         IBUF (Prop_ibuf_I_O)         0.972     0.972 r  clk_IBUF_inst/O
                         net (fo=1, unplaced)         0.800     1.771    clk_IBUF
                         BUFG (Prop_bufg_I_O)         0.101     1.872 r  clk_IBUF_BUFG_inst/O
                         net (fo=595, unplaced)       0.584     2.456    u_sar_subconv/CLK
                         FDPE                                         r  u_sar_subconv/sw_n_h_reg[1][0]/C
  -------------------------------------------------------------------    -------------------
                         FDPE (Prop_fdpe_C_Q)         0.478     2.934 r  u_sar_subconv/sw_n_h_reg[1][0]/Q
                         net (fo=1, unplaced)         0.800     3.734    sw_n_h[1]_OBUF[0]
                         OBUF (Prop_obuf_I_O)         2.809     6.544 r  sw_n_h[1][0]_INST_0/O
                         net (fo=0)                   0.000     6.544    sw_n_h[1][0]
                                                                      r  sw_n_h[1][0] (OUT)
  -------------------------------------------------------------------    -------------------

                         (clock clk rise edge)       10.000    10.000 r
                         clock pessimism              0.000    10.000
                         clock uncertainty           -0.235     9.765
                         output delay                -2.000     7.765
  -------------------------------------------------------------------
                         required time                          7.765
                         arrival time                          -6.544
  -------------------------------------------------------------------
                         slack                                  1.221

Slack (MET) :             1.221ns  (required time - arrival time)
  Source:                 u_sar_subconv/sw_n_h_reg[1][1]/C
                            (rising edge-triggered cell FDCE clocked by clk  {rise@0.000ns fall@5.000ns period=10.000ns})
  Destination:            sw_n_h[1][1]
                            (output port clocked by clk  {rise@0.000ns fall@5.000ns period=10.000ns})
  Path Group:             clk
  Path Type:              Max at Slow Process Corner
  Requirement:            10.000ns  (clk rise@10.000ns - clk rise@0.000ns)
  Data Path Delay:        4.087ns  (logic 3.287ns (80.434%)  route 0.800ns (19.566%))
  Logic Levels:           1  (OBUF=1)
  Output Delay:           2.000ns
  Clock Path Skew:        -2.456ns (DCD - SCD + CPR)
    Destination Clock Delay (DCD):    0.000ns = ( 10.000 - 10.000 )
    Source Clock Delay      (SCD):    2.456ns
    Clock Pessimism Removal (CPR):    0.000ns
  Clock Uncertainty:      0.235ns  ((TSJ^2 + TIJ^2)^1/2 + DJ) / 2 + PE + UU
    Total System Jitter     (TSJ):    0.071ns
    Total Input Jitter      (TIJ):    0.000ns
    Discrete Jitter          (DJ):    0.000ns
    Phase Error              (PE):    0.000ns
    User Uncertainty         (UU):    0.200ns

    Location             Delay type                Incr(ns)  Path(ns)    Netlist Resource(s)
  -------------------------------------------------------------------    -------------------
                         (clock clk rise edge)        0.000     0.000 r
                                                      0.000     0.000 r  clk (IN)
                         net (fo=0)                   0.000     0.000    clk
                         IBUF (Prop_ibuf_I_O)         0.972     0.972 r  clk_IBUF_inst/O
                         net (fo=1, unplaced)         0.800     1.771    clk_IBUF
                         BUFG (Prop_bufg_I_O)         0.101     1.872 r  clk_IBUF_BUFG_inst/O
                         net (fo=595, unplaced)       0.584     2.456    u_sar_subconv/CLK
                         FDCE                                         r  u_sar_subconv/sw_n_h_reg[1][1]/C
  -------------------------------------------------------------------    -------------------
                         FDCE (Prop_fdce_C_Q)         0.478     2.934 r  u_sar_subconv/sw_n_h_reg[1][1]/Q
                         net (fo=1, unplaced)         0.800     3.734    sw_n_h[1]_OBUF[1]
                         OBUF (Prop_obuf_I_O)         2.809     6.544 r  sw_n_h[1][1]_INST_0/O
                         net (fo=0)                   0.000     6.544    sw_n_h[1][1]
                                                                      r  sw_n_h[1][1] (OUT)
  -------------------------------------------------------------------    -------------------

                         (clock clk rise edge)       10.000    10.000 r
                         clock pessimism              0.000    10.000
                         clock uncertainty           -0.235     9.765
                         output delay                -2.000     7.765
  -------------------------------------------------------------------
                         required time                          7.765
                         arrival time                          -6.544
  -------------------------------------------------------------------
                         slack                                  1.221

Slack (MET) :             1.221ns  (required time - arrival time)
  Source:                 u_sar_subconv/sw_n_h_reg[2][0]/C
                            (rising edge-triggered cell FDPE clocked by clk  {rise@0.000ns fall@5.000ns period=10.000ns})
  Destination:            sw_n_h[2][0]
                            (output port clocked by clk  {rise@0.000ns fall@5.000ns period=10.000ns})
  Path Group:             clk
  Path Type:              Max at Slow Process Corner
  Requirement:            10.000ns  (clk rise@10.000ns - clk rise@0.000ns)
  Data Path Delay:        4.087ns  (logic 3.287ns (80.434%)  route 0.800ns (19.566%))
  Logic Levels:           1  (OBUF=1)
  Output Delay:           2.000ns
  Clock Path Skew:        -2.456ns (DCD - SCD + CPR)
    Destination Clock Delay (DCD):    0.000ns = ( 10.000 - 10.000 )
    Source Clock Delay      (SCD):    2.456ns
    Clock Pessimism Removal (CPR):    0.000ns
  Clock Uncertainty:      0.235ns  ((TSJ^2 + TIJ^2)^1/2 + DJ) / 2 + PE + UU
    Total System Jitter     (TSJ):    0.071ns
    Total Input Jitter      (TIJ):    0.000ns
    Discrete Jitter          (DJ):    0.000ns
    Phase Error              (PE):    0.000ns
    User Uncertainty         (UU):    0.200ns

    Location             Delay type                Incr(ns)  Path(ns)    Netlist Resource(s)
  -------------------------------------------------------------------    -------------------
                         (clock clk rise edge)        0.000     0.000 r
                                                      0.000     0.000 r  clk (IN)
                         net (fo=0)                   0.000     0.000    clk
                         IBUF (Prop_ibuf_I_O)         0.972     0.972 r  clk_IBUF_inst/O
                         net (fo=1, unplaced)         0.800     1.771    clk_IBUF
                         BUFG (Prop_bufg_I_O)         0.101     1.872 r  clk_IBUF_BUFG_inst/O
                         net (fo=595, unplaced)       0.584     2.456    u_sar_subconv/CLK
                         FDPE                                         r  u_sar_subconv/sw_n_h_reg[2][0]/C
  -------------------------------------------------------------------    -------------------
                         FDPE (Prop_fdpe_C_Q)         0.478     2.934 r  u_sar_subconv/sw_n_h_reg[2][0]/Q
                         net (fo=1, unplaced)         0.800     3.734    sw_n_h[2]_OBUF[0]
                         OBUF (Prop_obuf_I_O)         2.809     6.544 r  sw_n_h[2][0]_INST_0/O
                         net (fo=0)                   0.000     6.544    sw_n_h[2][0]
                                                                      r  sw_n_h[2][0] (OUT)
  -------------------------------------------------------------------    -------------------

                         (clock clk rise edge)       10.000    10.000 r
                         clock pessimism              0.000    10.000
                         clock uncertainty           -0.235     9.765
                         output delay                -2.000     7.765
  -------------------------------------------------------------------
                         required time                          7.765
                         arrival time                          -6.544
  -------------------------------------------------------------------
                         slack                                  1.221

Slack (MET) :             1.221ns  (required time - arrival time)
  Source:                 u_sar_subconv/sw_n_h_reg[2][1]/C
                            (rising edge-triggered cell FDCE clocked by clk  {rise@0.000ns fall@5.000ns period=10.000ns})
  Destination:            sw_n_h[2][1]
                            (output port clocked by clk  {rise@0.000ns fall@5.000ns period=10.000ns})
  Path Group:             clk
  Path Type:              Max at Slow Process Corner
  Requirement:            10.000ns  (clk rise@10.000ns - clk rise@0.000ns)
  Data Path Delay:        4.087ns  (logic 3.287ns (80.434%)  route 0.800ns (19.566%))
  Logic Levels:           1  (OBUF=1)
  Output Delay:           2.000ns
  Clock Path Skew:        -2.456ns (DCD - SCD + CPR)
    Destination Clock Delay (DCD):    0.000ns = ( 10.000 - 10.000 )
    Source Clock Delay      (SCD):    2.456ns
    Clock Pessimism Removal (CPR):    0.000ns
  Clock Uncertainty:      0.235ns  ((TSJ^2 + TIJ^2)^1/2 + DJ) / 2 + PE + UU
    Total System Jitter     (TSJ):    0.071ns
    Total Input Jitter      (TIJ):    0.000ns
    Discrete Jitter          (DJ):    0.000ns
    Phase Error              (PE):    0.000ns
    User Uncertainty         (UU):    0.200ns

    Location             Delay type                Incr(ns)  Path(ns)    Netlist Resource(s)
  -------------------------------------------------------------------    -------------------
                         (clock clk rise edge)        0.000     0.000 r
                                                      0.000     0.000 r  clk (IN)
                         net (fo=0)                   0.000     0.000    clk
                         IBUF (Prop_ibuf_I_O)         0.972     0.972 r  clk_IBUF_inst/O
                         net (fo=1, unplaced)         0.800     1.771    clk_IBUF
                         BUFG (Prop_bufg_I_O)         0.101     1.872 r  clk_IBUF_BUFG_inst/O
                         net (fo=595, unplaced)       0.584     2.456    u_sar_subconv/CLK
                         FDCE                                         r  u_sar_subconv/sw_n_h_reg[2][1]/C
  -------------------------------------------------------------------    -------------------
                         FDCE (Prop_fdce_C_Q)         0.478     2.934 r  u_sar_subconv/sw_n_h_reg[2][1]/Q
                         net (fo=1, unplaced)         0.800     3.734    sw_n_h[2]_OBUF[1]
                         OBUF (Prop_obuf_I_O)         2.809     6.544 r  sw_n_h[2][1]_INST_0/O
                         net (fo=0)                   0.000     6.544    sw_n_h[2][1]
                                                                      r  sw_n_h[2][1] (OUT)
  -------------------------------------------------------------------    -------------------

                         (clock clk rise edge)       10.000    10.000 r
                         clock pessimism              0.000    10.000
                         clock uncertainty           -0.235     9.765
                         output delay                -2.000     7.765
  -------------------------------------------------------------------
                         required time                          7.765
                         arrival time                          -6.544
  -------------------------------------------------------------------
                         slack                                  1.221

Slack (MET) :             1.221ns  (required time - arrival time)
  Source:                 u_sar_subconv/sw_n_h_reg[3][0]/C
                            (rising edge-triggered cell FDPE clocked by clk  {rise@0.000ns fall@5.000ns period=10.000ns})
  Destination:            sw_n_h[3][0]
                            (output port clocked by clk  {rise@0.000ns fall@5.000ns period=10.000ns})
  Path Group:             clk
  Path Type:              Max at Slow Process Corner
  Requirement:            10.000ns  (clk rise@10.000ns - clk rise@0.000ns)
  Data Path Delay:        4.087ns  (logic 3.287ns (80.434%)  route 0.800ns (19.566%))
  Logic Levels:           1  (OBUF=1)
  Output Delay:           2.000ns
  Clock Path Skew:        -2.456ns (DCD - SCD + CPR)
    Destination Clock Delay (DCD):    0.000ns = ( 10.000 - 10.000 )
    Source Clock Delay      (SCD):    2.456ns
    Clock Pessimism Removal (CPR):    0.000ns
  Clock Uncertainty:      0.235ns  ((TSJ^2 + TIJ^2)^1/2 + DJ) / 2 + PE + UU
    Total System Jitter     (TSJ):    0.071ns
    Total Input Jitter      (TIJ):    0.000ns
    Discrete Jitter          (DJ):    0.000ns
    Phase Error              (PE):    0.000ns
    User Uncertainty         (UU):    0.200ns

    Location             Delay type                Incr(ns)  Path(ns)    Netlist Resource(s)
  -------------------------------------------------------------------    -------------------
                         (clock clk rise edge)        0.000     0.000 r
                                                      0.000     0.000 r  clk (IN)
                         net (fo=0)                   0.000     0.000    clk
                         IBUF (Prop_ibuf_I_O)         0.972     0.972 r  clk_IBUF_inst/O
                         net (fo=1, unplaced)         0.800     1.771    clk_IBUF
                         BUFG (Prop_bufg_I_O)         0.101     1.872 r  clk_IBUF_BUFG_inst/O
                         net (fo=595, unplaced)       0.584     2.456    u_sar_subconv/CLK
                         FDPE                                         r  u_sar_subconv/sw_n_h_reg[3][0]/C
  -------------------------------------------------------------------    -------------------
                         FDPE (Prop_fdpe_C_Q)         0.478     2.934 r  u_sar_subconv/sw_n_h_reg[3][0]/Q
                         net (fo=1, unplaced)         0.800     3.734    sw_n_h[3]_OBUF[0]
                         OBUF (Prop_obuf_I_O)         2.809     6.544 r  sw_n_h[3][0]_INST_0/O
                         net (fo=0)                   0.000     6.544    sw_n_h[3][0]
                                                                      r  sw_n_h[3][0] (OUT)
  -------------------------------------------------------------------    -------------------

                         (clock clk rise edge)       10.000    10.000 r
                         clock pessimism              0.000    10.000
                         clock uncertainty           -0.235     9.765
                         output delay                -2.000     7.765
  -------------------------------------------------------------------
                         required time                          7.765
                         arrival time                          -6.544
  -------------------------------------------------------------------
                         slack                                  1.221

Slack (MET) :             1.221ns  (required time - arrival time)
  Source:                 u_sar_subconv/sw_n_h_reg[3][1]/C
                            (rising edge-triggered cell FDCE clocked by clk  {rise@0.000ns fall@5.000ns period=10.000ns})
  Destination:            sw_n_h[3][1]
                            (output port clocked by clk  {rise@0.000ns fall@5.000ns period=10.000ns})
  Path Group:             clk
  Path Type:              Max at Slow Process Corner
  Requirement:            10.000ns  (clk rise@10.000ns - clk rise@0.000ns)
  Data Path Delay:        4.087ns  (logic 3.287ns (80.434%)  route 0.800ns (19.566%))
  Logic Levels:           1  (OBUF=1)
  Output Delay:           2.000ns
  Clock Path Skew:        -2.456ns (DCD - SCD + CPR)
    Destination Clock Delay (DCD):    0.000ns = ( 10.000 - 10.000 )
    Source Clock Delay      (SCD):    2.456ns
    Clock Pessimism Removal (CPR):    0.000ns
  Clock Uncertainty:      0.235ns  ((TSJ^2 + TIJ^2)^1/2 + DJ) / 2 + PE + UU
    Total System Jitter     (TSJ):    0.071ns
    Total Input Jitter      (TIJ):    0.000ns
    Discrete Jitter          (DJ):    0.000ns
    Phase Error              (PE):    0.000ns
    User Uncertainty         (UU):    0.200ns

    Location             Delay type                Incr(ns)  Path(ns)    Netlist Resource(s)
  -------------------------------------------------------------------    -------------------
                         (clock clk rise edge)        0.000     0.000 r
                                                      0.000     0.000 r  clk (IN)
                         net (fo=0)                   0.000     0.000    clk
                         IBUF (Prop_ibuf_I_O)         0.972     0.972 r  clk_IBUF_inst/O
                         net (fo=1, unplaced)         0.800     1.771    clk_IBUF
                         BUFG (Prop_bufg_I_O)         0.101     1.872 r  clk_IBUF_BUFG_inst/O
                         net (fo=595, unplaced)       0.584     2.456    u_sar_subconv/CLK
                         FDCE                                         r  u_sar_subconv/sw_n_h_reg[3][1]/C
  -------------------------------------------------------------------    -------------------
                         FDCE (Prop_fdce_C_Q)         0.478     2.934 r  u_sar_subconv/sw_n_h_reg[3][1]/Q
                         net (fo=1, unplaced)         0.800     3.734    sw_n_h[3]_OBUF[1]
                         OBUF (Prop_obuf_I_O)         2.809     6.544 r  sw_n_h[3][1]_INST_0/O
                         net (fo=0)                   0.000     6.544    sw_n_h[3][1]
                                                                      r  sw_n_h[3][1] (OUT)
  -------------------------------------------------------------------    -------------------

                         (clock clk rise edge)       10.000    10.000 r
                         clock pessimism              0.000    10.000
                         clock uncertainty           -0.235     9.765
                         output delay                -2.000     7.765
  -------------------------------------------------------------------
                         required time                          7.765
                         arrival time                          -6.544
  -------------------------------------------------------------------
                         slack                                  1.221





Min Delay Paths
--------------------------------------------------------------------------------------
Slack (VIOLATED) :        -0.147ns  (arrival time - required time)
  Source:                 start
                            (input port clocked by clk  {rise@0.000ns fall@5.000ns period=10.000ns})
  Destination:            u_cal_fsm/tgt_idx_reg[0]/D
                            (rising edge-triggered cell FDCE clocked by clk  {rise@0.000ns fall@5.000ns period=10.000ns})
  Path Group:             clk
  Path Type:              Hold (Min at Slow Process Corner)
  Requirement:            0.000ns  (clk rise@0.000ns - clk rise@0.000ns)
  Data Path Delay:        2.234ns  (logic 1.031ns (46.144%)  route 1.203ns (53.856%))
  Logic Levels:           3  (IBUF=1 LUT3=1 LUT6=1)
  Input Delay:            0.500ns
  Clock Path Skew:        2.456ns (DCD - SCD - CPR)
    Destination Clock Delay (DCD):    2.456ns
    Source Clock Delay      (SCD):    0.000ns
    Clock Pessimism Removal (CPR):    -0.000ns
  Clock Uncertainty:      0.135ns  ((TSJ^2 + TIJ^2)^1/2 + DJ) / 2 + PE + UU
    Total System Jitter     (TSJ):    0.071ns
    Total Input Jitter      (TIJ):    0.000ns
    Discrete Jitter          (DJ):    0.000ns
    Phase Error              (PE):    0.000ns
    User Uncertainty         (UU):    0.100ns

    Location             Delay type                Incr(ns)  Path(ns)    Netlist Resource(s)
  -------------------------------------------------------------------    -------------------
                         (clock clk rise edge)        0.000     0.000 r
                         input delay                  0.500     0.500
                                                      0.000     0.500 r  start (IN)
                         net (fo=0)                   0.000     0.500    start
                         IBUF (Prop_ibuf_I_O)         0.838     1.338 r  start_IBUF_inst/O
                         net (fo=4, unplaced)         0.760     2.098    u_cal_fsm/start_IBUF
                         LUT6 (Prop_lut6_I2_O)        0.100     2.198 r  u_cal_fsm/tgt_idx[2]_i_2/O
                         net (fo=3, unplaced)         0.444     2.641    u_cal_fsm/tgt_idx[2]_i_2_n_0
                         LUT3 (Prop_lut3_I1_O)        0.093     2.734 r  u_cal_fsm/tgt_idx[0]_i_1/O
                         net (fo=1, unplaced)         0.000     2.734    u_cal_fsm/tgt_idx[0]_i_1_n_0
                         FDCE                                         r  u_cal_fsm/tgt_idx_reg[0]/D
  -------------------------------------------------------------------    -------------------

                         (clock clk rise edge)        0.000     0.000 r
                                                      0.000     0.000 r  clk (IN)
                         net (fo=0)                   0.000     0.000    clk
                         IBUF (Prop_ibuf_I_O)         0.972     0.972 r  clk_IBUF_inst/O
                         net (fo=1, unplaced)         0.800     1.771    clk_IBUF
                         BUFG (Prop_bufg_I_O)         0.101     1.872 r  clk_IBUF_BUFG_inst/O
                         net (fo=595, unplaced)       0.584     2.456    u_cal_fsm/CLK
                         FDCE                                         r  u_cal_fsm/tgt_idx_reg[0]/C
                         clock pessimism              0.000     2.456
                         clock uncertainty            0.135     2.592
                         FDCE (Hold_fdce_C_D)         0.290     2.882    u_cal_fsm/tgt_idx_reg[0]
  -------------------------------------------------------------------
                         required time                         -2.882
                         arrival time                           2.734
  -------------------------------------------------------------------
                         slack                                 -0.147

Slack (VIOLATED) :        -0.147ns  (arrival time - required time)
  Source:                 start
                            (input port clocked by clk  {rise@0.000ns fall@5.000ns period=10.000ns})
  Destination:            u_cal_fsm/tgt_idx_reg[2]/D
                            (rising edge-triggered cell FDCE clocked by clk  {rise@0.000ns fall@5.000ns period=10.000ns})
  Path Group:             clk
  Path Type:              Hold (Min at Slow Process Corner)
  Requirement:            0.000ns  (clk rise@0.000ns - clk rise@0.000ns)
  Data Path Delay:        2.234ns  (logic 1.031ns (46.144%)  route 1.203ns (53.856%))
  Logic Levels:           3  (IBUF=1 LUT5=1 LUT6=1)
  Input Delay:            0.500ns
  Clock Path Skew:        2.456ns (DCD - SCD - CPR)
    Destination Clock Delay (DCD):    2.456ns
    Source Clock Delay      (SCD):    0.000ns
    Clock Pessimism Removal (CPR):    -0.000ns
  Clock Uncertainty:      0.135ns  ((TSJ^2 + TIJ^2)^1/2 + DJ) / 2 + PE + UU
    Total System Jitter     (TSJ):    0.071ns
    Total Input Jitter      (TIJ):    0.000ns
    Discrete Jitter          (DJ):    0.000ns
    Phase Error              (PE):    0.000ns
    User Uncertainty         (UU):    0.100ns

    Location             Delay type                Incr(ns)  Path(ns)    Netlist Resource(s)
  -------------------------------------------------------------------    -------------------
                         (clock clk rise edge)        0.000     0.000 r
                         input delay                  0.500     0.500
                                                      0.000     0.500 r  start (IN)
                         net (fo=0)                   0.000     0.500    start
                         IBUF (Prop_ibuf_I_O)         0.838     1.338 r  start_IBUF_inst/O
                         net (fo=4, unplaced)         0.760     2.098    u_cal_fsm/start_IBUF
                         LUT6 (Prop_lut6_I2_O)        0.100     2.198 r  u_cal_fsm/tgt_idx[2]_i_2/O
                         net (fo=3, unplaced)         0.444     2.641    u_cal_fsm/tgt_idx[2]_i_2_n_0
                         LUT5 (Prop_lut5_I3_O)        0.093     2.734 r  u_cal_fsm/tgt_idx[2]_i_1/O
                         net (fo=1, unplaced)         0.000     2.734    u_cal_fsm/tgt_idx[2]_i_1_n_0
                         FDCE                                         r  u_cal_fsm/tgt_idx_reg[2]/D
  -------------------------------------------------------------------    -------------------

                         (clock clk rise edge)        0.000     0.000 r
                                                      0.000     0.000 r  clk (IN)
                         net (fo=0)                   0.000     0.000    clk
                         IBUF (Prop_ibuf_I_O)         0.972     0.972 r  clk_IBUF_inst/O
                         net (fo=1, unplaced)         0.800     1.771    clk_IBUF
                         BUFG (Prop_bufg_I_O)         0.101     1.872 r  clk_IBUF_BUFG_inst/O
                         net (fo=595, unplaced)       0.584     2.456    u_cal_fsm/CLK
                         FDCE                                         r  u_cal_fsm/tgt_idx_reg[2]/C
                         clock pessimism              0.000     2.456
                         clock uncertainty            0.135     2.592
                         FDCE (Hold_fdce_C_D)         0.290     2.882    u_cal_fsm/tgt_idx_reg[2]
  -------------------------------------------------------------------
                         required time                         -2.882
                         arrival time                           2.734
  -------------------------------------------------------------------
                         slack                                 -0.147

Slack (VIOLATED) :        -0.140ns  (arrival time - required time)
  Source:                 start
                            (input port clocked by clk  {rise@0.000ns fall@5.000ns period=10.000ns})
  Destination:            u_cal_fsm/tgt_idx_reg[1]/D
                            (rising edge-triggered cell FDCE clocked by clk  {rise@0.000ns fall@5.000ns period=10.000ns})
  Path Group:             clk
  Path Type:              Hold (Min at Slow Process Corner)
  Requirement:            0.000ns  (clk rise@0.000ns - clk rise@0.000ns)
  Data Path Delay:        2.241ns  (logic 1.038ns (46.312%)  route 1.203ns (53.688%))
  Logic Levels:           3  (IBUF=1 LUT4=1 LUT6=1)
  Input Delay:            0.500ns
  Clock Path Skew:        2.456ns (DCD - SCD - CPR)
    Destination Clock Delay (DCD):    2.456ns
    Source Clock Delay      (SCD):    0.000ns
    Clock Pessimism Removal (CPR):    -0.000ns
  Clock Uncertainty:      0.135ns  ((TSJ^2 + TIJ^2)^1/2 + DJ) / 2 + PE + UU
    Total System Jitter     (TSJ):    0.071ns
    Total Input Jitter      (TIJ):    0.000ns
    Discrete Jitter          (DJ):    0.000ns
    Phase Error              (PE):    0.000ns
    User Uncertainty         (UU):    0.100ns

    Location             Delay type                Incr(ns)  Path(ns)    Netlist Resource(s)
  -------------------------------------------------------------------    -------------------
                         (clock clk rise edge)        0.000     0.000 r
                         input delay                  0.500     0.500
                                                      0.000     0.500 r  start (IN)
                         net (fo=0)                   0.000     0.500    start
                         IBUF (Prop_ibuf_I_O)         0.838     1.338 r  start_IBUF_inst/O
                         net (fo=4, unplaced)         0.760     2.098    u_cal_fsm/start_IBUF
                         LUT6 (Prop_lut6_I2_O)        0.100     2.198 r  u_cal_fsm/tgt_idx[2]_i_2/O
                         net (fo=3, unplaced)         0.444     2.641    u_cal_fsm/tgt_idx[2]_i_2_n_0
                         LUT4 (Prop_lut4_I2_O)        0.100     2.741 r  u_cal_fsm/tgt_idx[1]_i_1/O
                         net (fo=1, unplaced)         0.000     2.741    u_cal_fsm/tgt_idx[1]_i_1_n_0
                         FDCE                                         r  u_cal_fsm/tgt_idx_reg[1]/D
  -------------------------------------------------------------------    -------------------

                         (clock clk rise edge)        0.000     0.000 r
                                                      0.000     0.000 r  clk (IN)
                         net (fo=0)                   0.000     0.000    clk
                         IBUF (Prop_ibuf_I_O)         0.972     0.972 r  clk_IBUF_inst/O
                         net (fo=1, unplaced)         0.800     1.771    clk_IBUF
                         BUFG (Prop_bufg_I_O)         0.101     1.872 r  clk_IBUF_BUFG_inst/O
                         net (fo=595, unplaced)       0.584     2.456    u_cal_fsm/CLK
                         FDCE                                         r  u_cal_fsm/tgt_idx_reg[1]/C
                         clock pessimism              0.000     2.456
                         clock uncertainty            0.135     2.592
                         FDCE (Hold_fdce_C_D)         0.290     2.882    u_cal_fsm/tgt_idx_reg[1]
  -------------------------------------------------------------------
                         required time                         -2.882
                         arrival time                           2.741
  -------------------------------------------------------------------
                         slack                                 -0.140

Slack (VIOLATED) :        -0.001ns  (arrival time - required time)
  Source:                 cmp_out
                            (input port clocked by clk  {rise@0.000ns fall@5.000ns period=10.000ns})
  Destination:            u_sar_subconv/accum_sum_reg[21]/D
                            (rising edge-triggered cell FDCE clocked by clk  {rise@0.000ns fall@5.000ns period=10.000ns})
  Path Group:             clk
  Path Type:              Hold (Min at Slow Process Corner)
  Requirement:            0.000ns  (clk rise@0.000ns - clk rise@0.000ns)
  Data Path Delay:        2.381ns  (logic 1.325ns (55.647%)  route 1.056ns (44.353%))
  Logic Levels:           3  (CARRY4=1 IBUF=1 LUT2=1)
  Input Delay:            0.500ns
  Clock Path Skew:        2.456ns (DCD - SCD - CPR)
    Destination Clock Delay (DCD):    2.456ns
    Source Clock Delay      (SCD):    0.000ns
    Clock Pessimism Removal (CPR):    -0.000ns
  Clock Uncertainty:      0.135ns  ((TSJ^2 + TIJ^2)^1/2 + DJ) / 2 + PE + UU
    Total System Jitter     (TSJ):    0.071ns
    Total Input Jitter      (TIJ):    0.000ns
    Discrete Jitter          (DJ):    0.000ns
    Phase Error              (PE):    0.000ns
    User Uncertainty         (UU):    0.100ns

    Location             Delay type                Incr(ns)  Path(ns)    Netlist Resource(s)
  -------------------------------------------------------------------    -------------------
                         (clock clk rise edge)        0.000     0.000 r
                         input delay                  0.500     0.500
                                                      0.000     0.500 r  cmp_out (IN)
                         net (fo=0)                   0.000     0.500    cmp_out
                         IBUF (Prop_ibuf_I_O)         0.838     1.338 r  cmp_out_IBUF_inst/O
                         net (fo=53, unplaced)        0.760     2.098    u_sar_subconv/cmp_out_IBUF
                         CARRY4 (Prop_carry4_DI[0]_O[1])
                                                      0.247     2.345 r  u_sar_subconv/accum_sum0_carry__4/O[1]
                         net (fo=1, unplaced)         0.296     2.641    u_sar_subconv/accum_sum[21]
                         LUT2 (Prop_lut2_I1_O)        0.240     2.881 r  u_sar_subconv/accum_sum[21]_i_1/O
                         net (fo=1, unplaced)         0.000     2.881    u_sar_subconv/p_1_in[21]
                         FDCE                                         r  u_sar_subconv/accum_sum_reg[21]/D
  -------------------------------------------------------------------    -------------------

                         (clock clk rise edge)        0.000     0.000 r
                                                      0.000     0.000 r  clk (IN)
                         net (fo=0)                   0.000     0.000    clk
                         IBUF (Prop_ibuf_I_O)         0.972     0.972 r  clk_IBUF_inst/O
                         net (fo=1, unplaced)         0.800     1.771    clk_IBUF
                         BUFG (Prop_bufg_I_O)         0.101     1.872 r  clk_IBUF_BUFG_inst/O
                         net (fo=595, unplaced)       0.584     2.456    u_sar_subconv/CLK
                         FDCE                                         r  u_sar_subconv/accum_sum_reg[21]/C
                         clock pessimism              0.000     2.456
                         clock uncertainty            0.135     2.592
                         FDCE (Hold_fdce_C_D)         0.290     2.882    u_sar_subconv/accum_sum_reg[21]
  -------------------------------------------------------------------
                         required time                         -2.882
                         arrival time                           2.881
  -------------------------------------------------------------------
                         slack                                 -0.001

Slack (MET) :             0.028ns  (arrival time - required time)
  Source:                 cmp_out
                            (input port clocked by clk  {rise@0.000ns fall@5.000ns period=10.000ns})
  Destination:            u_sar_subconv/accum_sum_reg[17]/D
                            (rising edge-triggered cell FDCE clocked by clk  {rise@0.000ns fall@5.000ns period=10.000ns})
  Path Group:             clk
  Path Type:              Hold (Min at Slow Process Corner)
  Requirement:            0.000ns  (clk rise@0.000ns - clk rise@0.000ns)
  Data Path Delay:        2.410ns  (logic 1.354ns (56.181%)  route 1.056ns (43.819%))
  Logic Levels:           4  (CARRY4=1 IBUF=1 LUT2=1 LUT5=1)
  Input Delay:            0.500ns
  Clock Path Skew:        2.456ns (DCD - SCD - CPR)
    Destination Clock Delay (DCD):    2.456ns
    Source Clock Delay      (SCD):    0.000ns
    Clock Pessimism Removal (CPR):    -0.000ns
  Clock Uncertainty:      0.135ns  ((TSJ^2 + TIJ^2)^1/2 + DJ) / 2 + PE + UU
    Total System Jitter     (TSJ):    0.071ns
    Total Input Jitter      (TIJ):    0.000ns
    Discrete Jitter          (DJ):    0.000ns
    Phase Error              (PE):    0.000ns
    User Uncertainty         (UU):    0.100ns

    Location             Delay type                Incr(ns)  Path(ns)    Netlist Resource(s)
  -------------------------------------------------------------------    -------------------
                         (clock clk rise edge)        0.000     0.000 r
                         input delay                  0.500     0.500
                                                      0.000     0.500 r  cmp_out (IN)
                         net (fo=0)                   0.000     0.500    cmp_out
                         IBUF (Prop_ibuf_I_O)         0.838     1.338 r  cmp_out_IBUF_inst/O
                         net (fo=53, unplaced)        0.760     2.098    u_sar_subconv/cmp_out_IBUF
                         LUT5 (Prop_lut5_I3_O)        0.100     2.198 r  u_sar_subconv/accum_sum0_carry__3_i_3/O
                         net (fo=1, unplaced)         0.000     2.198    u_sar_subconv/accum_sum0_carry__3_i_3_n_0
                         CARRY4 (Prop_carry4_S[1]_O[1])
                                                      0.176     2.374 r  u_sar_subconv/accum_sum0_carry__3/O[1]
                         net (fo=1, unplaced)         0.296     2.670    u_sar_subconv/accum_sum[17]
                         LUT2 (Prop_lut2_I1_O)        0.240     2.910 r  u_sar_subconv/accum_sum[17]_i_1/O
                         net (fo=1, unplaced)         0.000     2.910    u_sar_subconv/p_1_in[17]
                         FDCE                                         r  u_sar_subconv/accum_sum_reg[17]/D
  -------------------------------------------------------------------    -------------------

                         (clock clk rise edge)        0.000     0.000 r
                                                      0.000     0.000 r  clk (IN)
                         net (fo=0)                   0.000     0.000    clk
                         IBUF (Prop_ibuf_I_O)         0.972     0.972 r  clk_IBUF_inst/O
                         net (fo=1, unplaced)         0.800     1.771    clk_IBUF
                         BUFG (Prop_bufg_I_O)         0.101     1.872 r  clk_IBUF_BUFG_inst/O
                         net (fo=595, unplaced)       0.584     2.456    u_sar_subconv/CLK
                         FDCE                                         r  u_sar_subconv/accum_sum_reg[17]/C
                         clock pessimism              0.000     2.456
                         clock uncertainty            0.135     2.592
                         FDCE (Hold_fdce_C_D)         0.290     2.882    u_sar_subconv/accum_sum_reg[17]
  -------------------------------------------------------------------
                         required time                         -2.882
                         arrival time                           2.910
  -------------------------------------------------------------------
                         slack                                  0.028

Slack (MET) :             0.028ns  (arrival time - required time)
  Source:                 cmp_out
                            (input port clocked by clk  {rise@0.000ns fall@5.000ns period=10.000ns})
  Destination:            u_sar_subconv/accum_sum_reg[5]/D
                            (rising edge-triggered cell FDCE clocked by clk  {rise@0.000ns fall@5.000ns period=10.000ns})
  Path Group:             clk
  Path Type:              Hold (Min at Slow Process Corner)
  Requirement:            0.000ns  (clk rise@0.000ns - clk rise@0.000ns)
  Data Path Delay:        2.410ns  (logic 1.354ns (56.181%)  route 1.056ns (43.819%))
  Logic Levels:           4  (CARRY4=1 IBUF=1 LUT2=1 LUT5=1)
  Input Delay:            0.500ns
  Clock Path Skew:        2.456ns (DCD - SCD - CPR)
    Destination Clock Delay (DCD):    2.456ns
    Source Clock Delay      (SCD):    0.000ns
    Clock Pessimism Removal (CPR):    -0.000ns
  Clock Uncertainty:      0.135ns  ((TSJ^2 + TIJ^2)^1/2 + DJ) / 2 + PE + UU
    Total System Jitter     (TSJ):    0.071ns
    Total Input Jitter      (TIJ):    0.000ns
    Discrete Jitter          (DJ):    0.000ns
    Phase Error              (PE):    0.000ns
    User Uncertainty         (UU):    0.100ns

    Location             Delay type                Incr(ns)  Path(ns)    Netlist Resource(s)
  -------------------------------------------------------------------    -------------------
                         (clock clk rise edge)        0.000     0.000 r
                         input delay                  0.500     0.500
                                                      0.000     0.500 r  cmp_out (IN)
                         net (fo=0)                   0.000     0.500    cmp_out
                         IBUF (Prop_ibuf_I_O)         0.838     1.338 r  cmp_out_IBUF_inst/O
                         net (fo=53, unplaced)        0.760     2.098    u_sar_subconv/cmp_out_IBUF
                         LUT5 (Prop_lut5_I3_O)        0.100     2.198 r  u_sar_subconv/accum_sum0_carry__0_i_3/O
                         net (fo=1, unplaced)         0.000     2.198    u_sar_subconv/accum_sum0_carry__0_i_3_n_0
                         CARRY4 (Prop_carry4_S[1]_O[1])
                                                      0.176     2.374 r  u_sar_subconv/accum_sum0_carry__0/O[1]
                         net (fo=1, unplaced)         0.296     2.670    u_sar_subconv/accum_sum[5]
                         LUT2 (Prop_lut2_I1_O)        0.240     2.910 r  u_sar_subconv/accum_sum[5]_i_1/O
                         net (fo=1, unplaced)         0.000     2.910    u_sar_subconv/p_1_in[5]
                         FDCE                                         r  u_sar_subconv/accum_sum_reg[5]/D
  -------------------------------------------------------------------    -------------------

                         (clock clk rise edge)        0.000     0.000 r
                                                      0.000     0.000 r  clk (IN)
                         net (fo=0)                   0.000     0.000    clk
                         IBUF (Prop_ibuf_I_O)         0.972     0.972 r  clk_IBUF_inst/O
                         net (fo=1, unplaced)         0.800     1.771    clk_IBUF
                         BUFG (Prop_bufg_I_O)         0.101     1.872 r  clk_IBUF_BUFG_inst/O
                         net (fo=595, unplaced)       0.584     2.456    u_sar_subconv/CLK
                         FDCE                                         r  u_sar_subconv/accum_sum_reg[5]/C
                         clock pessimism              0.000     2.456
                         clock uncertainty            0.135     2.592
                         FDCE (Hold_fdce_C_D)         0.290     2.882    u_sar_subconv/accum_sum_reg[5]
  -------------------------------------------------------------------
                         required time                         -2.882
                         arrival time                           2.910
  -------------------------------------------------------------------
                         slack                                  0.028

Slack (MET) :             0.028ns  (arrival time - required time)
  Source:                 cmp_out
                            (input port clocked by clk  {rise@0.000ns fall@5.000ns period=10.000ns})
  Destination:            u_sar_subconv/accum_sum_reg[9]/D
                            (rising edge-triggered cell FDCE clocked by clk  {rise@0.000ns fall@5.000ns period=10.000ns})
  Path Group:             clk
  Path Type:              Hold (Min at Slow Process Corner)
  Requirement:            0.000ns  (clk rise@0.000ns - clk rise@0.000ns)
  Data Path Delay:        2.410ns  (logic 1.354ns (56.181%)  route 1.056ns (43.819%))
  Logic Levels:           4  (CARRY4=1 IBUF=1 LUT2=1 LUT6=1)
  Input Delay:            0.500ns
  Clock Path Skew:        2.456ns (DCD - SCD - CPR)
    Destination Clock Delay (DCD):    2.456ns
    Source Clock Delay      (SCD):    0.000ns
    Clock Pessimism Removal (CPR):    -0.000ns
  Clock Uncertainty:      0.135ns  ((TSJ^2 + TIJ^2)^1/2 + DJ) / 2 + PE + UU
    Total System Jitter     (TSJ):    0.071ns
    Total Input Jitter      (TIJ):    0.000ns
    Discrete Jitter          (DJ):    0.000ns
    Phase Error              (PE):    0.000ns
    User Uncertainty         (UU):    0.100ns

    Location             Delay type                Incr(ns)  Path(ns)    Netlist Resource(s)
  -------------------------------------------------------------------    -------------------
                         (clock clk rise edge)        0.000     0.000 r
                         input delay                  0.500     0.500
                                                      0.000     0.500 r  cmp_out (IN)
                         net (fo=0)                   0.000     0.500    cmp_out
                         IBUF (Prop_ibuf_I_O)         0.838     1.338 r  cmp_out_IBUF_inst/O
                         net (fo=53, unplaced)        0.760     2.098    u_sar_subconv/cmp_out_IBUF
                         LUT6 (Prop_lut6_I4_O)        0.100     2.198 r  u_sar_subconv/accum_sum0_carry__1_i_3/O
                         net (fo=1, unplaced)         0.000     2.198    u_sar_subconv/accum_sum0_carry__1_i_3_n_0
                         CARRY4 (Prop_carry4_S[1]_O[1])
                                                      0.176     2.374 r  u_sar_subconv/accum_sum0_carry__1/O[1]
                         net (fo=1, unplaced)         0.296     2.670    u_sar_subconv/accum_sum[9]
                         LUT2 (Prop_lut2_I1_O)        0.240     2.910 r  u_sar_subconv/accum_sum[9]_i_1/O
                         net (fo=1, unplaced)         0.000     2.910    u_sar_subconv/p_1_in[9]
                         FDCE                                         r  u_sar_subconv/accum_sum_reg[9]/D
  -------------------------------------------------------------------    -------------------

                         (clock clk rise edge)        0.000     0.000 r
                                                      0.000     0.000 r  clk (IN)
                         net (fo=0)                   0.000     0.000    clk
                         IBUF (Prop_ibuf_I_O)         0.972     0.972 r  clk_IBUF_inst/O
                         net (fo=1, unplaced)         0.800     1.771    clk_IBUF
                         BUFG (Prop_bufg_I_O)         0.101     1.872 r  clk_IBUF_BUFG_inst/O
                         net (fo=595, unplaced)       0.584     2.456    u_sar_subconv/CLK
                         FDCE                                         r  u_sar_subconv/accum_sum_reg[9]/C
                         clock pessimism              0.000     2.456
                         clock uncertainty            0.135     2.592
                         FDCE (Hold_fdce_C_D)         0.290     2.882    u_sar_subconv/accum_sum_reg[9]
  -------------------------------------------------------------------
                         required time                         -2.882
                         arrival time                           2.910
  -------------------------------------------------------------------
                         slack                                  0.028

Slack (MET) :             0.034ns  (arrival time - required time)
  Source:                 cmp_out
                            (input port clocked by clk  {rise@0.000ns fall@5.000ns period=10.000ns})
  Destination:            u_sar_subconv/accum_sum_reg[16]/D
                            (rising edge-triggered cell FDCE clocked by clk  {rise@0.000ns fall@5.000ns period=10.000ns})
  Path Group:             clk
  Path Type:              Hold (Min at Slow Process Corner)
  Requirement:            0.000ns  (clk rise@0.000ns - clk rise@0.000ns)
  Data Path Delay:        2.416ns  (logic 1.361ns (56.330%)  route 1.055ns (43.670%))
  Logic Levels:           4  (CARRY4=1 IBUF=1 LUT2=1 LUT5=1)
  Input Delay:            0.500ns
  Clock Path Skew:        2.456ns (DCD - SCD - CPR)
    Destination Clock Delay (DCD):    2.456ns
    Source Clock Delay      (SCD):    0.000ns
    Clock Pessimism Removal (CPR):    -0.000ns
  Clock Uncertainty:      0.135ns  ((TSJ^2 + TIJ^2)^1/2 + DJ) / 2 + PE + UU
    Total System Jitter     (TSJ):    0.071ns
    Total Input Jitter      (TIJ):    0.000ns
    Discrete Jitter          (DJ):    0.000ns
    Phase Error              (PE):    0.000ns
    User Uncertainty         (UU):    0.100ns

    Location             Delay type                Incr(ns)  Path(ns)    Netlist Resource(s)
  -------------------------------------------------------------------    -------------------
                         (clock clk rise edge)        0.000     0.000 r
                         input delay                  0.500     0.500
                                                      0.000     0.500 r  cmp_out (IN)
                         net (fo=0)                   0.000     0.500    cmp_out
                         IBUF (Prop_ibuf_I_O)         0.838     1.338 r  cmp_out_IBUF_inst/O
                         net (fo=53, unplaced)        0.760     2.098    u_sar_subconv/cmp_out_IBUF
                         LUT5 (Prop_lut5_I3_O)        0.100     2.198 r  u_sar_subconv/accum_sum0_carry__3_i_4/O
                         net (fo=1, unplaced)         0.000     2.198    u_sar_subconv/accum_sum0_carry__3_i_4_n_0
                         CARRY4 (Prop_carry4_S[0]_O[0])
                                                      0.192     2.390 r  u_sar_subconv/accum_sum0_carry__3/O[0]
                         net (fo=1, unplaced)         0.295     2.685    u_sar_subconv/accum_sum[16]
                         LUT2 (Prop_lut2_I1_O)        0.231     2.916 r  u_sar_subconv/accum_sum[16]_i_1/O
                         net (fo=1, unplaced)         0.000     2.916    u_sar_subconv/p_1_in[16]
                         FDCE                                         r  u_sar_subconv/accum_sum_reg[16]/D
  -------------------------------------------------------------------    -------------------

                         (clock clk rise edge)        0.000     0.000 r
                                                      0.000     0.000 r  clk (IN)
                         net (fo=0)                   0.000     0.000    clk
                         IBUF (Prop_ibuf_I_O)         0.972     0.972 r  clk_IBUF_inst/O
                         net (fo=1, unplaced)         0.800     1.771    clk_IBUF
                         BUFG (Prop_bufg_I_O)         0.101     1.872 r  clk_IBUF_BUFG_inst/O
                         net (fo=595, unplaced)       0.584     2.456    u_sar_subconv/CLK
                         FDCE                                         r  u_sar_subconv/accum_sum_reg[16]/C
                         clock pessimism              0.000     2.456
                         clock uncertainty            0.135     2.592
                         FDCE (Hold_fdce_C_D)         0.290     2.882    u_sar_subconv/accum_sum_reg[16]
  -------------------------------------------------------------------
                         required time                         -2.882
                         arrival time                           2.916
  -------------------------------------------------------------------
                         slack                                  0.034

Slack (MET) :             0.034ns  (arrival time - required time)
  Source:                 cmp_out
                            (input port clocked by clk  {rise@0.000ns fall@5.000ns period=10.000ns})
  Destination:            u_sar_subconv/accum_sum_reg[4]/D
                            (rising edge-triggered cell FDCE clocked by clk  {rise@0.000ns fall@5.000ns period=10.000ns})
  Path Group:             clk
  Path Type:              Hold (Min at Slow Process Corner)
  Requirement:            0.000ns  (clk rise@0.000ns - clk rise@0.000ns)
  Data Path Delay:        2.416ns  (logic 1.361ns (56.330%)  route 1.055ns (43.670%))
  Logic Levels:           4  (CARRY4=1 IBUF=1 LUT2=1 LUT5=1)
  Input Delay:            0.500ns
  Clock Path Skew:        2.456ns (DCD - SCD - CPR)
    Destination Clock Delay (DCD):    2.456ns
    Source Clock Delay      (SCD):    0.000ns
    Clock Pessimism Removal (CPR):    -0.000ns
  Clock Uncertainty:      0.135ns  ((TSJ^2 + TIJ^2)^1/2 + DJ) / 2 + PE + UU
    Total System Jitter     (TSJ):    0.071ns
    Total Input Jitter      (TIJ):    0.000ns
    Discrete Jitter          (DJ):    0.000ns
    Phase Error              (PE):    0.000ns
    User Uncertainty         (UU):    0.100ns

    Location             Delay type                Incr(ns)  Path(ns)    Netlist Resource(s)
  -------------------------------------------------------------------    -------------------
                         (clock clk rise edge)        0.000     0.000 r
                         input delay                  0.500     0.500
                                                      0.000     0.500 r  cmp_out (IN)
                         net (fo=0)                   0.000     0.500    cmp_out
                         IBUF (Prop_ibuf_I_O)         0.838     1.338 r  cmp_out_IBUF_inst/O
                         net (fo=53, unplaced)        0.760     2.098    u_sar_subconv/cmp_out_IBUF
                         LUT5 (Prop_lut5_I3_O)        0.100     2.198 r  u_sar_subconv/accum_sum0_carry__0_i_4/O
                         net (fo=1, unplaced)         0.000     2.198    u_sar_subconv/accum_sum0_carry__0_i_4_n_0
                         CARRY4 (Prop_carry4_S[0]_O[0])
                                                      0.192     2.390 r  u_sar_subconv/accum_sum0_carry__0/O[0]
                         net (fo=1, unplaced)         0.295     2.685    u_sar_subconv/accum_sum[4]
                         LUT2 (Prop_lut2_I1_O)        0.231     2.916 r  u_sar_subconv/accum_sum[4]_i_1/O
                         net (fo=1, unplaced)         0.000     2.916    u_sar_subconv/p_1_in[4]
                         FDCE                                         r  u_sar_subconv/accum_sum_reg[4]/D
  -------------------------------------------------------------------    -------------------

                         (clock clk rise edge)        0.000     0.000 r
                                                      0.000     0.000 r  clk (IN)
                         net (fo=0)                   0.000     0.000    clk
                         IBUF (Prop_ibuf_I_O)         0.972     0.972 r  clk_IBUF_inst/O
                         net (fo=1, unplaced)         0.800     1.771    clk_IBUF
                         BUFG (Prop_bufg_I_O)         0.101     1.872 r  clk_IBUF_BUFG_inst/O
                         net (fo=595, unplaced)       0.584     2.456    u_sar_subconv/CLK
                         FDCE                                         r  u_sar_subconv/accum_sum_reg[4]/C
                         clock pessimism              0.000     2.456
                         clock uncertainty            0.135     2.592
                         FDCE (Hold_fdce_C_D)         0.290     2.882    u_sar_subconv/accum_sum_reg[4]
  -------------------------------------------------------------------
                         required time                         -2.882
                         arrival time                           2.916
  -------------------------------------------------------------------
                         slack                                  0.034

Slack (MET) :             0.034ns  (arrival time - required time)
  Source:                 cmp_out
                            (input port clocked by clk  {rise@0.000ns fall@5.000ns period=10.000ns})
  Destination:            u_sar_subconv/accum_sum_reg[8]/D
                            (rising edge-triggered cell FDCE clocked by clk  {rise@0.000ns fall@5.000ns period=10.000ns})
  Path Group:             clk
  Path Type:              Hold (Min at Slow Process Corner)
  Requirement:            0.000ns  (clk rise@0.000ns - clk rise@0.000ns)
  Data Path Delay:        2.416ns  (logic 1.361ns (56.330%)  route 1.055ns (43.670%))
  Logic Levels:           4  (CARRY4=1 IBUF=1 LUT2=1 LUT6=1)
  Input Delay:            0.500ns
  Clock Path Skew:        2.456ns (DCD - SCD - CPR)
    Destination Clock Delay (DCD):    2.456ns
    Source Clock Delay      (SCD):    0.000ns
    Clock Pessimism Removal (CPR):    -0.000ns
  Clock Uncertainty:      0.135ns  ((TSJ^2 + TIJ^2)^1/2 + DJ) / 2 + PE + UU
    Total System Jitter     (TSJ):    0.071ns
    Total Input Jitter      (TIJ):    0.000ns
    Discrete Jitter          (DJ):    0.000ns
    Phase Error              (PE):    0.000ns
    User Uncertainty         (UU):    0.100ns

    Location             Delay type                Incr(ns)  Path(ns)    Netlist Resource(s)
  -------------------------------------------------------------------    -------------------
                         (clock clk rise edge)        0.000     0.000 r
                         input delay                  0.500     0.500
                                                      0.000     0.500 r  cmp_out (IN)
                         net (fo=0)                   0.000     0.500    cmp_out
                         IBUF (Prop_ibuf_I_O)         0.838     1.338 r  cmp_out_IBUF_inst/O
                         net (fo=53, unplaced)        0.760     2.098    u_sar_subconv/cmp_out_IBUF
                         LUT6 (Prop_lut6_I4_O)        0.100     2.198 r  u_sar_subconv/accum_sum0_carry__1_i_4/O
                         net (fo=1, unplaced)         0.000     2.198    u_sar_subconv/accum_sum0_carry__1_i_4_n_0
                         CARRY4 (Prop_carry4_S[0]_O[0])
                                                      0.192     2.390 r  u_sar_subconv/accum_sum0_carry__1/O[0]
                         net (fo=1, unplaced)         0.295     2.685    u_sar_subconv/accum_sum[8]
                         LUT2 (Prop_lut2_I1_O)        0.231     2.916 r  u_sar_subconv/accum_sum[8]_i_1/O
                         net (fo=1, unplaced)         0.000     2.916    u_sar_subconv/p_1_in[8]
                         FDCE                                         r  u_sar_subconv/accum_sum_reg[8]/D
  -------------------------------------------------------------------    -------------------

                         (clock clk rise edge)        0.000     0.000 r
                                                      0.000     0.000 r  clk (IN)
                         net (fo=0)                   0.000     0.000    clk
                         IBUF (Prop_ibuf_I_O)         0.972     0.972 r  clk_IBUF_inst/O
                         net (fo=1, unplaced)         0.800     1.771    clk_IBUF
                         BUFG (Prop_bufg_I_O)         0.101     1.872 r  clk_IBUF_BUFG_inst/O
                         net (fo=595, unplaced)       0.584     2.456    u_sar_subconv/CLK
                         FDCE                                         r  u_sar_subconv/accum_sum_reg[8]/C
                         clock pessimism              0.000     2.456
                         clock uncertainty            0.135     2.592
                         FDCE (Hold_fdce_C_D)         0.290     2.882    u_sar_subconv/accum_sum_reg[8]
  -------------------------------------------------------------------
                         required time                         -2.882
                         arrival time                           2.916
  -------------------------------------------------------------------
                         slack                                  0.034





Pulse Width Checks
--------------------------------------------------------------------------------------
Clock Name:         clk
Waveform(ns):       { 0.000 5.000 }
Period(ns):         10.000
Sources:            { clk }

Check Type        Corner  Lib Pin  Reference Pin  Required(ns)  Actual(ns)  Slack(ns)  Location  Pin
Min Period        n/a     BUFG/I   n/a            2.155         10.000      7.845                clk_IBUF_BUFG_inst/I
Min Period        n/a     FDCE/C   n/a            1.000         10.000      9.000                u_cal_fsm/accum_wp_reg[1]/C
Min Period        n/a     FDCE/C   n/a            1.000         10.000      9.000                u_cal_fsm/accum_wp_reg[20]/C
Min Period        n/a     FDCE/C   n/a            1.000         10.000      9.000                u_cal_fsm/accum_wp_reg[21]/C
Min Period        n/a     FDCE/C   n/a            1.000         10.000      9.000                u_cal_fsm/accum_wp_reg[22]/C
Min Period        n/a     FDCE/C   n/a            1.000         10.000      9.000                u_cal_fsm/accum_wp_reg[23]/C
Min Period        n/a     FDCE/C   n/a            1.000         10.000      9.000                u_cal_fsm/accum_wp_reg[24]/C
Min Period        n/a     FDCE/C   n/a            1.000         10.000      9.000                u_cal_fsm/accum_wp_reg[25]/C
Min Period        n/a     FDCE/C   n/a            1.000         10.000      9.000                u_cal_fsm/accum_wp_reg[26]/C
Min Period        n/a     FDCE/C   n/a            1.000         10.000      9.000                u_cal_fsm/accum_wp_reg[27]/C
Low Pulse Width   Slow    FDCE/C   n/a            0.500         5.000       4.500                u_cal_fsm/accum_wp_reg[1]/C
Low Pulse Width   Slow    FDCE/C   n/a            0.500         5.000       4.500                u_cal_fsm/accum_wp_reg[20]/C
Low Pulse Width   Slow    FDCE/C   n/a            0.500         5.000       4.500                u_cal_fsm/accum_wp_reg[21]/C
Low Pulse Width   Slow    FDCE/C   n/a            0.500         5.000       4.500                u_cal_fsm/accum_wp_reg[22]/C
Low Pulse Width   Slow    FDCE/C   n/a            0.500         5.000       4.500                u_cal_fsm/accum_wp_reg[23]/C
Low Pulse Width   Slow    FDCE/C   n/a            0.500         5.000       4.500                u_cal_fsm/accum_wp_reg[24]/C
Low Pulse Width   Slow    FDCE/C   n/a            0.500         5.000       4.500                u_cal_fsm/accum_wp_reg[25]/C
Low Pulse Width   Slow    FDCE/C   n/a            0.500         5.000       4.500                u_cal_fsm/accum_wp_reg[26]/C
Low Pulse Width   Slow    FDCE/C   n/a            0.500         5.000       4.500                u_cal_fsm/accum_wp_reg[27]/C
Low Pulse Width   Slow    FDCE/C   n/a            0.500         5.000       4.500                u_cal_fsm/accum_wp_reg[2]/C
High Pulse Width  Slow    FDCE/C   n/a            0.500         5.000       4.500                u_cal_fsm/accum_wp_reg[1]/C
High Pulse Width  Fast    FDCE/C   n/a            0.500         5.000       4.500                u_cal_fsm/accum_wp_reg[1]/C
High Pulse Width  Slow    FDCE/C   n/a            0.500         5.000       4.500                u_cal_fsm/accum_wp_reg[20]/C
High Pulse Width  Fast    FDCE/C   n/a            0.500         5.000       4.500                u_cal_fsm/accum_wp_reg[20]/C
High Pulse Width  Slow    FDCE/C   n/a            0.500         5.000       4.500                u_cal_fsm/accum_wp_reg[21]/C
High Pulse Width  Fast    FDCE/C   n/a            0.500         5.000       4.500                u_cal_fsm/accum_wp_reg[21]/C
High Pulse Width  Slow    FDCE/C   n/a            0.500         5.000       4.500                u_cal_fsm/accum_wp_reg[22]/C
High Pulse Width  Fast    FDCE/C   n/a            0.500         5.000       4.500                u_cal_fsm/accum_wp_reg[22]/C
High Pulse Width  Slow    FDCE/C   n/a            0.500         5.000       4.500                u_cal_fsm/accum_wp_reg[23]/C
High Pulse Width  Fast    FDCE/C   n/a            0.500         5.000       4.500                u_cal_fsm/accum_wp_reg[23]/C



---------------------------------------------------------------------------------------------------
Path Group:  **async_default**
From Clock:  clk
  To Clock:  clk

Setup :            0  Failing Endpoints,  Worst Slack        6.724ns,  Total Violation        0.000ns
Hold  :            0  Failing Endpoints,  Worst Slack        0.352ns,  Total Violation        0.000ns
---------------------------------------------------------------------------------------------------


Max Delay Paths
--------------------------------------------------------------------------------------
Slack (MET) :             6.724ns  (required time - arrival time)
  Source:                 rst_n
                            (input port clocked by clk  {rise@0.000ns fall@5.000ns period=10.000ns})
  Destination:            u_cal_fsm/FSM_sequential_state_reg[0]/PRE
                            (recovery check against rising-edge clock clk  {rise@0.000ns fall@5.000ns period=10.000ns})
  Path Group:             **async_default**
  Path Type:              Recovery (Max at Slow Process Corner)
  Requirement:            10.000ns  (clk rise@10.000ns - clk rise@0.000ns)
  Data Path Delay:        2.774ns  (logic 1.096ns (39.492%)  route 1.679ns (60.508%))
  Logic Levels:           2  (IBUF=1 LUT1=1)
  Input Delay:            2.000ns
  Clock Path Skew:        2.128ns (DCD - SCD + CPR)
    Destination Clock Delay (DCD):    2.128ns = ( 12.128 - 10.000 )
    Source Clock Delay      (SCD):    0.000ns
    Clock Pessimism Removal (CPR):    0.000ns
  Clock Uncertainty:      0.235ns  ((TSJ^2 + TIJ^2)^1/2 + DJ) / 2 + PE + UU
    Total System Jitter     (TSJ):    0.071ns
    Total Input Jitter      (TIJ):    0.000ns
    Discrete Jitter          (DJ):    0.000ns
    Phase Error              (PE):    0.000ns
    User Uncertainty         (UU):    0.200ns

    Location             Delay type                Incr(ns)  Path(ns)    Netlist Resource(s)
  -------------------------------------------------------------------    -------------------
                         (clock clk rise edge)        0.000     0.000 r
                         input delay                  2.000     2.000
                                                      0.000     2.000 r  rst_n (IN)
                         net (fo=0)                   0.000     2.000    rst_n
                         IBUF (Prop_ibuf_I_O)         0.972     2.972 r  rst_n_IBUF_inst/O
                         net (fo=6, unplaced)         0.800     3.771    u_weight_reg/rst_n_IBUF
                         LUT1 (Prop_lut1_I0_O)        0.124     3.895 f  u_weight_reg/FSM_sequential_state[2]_i_2/O
                         net (fo=116, unplaced)       0.879     4.774    u_cal_fsm/ss_n1_reg[18]_0
                         FDPE                                         f  u_cal_fsm/FSM_sequential_state_reg[0]/PRE
  -------------------------------------------------------------------    -------------------

                         (clock clk rise edge)       10.000    10.000 r
                                                      0.000    10.000 r  clk (IN)
                         net (fo=0)                   0.000    10.000    clk
                         IBUF (Prop_ibuf_I_O)         0.838    10.838 r  clk_IBUF_inst/O
                         net (fo=1, unplaced)         0.760    11.598    clk_IBUF
                         BUFG (Prop_bufg_I_O)         0.091    11.689 r  clk_IBUF_BUFG_inst/O
                         net (fo=595, unplaced)       0.439    12.128    u_cal_fsm/CLK
                         FDPE                                         r  u_cal_fsm/FSM_sequential_state_reg[0]/C
                         clock pessimism              0.000    12.128
                         clock uncertainty           -0.235    11.892
                         FDPE (Recov_fdpe_C_PRE)     -0.394    11.498    u_cal_fsm/FSM_sequential_state_reg[0]
  -------------------------------------------------------------------
                         required time                         11.498
                         arrival time                          -4.774
  -------------------------------------------------------------------
                         slack                                  6.724

Slack (MET) :             6.724ns  (required time - arrival time)
  Source:                 rst_n
                            (input port clocked by clk  {rise@0.000ns fall@5.000ns period=10.000ns})
  Destination:            u_cal_fsm/FSM_sequential_state_reg[1]/PRE
                            (recovery check against rising-edge clock clk  {rise@0.000ns fall@5.000ns period=10.000ns})
  Path Group:             **async_default**
  Path Type:              Recovery (Max at Slow Process Corner)
  Requirement:            10.000ns  (clk rise@10.000ns - clk rise@0.000ns)
  Data Path Delay:        2.774ns  (logic 1.096ns (39.492%)  route 1.679ns (60.508%))
  Logic Levels:           2  (IBUF=1 LUT1=1)
  Input Delay:            2.000ns
  Clock Path Skew:        2.128ns (DCD - SCD + CPR)
    Destination Clock Delay (DCD):    2.128ns = ( 12.128 - 10.000 )
    Source Clock Delay      (SCD):    0.000ns
    Clock Pessimism Removal (CPR):    0.000ns
  Clock Uncertainty:      0.235ns  ((TSJ^2 + TIJ^2)^1/2 + DJ) / 2 + PE + UU
    Total System Jitter     (TSJ):    0.071ns
    Total Input Jitter      (TIJ):    0.000ns
    Discrete Jitter          (DJ):    0.000ns
    Phase Error              (PE):    0.000ns
    User Uncertainty         (UU):    0.200ns

    Location             Delay type                Incr(ns)  Path(ns)    Netlist Resource(s)
  -------------------------------------------------------------------    -------------------
                         (clock clk rise edge)        0.000     0.000 r
                         input delay                  2.000     2.000
                                                      0.000     2.000 r  rst_n (IN)
                         net (fo=0)                   0.000     2.000    rst_n
                         IBUF (Prop_ibuf_I_O)         0.972     2.972 r  rst_n_IBUF_inst/O
                         net (fo=6, unplaced)         0.800     3.771    u_weight_reg/rst_n_IBUF
                         LUT1 (Prop_lut1_I0_O)        0.124     3.895 f  u_weight_reg/FSM_sequential_state[2]_i_2/O
                         net (fo=116, unplaced)       0.879     4.774    u_cal_fsm/ss_n1_reg[18]_0
                         FDPE                                         f  u_cal_fsm/FSM_sequential_state_reg[1]/PRE
  -------------------------------------------------------------------    -------------------

                         (clock clk rise edge)       10.000    10.000 r
                                                      0.000    10.000 r  clk (IN)
                         net (fo=0)                   0.000    10.000    clk
                         IBUF (Prop_ibuf_I_O)         0.838    10.838 r  clk_IBUF_inst/O
                         net (fo=1, unplaced)         0.760    11.598    clk_IBUF
                         BUFG (Prop_bufg_I_O)         0.091    11.689 r  clk_IBUF_BUFG_inst/O
                         net (fo=595, unplaced)       0.439    12.128    u_cal_fsm/CLK
                         FDPE                                         r  u_cal_fsm/FSM_sequential_state_reg[1]/C
                         clock pessimism              0.000    12.128
                         clock uncertainty           -0.235    11.892
                         FDPE (Recov_fdpe_C_PRE)     -0.394    11.498    u_cal_fsm/FSM_sequential_state_reg[1]
  -------------------------------------------------------------------
                         required time                         11.498
                         arrival time                          -4.774
  -------------------------------------------------------------------
                         slack                                  6.724

Slack (MET) :             6.724ns  (required time - arrival time)
  Source:                 rst_n
                            (input port clocked by clk  {rise@0.000ns fall@5.000ns period=10.000ns})
  Destination:            u_cal_fsm/FSM_sequential_state_reg[3]/PRE
                            (recovery check against rising-edge clock clk  {rise@0.000ns fall@5.000ns period=10.000ns})
  Path Group:             **async_default**
  Path Type:              Recovery (Max at Slow Process Corner)
  Requirement:            10.000ns  (clk rise@10.000ns - clk rise@0.000ns)
  Data Path Delay:        2.774ns  (logic 1.096ns (39.492%)  route 1.679ns (60.508%))
  Logic Levels:           2  (IBUF=1 LUT1=1)
  Input Delay:            2.000ns
  Clock Path Skew:        2.128ns (DCD - SCD + CPR)
    Destination Clock Delay (DCD):    2.128ns = ( 12.128 - 10.000 )
    Source Clock Delay      (SCD):    0.000ns
    Clock Pessimism Removal (CPR):    0.000ns
  Clock Uncertainty:      0.235ns  ((TSJ^2 + TIJ^2)^1/2 + DJ) / 2 + PE + UU
    Total System Jitter     (TSJ):    0.071ns
    Total Input Jitter      (TIJ):    0.000ns
    Discrete Jitter          (DJ):    0.000ns
    Phase Error              (PE):    0.000ns
    User Uncertainty         (UU):    0.200ns

    Location             Delay type                Incr(ns)  Path(ns)    Netlist Resource(s)
  -------------------------------------------------------------------    -------------------
                         (clock clk rise edge)        0.000     0.000 r
                         input delay                  2.000     2.000
                                                      0.000     2.000 r  rst_n (IN)
                         net (fo=0)                   0.000     2.000    rst_n
                         IBUF (Prop_ibuf_I_O)         0.972     2.972 r  rst_n_IBUF_inst/O
                         net (fo=6, unplaced)         0.800     3.771    u_weight_reg/rst_n_IBUF
                         LUT1 (Prop_lut1_I0_O)        0.124     3.895 f  u_weight_reg/FSM_sequential_state[3]_i_3/O
                         net (fo=116, unplaced)       0.879     4.774    u_cal_fsm/FSM_sequential_state_reg[3]_1
                         FDPE                                         f  u_cal_fsm/FSM_sequential_state_reg[3]/PRE
  -------------------------------------------------------------------    -------------------

                         (clock clk rise edge)       10.000    10.000 r
                                                      0.000    10.000 r  clk (IN)
                         net (fo=0)                   0.000    10.000    clk
                         IBUF (Prop_ibuf_I_O)         0.838    10.838 r  clk_IBUF_inst/O
                         net (fo=1, unplaced)         0.760    11.598    clk_IBUF
                         BUFG (Prop_bufg_I_O)         0.091    11.689 r  clk_IBUF_BUFG_inst/O
                         net (fo=595, unplaced)       0.439    12.128    u_cal_fsm/CLK
                         FDPE                                         r  u_cal_fsm/FSM_sequential_state_reg[3]/C
                         clock pessimism              0.000    12.128
                         clock uncertainty           -0.235    11.892
                         FDPE (Recov_fdpe_C_PRE)     -0.394    11.498    u_cal_fsm/FSM_sequential_state_reg[3]
  -------------------------------------------------------------------
                         required time                         11.498
                         arrival time                          -4.774
  -------------------------------------------------------------------
                         slack                                  6.724

Slack (MET) :             6.724ns  (required time - arrival time)
  Source:                 rst_n
                            (input port clocked by clk  {rise@0.000ns fall@5.000ns period=10.000ns})
  Destination:            u_sar_subconv/force_rail_reg[0]/PRE
                            (recovery check against rising-edge clock clk  {rise@0.000ns fall@5.000ns period=10.000ns})
  Path Group:             **async_default**
  Path Type:              Recovery (Max at Slow Process Corner)
  Requirement:            10.000ns  (clk rise@10.000ns - clk rise@0.000ns)
  Data Path Delay:        2.774ns  (logic 1.096ns (39.492%)  route 1.679ns (60.508%))
  Logic Levels:           2  (IBUF=1 LUT1=1)
  Input Delay:            2.000ns
  Clock Path Skew:        2.128ns (DCD - SCD + CPR)
    Destination Clock Delay (DCD):    2.128ns = ( 12.128 - 10.000 )
    Source Clock Delay      (SCD):    0.000ns
    Clock Pessimism Removal (CPR):    0.000ns
  Clock Uncertainty:      0.235ns  ((TSJ^2 + TIJ^2)^1/2 + DJ) / 2 + PE + UU
    Total System Jitter     (TSJ):    0.071ns
    Total Input Jitter      (TIJ):    0.000ns
    Discrete Jitter          (DJ):    0.000ns
    Phase Error              (PE):    0.000ns
    User Uncertainty         (UU):    0.200ns

    Location             Delay type                Incr(ns)  Path(ns)    Netlist Resource(s)
  -------------------------------------------------------------------    -------------------
                         (clock clk rise edge)        0.000     0.000 r
                         input delay                  2.000     2.000
                                                      0.000     2.000 r  rst_n (IN)
                         net (fo=0)                   0.000     2.000    rst_n
                         IBUF (Prop_ibuf_I_O)         0.972     2.972 r  rst_n_IBUF_inst/O
                         net (fo=6, unplaced)         0.800     3.771    u_weight_reg/rst_n_IBUF
                         LUT1 (Prop_lut1_I0_O)        0.124     3.895 f  u_weight_reg/FSM_sequential_state[2]_i_2/O
                         net (fo=116, unplaced)       0.879     4.774    u_sar_subconv/accum_sum_reg[18]_0
                         FDPE                                         f  u_sar_subconv/force_rail_reg[0]/PRE
  -------------------------------------------------------------------    -------------------

                         (clock clk rise edge)       10.000    10.000 r
                                                      0.000    10.000 r  clk (IN)
                         net (fo=0)                   0.000    10.000    clk
                         IBUF (Prop_ibuf_I_O)         0.838    10.838 r  clk_IBUF_inst/O
                         net (fo=1, unplaced)         0.760    11.598    clk_IBUF
                         BUFG (Prop_bufg_I_O)         0.091    11.689 r  clk_IBUF_BUFG_inst/O
                         net (fo=595, unplaced)       0.439    12.128    u_sar_subconv/CLK
                         FDPE                                         r  u_sar_subconv/force_rail_reg[0]/C
                         clock pessimism              0.000    12.128
                         clock uncertainty           -0.235    11.892
                         FDPE (Recov_fdpe_C_PRE)     -0.394    11.498    u_sar_subconv/force_rail_reg[0]
  -------------------------------------------------------------------
                         required time                         11.498
                         arrival time                          -4.774
  -------------------------------------------------------------------
                         slack                                  6.724

Slack (MET) :             6.724ns  (required time - arrival time)
  Source:                 rst_n
                            (input port clocked by clk  {rise@0.000ns fall@5.000ns period=10.000ns})
  Destination:            u_sar_subconv/sw_n_h_reg[0][0]/PRE
                            (recovery check against rising-edge clock clk  {rise@0.000ns fall@5.000ns period=10.000ns})
  Path Group:             **async_default**
  Path Type:              Recovery (Max at Slow Process Corner)
  Requirement:            10.000ns  (clk rise@10.000ns - clk rise@0.000ns)
  Data Path Delay:        2.774ns  (logic 1.096ns (39.492%)  route 1.679ns (60.508%))
  Logic Levels:           2  (IBUF=1 LUT1=1)
  Input Delay:            2.000ns
  Clock Path Skew:        2.128ns (DCD - SCD + CPR)
    Destination Clock Delay (DCD):    2.128ns = ( 12.128 - 10.000 )
    Source Clock Delay      (SCD):    0.000ns
    Clock Pessimism Removal (CPR):    0.000ns
  Clock Uncertainty:      0.235ns  ((TSJ^2 + TIJ^2)^1/2 + DJ) / 2 + PE + UU
    Total System Jitter     (TSJ):    0.071ns
    Total Input Jitter      (TIJ):    0.000ns
    Discrete Jitter          (DJ):    0.000ns
    Phase Error              (PE):    0.000ns
    User Uncertainty         (UU):    0.200ns

    Location             Delay type                Incr(ns)  Path(ns)    Netlist Resource(s)
  -------------------------------------------------------------------    -------------------
                         (clock clk rise edge)        0.000     0.000 r
                         input delay                  2.000     2.000
                                                      0.000     2.000 r  rst_n (IN)
                         net (fo=0)                   0.000     2.000    rst_n
                         IBUF (Prop_ibuf_I_O)         0.972     2.972 r  rst_n_IBUF_inst/O
                         net (fo=6, unplaced)         0.800     3.771    u_weight_reg/rst_n_IBUF
                         LUT1 (Prop_lut1_I0_O)        0.124     3.895 f  u_weight_reg/wp_avg[7]_i_1/O
                         net (fo=116, unplaced)       0.879     4.774    u_sar_subconv/n_lower_cur_reg[2]_0
                         FDPE                                         f  u_sar_subconv/sw_n_h_reg[0][0]/PRE
  -------------------------------------------------------------------    -------------------

                         (clock clk rise edge)       10.000    10.000 r
                                                      0.000    10.000 r  clk (IN)
                         net (fo=0)                   0.000    10.000    clk
                         IBUF (Prop_ibuf_I_O)         0.838    10.838 r  clk_IBUF_inst/O
                         net (fo=1, unplaced)         0.760    11.598    clk_IBUF
                         BUFG (Prop_bufg_I_O)         0.091    11.689 r  clk_IBUF_BUFG_inst/O
                         net (fo=595, unplaced)       0.439    12.128    u_sar_subconv/CLK
                         FDPE                                         r  u_sar_subconv/sw_n_h_reg[0][0]/C
                         clock pessimism              0.000    12.128
                         clock uncertainty           -0.235    11.892
                         FDPE (Recov_fdpe_C_PRE)     -0.394    11.498    u_sar_subconv/sw_n_h_reg[0][0]
  -------------------------------------------------------------------
                         required time                         11.498
                         arrival time                          -4.774
  -------------------------------------------------------------------
                         slack                                  6.724

Slack (MET) :             6.724ns  (required time - arrival time)
  Source:                 rst_n
                            (input port clocked by clk  {rise@0.000ns fall@5.000ns period=10.000ns})
  Destination:            u_sar_subconv/sw_n_h_reg[1][0]/PRE
                            (recovery check against rising-edge clock clk  {rise@0.000ns fall@5.000ns period=10.000ns})
  Path Group:             **async_default**
  Path Type:              Recovery (Max at Slow Process Corner)
  Requirement:            10.000ns  (clk rise@10.000ns - clk rise@0.000ns)
  Data Path Delay:        2.774ns  (logic 1.096ns (39.492%)  route 1.679ns (60.508%))
  Logic Levels:           2  (IBUF=1 LUT1=1)
  Input Delay:            2.000ns
  Clock Path Skew:        2.128ns (DCD - SCD + CPR)
    Destination Clock Delay (DCD):    2.128ns = ( 12.128 - 10.000 )
    Source Clock Delay      (SCD):    0.000ns
    Clock Pessimism Removal (CPR):    0.000ns
  Clock Uncertainty:      0.235ns  ((TSJ^2 + TIJ^2)^1/2 + DJ) / 2 + PE + UU
    Total System Jitter     (TSJ):    0.071ns
    Total Input Jitter      (TIJ):    0.000ns
    Discrete Jitter          (DJ):    0.000ns
    Phase Error              (PE):    0.000ns
    User Uncertainty         (UU):    0.200ns

    Location             Delay type                Incr(ns)  Path(ns)    Netlist Resource(s)
  -------------------------------------------------------------------    -------------------
                         (clock clk rise edge)        0.000     0.000 r
                         input delay                  2.000     2.000
                                                      0.000     2.000 r  rst_n (IN)
                         net (fo=0)                   0.000     2.000    rst_n
                         IBUF (Prop_ibuf_I_O)         0.972     2.972 r  rst_n_IBUF_inst/O
                         net (fo=6, unplaced)         0.800     3.771    u_weight_reg/rst_n_IBUF
                         LUT1 (Prop_lut1_I0_O)        0.124     3.895 f  u_weight_reg/wp_avg[7]_i_1/O
                         net (fo=116, unplaced)       0.879     4.774    u_sar_subconv/n_lower_cur_reg[2]_0
                         FDPE                                         f  u_sar_subconv/sw_n_h_reg[1][0]/PRE
  -------------------------------------------------------------------    -------------------

                         (clock clk rise edge)       10.000    10.000 r
                                                      0.000    10.000 r  clk (IN)
                         net (fo=0)                   0.000    10.000    clk
                         IBUF (Prop_ibuf_I_O)         0.838    10.838 r  clk_IBUF_inst/O
                         net (fo=1, unplaced)         0.760    11.598    clk_IBUF
                         BUFG (Prop_bufg_I_O)         0.091    11.689 r  clk_IBUF_BUFG_inst/O
                         net (fo=595, unplaced)       0.439    12.128    u_sar_subconv/CLK
                         FDPE                                         r  u_sar_subconv/sw_n_h_reg[1][0]/C
                         clock pessimism              0.000    12.128
                         clock uncertainty           -0.235    11.892
                         FDPE (Recov_fdpe_C_PRE)     -0.394    11.498    u_sar_subconv/sw_n_h_reg[1][0]
  -------------------------------------------------------------------
                         required time                         11.498
                         arrival time                          -4.774
  -------------------------------------------------------------------
                         slack                                  6.724

Slack (MET) :             6.724ns  (required time - arrival time)
  Source:                 rst_n
                            (input port clocked by clk  {rise@0.000ns fall@5.000ns period=10.000ns})
  Destination:            u_sar_subconv/sw_n_h_reg[2][0]/PRE
                            (recovery check against rising-edge clock clk  {rise@0.000ns fall@5.000ns period=10.000ns})
  Path Group:             **async_default**
  Path Type:              Recovery (Max at Slow Process Corner)
  Requirement:            10.000ns  (clk rise@10.000ns - clk rise@0.000ns)
  Data Path Delay:        2.774ns  (logic 1.096ns (39.492%)  route 1.679ns (60.508%))
  Logic Levels:           2  (IBUF=1 LUT1=1)
  Input Delay:            2.000ns
  Clock Path Skew:        2.128ns (DCD - SCD + CPR)
    Destination Clock Delay (DCD):    2.128ns = ( 12.128 - 10.000 )
    Source Clock Delay      (SCD):    0.000ns
    Clock Pessimism Removal (CPR):    0.000ns
  Clock Uncertainty:      0.235ns  ((TSJ^2 + TIJ^2)^1/2 + DJ) / 2 + PE + UU
    Total System Jitter     (TSJ):    0.071ns
    Total Input Jitter      (TIJ):    0.000ns
    Discrete Jitter          (DJ):    0.000ns
    Phase Error              (PE):    0.000ns
    User Uncertainty         (UU):    0.200ns

    Location             Delay type                Incr(ns)  Path(ns)    Netlist Resource(s)
  -------------------------------------------------------------------    -------------------
                         (clock clk rise edge)        0.000     0.000 r
                         input delay                  2.000     2.000
                                                      0.000     2.000 r  rst_n (IN)
                         net (fo=0)                   0.000     2.000    rst_n
                         IBUF (Prop_ibuf_I_O)         0.972     2.972 r  rst_n_IBUF_inst/O
                         net (fo=6, unplaced)         0.800     3.771    u_weight_reg/rst_n_IBUF
                         LUT1 (Prop_lut1_I0_O)        0.124     3.895 f  u_weight_reg/wp_avg[7]_i_1/O
                         net (fo=116, unplaced)       0.879     4.774    u_sar_subconv/n_lower_cur_reg[2]_0
                         FDPE                                         f  u_sar_subconv/sw_n_h_reg[2][0]/PRE
  -------------------------------------------------------------------    -------------------

                         (clock clk rise edge)       10.000    10.000 r
                                                      0.000    10.000 r  clk (IN)
                         net (fo=0)                   0.000    10.000    clk
                         IBUF (Prop_ibuf_I_O)         0.838    10.838 r  clk_IBUF_inst/O
                         net (fo=1, unplaced)         0.760    11.598    clk_IBUF
                         BUFG (Prop_bufg_I_O)         0.091    11.689 r  clk_IBUF_BUFG_inst/O
                         net (fo=595, unplaced)       0.439    12.128    u_sar_subconv/CLK
                         FDPE                                         r  u_sar_subconv/sw_n_h_reg[2][0]/C
                         clock pessimism              0.000    12.128
                         clock uncertainty           -0.235    11.892
                         FDPE (Recov_fdpe_C_PRE)     -0.394    11.498    u_sar_subconv/sw_n_h_reg[2][0]
  -------------------------------------------------------------------
                         required time                         11.498
                         arrival time                          -4.774
  -------------------------------------------------------------------
                         slack                                  6.724

Slack (MET) :             6.724ns  (required time - arrival time)
  Source:                 rst_n
                            (input port clocked by clk  {rise@0.000ns fall@5.000ns period=10.000ns})
  Destination:            u_sar_subconv/sw_n_h_reg[3][0]/PRE
                            (recovery check against rising-edge clock clk  {rise@0.000ns fall@5.000ns period=10.000ns})
  Path Group:             **async_default**
  Path Type:              Recovery (Max at Slow Process Corner)
  Requirement:            10.000ns  (clk rise@10.000ns - clk rise@0.000ns)
  Data Path Delay:        2.774ns  (logic 1.096ns (39.492%)  route 1.679ns (60.508%))
  Logic Levels:           2  (IBUF=1 LUT1=1)
  Input Delay:            2.000ns
  Clock Path Skew:        2.128ns (DCD - SCD + CPR)
    Destination Clock Delay (DCD):    2.128ns = ( 12.128 - 10.000 )
    Source Clock Delay      (SCD):    0.000ns
    Clock Pessimism Removal (CPR):    0.000ns
  Clock Uncertainty:      0.235ns  ((TSJ^2 + TIJ^2)^1/2 + DJ) / 2 + PE + UU
    Total System Jitter     (TSJ):    0.071ns
    Total Input Jitter      (TIJ):    0.000ns
    Discrete Jitter          (DJ):    0.000ns
    Phase Error              (PE):    0.000ns
    User Uncertainty         (UU):    0.200ns

    Location             Delay type                Incr(ns)  Path(ns)    Netlist Resource(s)
  -------------------------------------------------------------------    -------------------
                         (clock clk rise edge)        0.000     0.000 r
                         input delay                  2.000     2.000
                                                      0.000     2.000 r  rst_n (IN)
                         net (fo=0)                   0.000     2.000    rst_n
                         IBUF (Prop_ibuf_I_O)         0.972     2.972 r  rst_n_IBUF_inst/O
                         net (fo=6, unplaced)         0.800     3.771    u_weight_reg/rst_n_IBUF
                         LUT1 (Prop_lut1_I0_O)        0.124     3.895 f  u_weight_reg/wp_avg[7]_i_1/O
                         net (fo=116, unplaced)       0.879     4.774    u_sar_subconv/n_lower_cur_reg[2]_0
                         FDPE                                         f  u_sar_subconv/sw_n_h_reg[3][0]/PRE
  -------------------------------------------------------------------    -------------------

                         (clock clk rise edge)       10.000    10.000 r
                                                      0.000    10.000 r  clk (IN)
                         net (fo=0)                   0.000    10.000    clk
                         IBUF (Prop_ibuf_I_O)         0.838    10.838 r  clk_IBUF_inst/O
                         net (fo=1, unplaced)         0.760    11.598    clk_IBUF
                         BUFG (Prop_bufg_I_O)         0.091    11.689 r  clk_IBUF_BUFG_inst/O
                         net (fo=595, unplaced)       0.439    12.128    u_sar_subconv/CLK
                         FDPE                                         r  u_sar_subconv/sw_n_h_reg[3][0]/C
                         clock pessimism              0.000    12.128
                         clock uncertainty           -0.235    11.892
                         FDPE (Recov_fdpe_C_PRE)     -0.394    11.498    u_sar_subconv/sw_n_h_reg[3][0]
  -------------------------------------------------------------------
                         required time                         11.498
                         arrival time                          -4.774
  -------------------------------------------------------------------
                         slack                                  6.724

Slack (MET) :             6.724ns  (required time - arrival time)
  Source:                 rst_n
                            (input port clocked by clk  {rise@0.000ns fall@5.000ns period=10.000ns})
  Destination:            u_sar_subconv/sw_n_h_reg[4][0]/PRE
                            (recovery check against rising-edge clock clk  {rise@0.000ns fall@5.000ns period=10.000ns})
  Path Group:             **async_default**
  Path Type:              Recovery (Max at Slow Process Corner)
  Requirement:            10.000ns  (clk rise@10.000ns - clk rise@0.000ns)
  Data Path Delay:        2.774ns  (logic 1.096ns (39.492%)  route 1.679ns (60.508%))
  Logic Levels:           2  (IBUF=1 LUT1=1)
  Input Delay:            2.000ns
  Clock Path Skew:        2.128ns (DCD - SCD + CPR)
    Destination Clock Delay (DCD):    2.128ns = ( 12.128 - 10.000 )
    Source Clock Delay      (SCD):    0.000ns
    Clock Pessimism Removal (CPR):    0.000ns
  Clock Uncertainty:      0.235ns  ((TSJ^2 + TIJ^2)^1/2 + DJ) / 2 + PE + UU
    Total System Jitter     (TSJ):    0.071ns
    Total Input Jitter      (TIJ):    0.000ns
    Discrete Jitter          (DJ):    0.000ns
    Phase Error              (PE):    0.000ns
    User Uncertainty         (UU):    0.200ns

    Location             Delay type                Incr(ns)  Path(ns)    Netlist Resource(s)
  -------------------------------------------------------------------    -------------------
                         (clock clk rise edge)        0.000     0.000 r
                         input delay                  2.000     2.000
                                                      0.000     2.000 r  rst_n (IN)
                         net (fo=0)                   0.000     2.000    rst_n
                         IBUF (Prop_ibuf_I_O)         0.972     2.972 r  rst_n_IBUF_inst/O
                         net (fo=6, unplaced)         0.800     3.771    u_weight_reg/rst_n_IBUF
                         LUT1 (Prop_lut1_I0_O)        0.124     3.895 f  u_weight_reg/wp_avg[7]_i_1/O
                         net (fo=116, unplaced)       0.879     4.774    u_sar_subconv/n_lower_cur_reg[2]_0
                         FDPE                                         f  u_sar_subconv/sw_n_h_reg[4][0]/PRE
  -------------------------------------------------------------------    -------------------

                         (clock clk rise edge)       10.000    10.000 r
                                                      0.000    10.000 r  clk (IN)
                         net (fo=0)                   0.000    10.000    clk
                         IBUF (Prop_ibuf_I_O)         0.838    10.838 r  clk_IBUF_inst/O
                         net (fo=1, unplaced)         0.760    11.598    clk_IBUF
                         BUFG (Prop_bufg_I_O)         0.091    11.689 r  clk_IBUF_BUFG_inst/O
                         net (fo=595, unplaced)       0.439    12.128    u_sar_subconv/CLK
                         FDPE                                         r  u_sar_subconv/sw_n_h_reg[4][0]/C
                         clock pessimism              0.000    12.128
                         clock uncertainty           -0.235    11.892
                         FDPE (Recov_fdpe_C_PRE)     -0.394    11.498    u_sar_subconv/sw_n_h_reg[4][0]
  -------------------------------------------------------------------
                         required time                         11.498
                         arrival time                          -4.774
  -------------------------------------------------------------------
                         slack                                  6.724

Slack (MET) :             6.724ns  (required time - arrival time)
  Source:                 rst_n
                            (input port clocked by clk  {rise@0.000ns fall@5.000ns period=10.000ns})
  Destination:            u_sar_subconv/sw_n_h_reg[5][0]/PRE
                            (recovery check against rising-edge clock clk  {rise@0.000ns fall@5.000ns period=10.000ns})
  Path Group:             **async_default**
  Path Type:              Recovery (Max at Slow Process Corner)
  Requirement:            10.000ns  (clk rise@10.000ns - clk rise@0.000ns)
  Data Path Delay:        2.774ns  (logic 1.096ns (39.492%)  route 1.679ns (60.508%))
  Logic Levels:           2  (IBUF=1 LUT1=1)
  Input Delay:            2.000ns
  Clock Path Skew:        2.128ns (DCD - SCD + CPR)
    Destination Clock Delay (DCD):    2.128ns = ( 12.128 - 10.000 )
    Source Clock Delay      (SCD):    0.000ns
    Clock Pessimism Removal (CPR):    0.000ns
  Clock Uncertainty:      0.235ns  ((TSJ^2 + TIJ^2)^1/2 + DJ) / 2 + PE + UU
    Total System Jitter     (TSJ):    0.071ns
    Total Input Jitter      (TIJ):    0.000ns
    Discrete Jitter          (DJ):    0.000ns
    Phase Error              (PE):    0.000ns
    User Uncertainty         (UU):    0.200ns

    Location             Delay type                Incr(ns)  Path(ns)    Netlist Resource(s)
  -------------------------------------------------------------------    -------------------
                         (clock clk rise edge)        0.000     0.000 r
                         input delay                  2.000     2.000
                                                      0.000     2.000 r  rst_n (IN)
                         net (fo=0)                   0.000     2.000    rst_n
                         IBUF (Prop_ibuf_I_O)         0.972     2.972 r  rst_n_IBUF_inst/O
                         net (fo=6, unplaced)         0.800     3.771    u_weight_reg/rst_n_IBUF
                         LUT1 (Prop_lut1_I0_O)        0.124     3.895 f  u_weight_reg/wp_avg[7]_i_1/O
                         net (fo=116, unplaced)       0.879     4.774    u_sar_subconv/n_lower_cur_reg[2]_0
                         FDPE                                         f  u_sar_subconv/sw_n_h_reg[5][0]/PRE
  -------------------------------------------------------------------    -------------------

                         (clock clk rise edge)       10.000    10.000 r
                                                      0.000    10.000 r  clk (IN)
                         net (fo=0)                   0.000    10.000    clk
                         IBUF (Prop_ibuf_I_O)         0.838    10.838 r  clk_IBUF_inst/O
                         net (fo=1, unplaced)         0.760    11.598    clk_IBUF
                         BUFG (Prop_bufg_I_O)         0.091    11.689 r  clk_IBUF_BUFG_inst/O
                         net (fo=595, unplaced)       0.439    12.128    u_sar_subconv/CLK
                         FDPE                                         r  u_sar_subconv/sw_n_h_reg[5][0]/C
                         clock pessimism              0.000    12.128
                         clock uncertainty           -0.235    11.892
                         FDPE (Recov_fdpe_C_PRE)     -0.394    11.498    u_sar_subconv/sw_n_h_reg[5][0]
  -------------------------------------------------------------------
                         required time                         11.498
                         arrival time                          -4.774
  -------------------------------------------------------------------
                         slack                                  6.724





Min Delay Paths
--------------------------------------------------------------------------------------
Slack (MET) :             0.352ns  (arrival time - required time)
  Source:                 rst_n
                            (input port clocked by clk  {rise@0.000ns fall@5.000ns period=10.000ns})
  Destination:            u_cal_fsm/failure_latched_reg/CLR
                            (removal check against rising-edge clock clk  {rise@0.000ns fall@5.000ns period=10.000ns})
  Path Group:             **async_default**
  Path Type:              Removal (Min at Fast Process Corner)
  Requirement:            0.000ns  (clk rise@0.000ns - clk rise@0.000ns)
  Data Path Delay:        0.932ns  (logic 0.245ns (26.336%)  route 0.687ns (73.664%))
  Logic Levels:           2  (IBUF=1 LUT1=1)
  Input Delay:            0.500ns
  Clock Path Skew:        1.032ns (DCD - SCD - CPR)
    Destination Clock Delay (DCD):    1.032ns
    Source Clock Delay      (SCD):    0.000ns
    Clock Pessimism Removal (CPR):    -0.000ns
  Clock Uncertainty:      0.135ns  ((TSJ^2 + TIJ^2)^1/2 + DJ) / 2 + PE + UU
    Total System Jitter     (TSJ):    0.071ns
    Total Input Jitter      (TIJ):    0.000ns
    Discrete Jitter          (DJ):    0.000ns
    Phase Error              (PE):    0.000ns
    User Uncertainty         (UU):    0.100ns

    Location             Delay type                Incr(ns)  Path(ns)    Netlist Resource(s)
  -------------------------------------------------------------------    -------------------
                         (clock clk rise edge)        0.000     0.000 r
                         input delay                  0.500     0.500
                                                      0.000     0.500 r  rst_n (IN)
                         net (fo=0)                   0.000     0.500    rst_n
                         IBUF (Prop_ibuf_I_O)         0.200     0.700 r  rst_n_IBUF_inst/O
                         net (fo=6, unplaced)         0.337     1.038    u_sar_subconv/rst_n_IBUF
                         LUT1 (Prop_lut1_I0_O)        0.045     1.083 f  u_sar_subconv/ss_p1[7]_i_1/O
                         net (fo=15, unplaced)        0.349     1.432    u_cal_fsm/failure_latched_reg_0
                         FDCE                                         f  u_cal_fsm/failure_latched_reg/CLR
  -------------------------------------------------------------------    -------------------

                         (clock clk rise edge)        0.000     0.000 r
                                                      0.000     0.000 r  clk (IN)
                         net (fo=0)                   0.000     0.000    clk
                         IBUF (Prop_ibuf_I_O)         0.389     0.389 r  clk_IBUF_inst/O
                         net (fo=1, unplaced)         0.355     0.744    clk_IBUF
                         BUFG (Prop_bufg_I_O)         0.029     0.773 r  clk_IBUF_BUFG_inst/O
                         net (fo=595, unplaced)       0.259     1.032    u_cal_fsm/CLK
                         FDCE                                         r  u_cal_fsm/failure_latched_reg/C
                         clock pessimism              0.000     1.032
                         clock uncertainty            0.135     1.168
                         FDCE (Remov_fdce_C_CLR)     -0.088     1.080    u_cal_fsm/failure_latched_reg
  -------------------------------------------------------------------
                         required time                         -1.080
                         arrival time                           1.432
  -------------------------------------------------------------------
                         slack                                  0.352

Slack (MET) :             0.352ns  (arrival time - required time)
  Source:                 rst_n
                            (input port clocked by clk  {rise@0.000ns fall@5.000ns period=10.000ns})
  Destination:            u_cal_fsm/ss_n0_reg[7]/CLR
                            (removal check against rising-edge clock clk  {rise@0.000ns fall@5.000ns period=10.000ns})
  Path Group:             **async_default**
  Path Type:              Removal (Min at Fast Process Corner)
  Requirement:            0.000ns  (clk rise@0.000ns - clk rise@0.000ns)
  Data Path Delay:        0.932ns  (logic 0.245ns (26.336%)  route 0.687ns (73.664%))
  Logic Levels:           2  (IBUF=1 LUT1=1)
  Input Delay:            0.500ns
  Clock Path Skew:        1.032ns (DCD - SCD - CPR)
    Destination Clock Delay (DCD):    1.032ns
    Source Clock Delay      (SCD):    0.000ns
    Clock Pessimism Removal (CPR):    -0.000ns
  Clock Uncertainty:      0.135ns  ((TSJ^2 + TIJ^2)^1/2 + DJ) / 2 + PE + UU
    Total System Jitter     (TSJ):    0.071ns
    Total Input Jitter      (TIJ):    0.000ns
    Discrete Jitter          (DJ):    0.000ns
    Phase Error              (PE):    0.000ns
    User Uncertainty         (UU):    0.100ns

    Location             Delay type                Incr(ns)  Path(ns)    Netlist Resource(s)
  -------------------------------------------------------------------    -------------------
                         (clock clk rise edge)        0.000     0.000 r
                         input delay                  0.500     0.500
                                                      0.000     0.500 r  rst_n (IN)
                         net (fo=0)                   0.000     0.500    rst_n
                         IBUF (Prop_ibuf_I_O)         0.200     0.700 r  rst_n_IBUF_inst/O
                         net (fo=6, unplaced)         0.337     1.038    u_sar_subconv/rst_n_IBUF
                         LUT1 (Prop_lut1_I0_O)        0.045     1.083 f  u_sar_subconv/ss_p1[7]_i_1/O
                         net (fo=15, unplaced)        0.349     1.432    u_cal_fsm/failure_latched_reg_0
                         FDCE                                         f  u_cal_fsm/ss_n0_reg[7]/CLR
  -------------------------------------------------------------------    -------------------

                         (clock clk rise edge)        0.000     0.000 r
                                                      0.000     0.000 r  clk (IN)
                         net (fo=0)                   0.000     0.000    clk
                         IBUF (Prop_ibuf_I_O)         0.389     0.389 r  clk_IBUF_inst/O
                         net (fo=1, unplaced)         0.355     0.744    clk_IBUF
                         BUFG (Prop_bufg_I_O)         0.029     0.773 r  clk_IBUF_BUFG_inst/O
                         net (fo=595, unplaced)       0.259     1.032    u_cal_fsm/CLK
                         FDCE                                         r  u_cal_fsm/ss_n0_reg[7]/C
                         clock pessimism              0.000     1.032
                         clock uncertainty            0.135     1.168
                         FDCE (Remov_fdce_C_CLR)     -0.088     1.080    u_cal_fsm/ss_n0_reg[7]
  -------------------------------------------------------------------
                         required time                         -1.080
                         arrival time                           1.432
  -------------------------------------------------------------------
                         slack                                  0.352

Slack (MET) :             0.352ns  (arrival time - required time)
  Source:                 rst_n
                            (input port clocked by clk  {rise@0.000ns fall@5.000ns period=10.000ns})
  Destination:            u_cal_fsm/ss_n1_reg[7]/CLR
                            (removal check against rising-edge clock clk  {rise@0.000ns fall@5.000ns period=10.000ns})
  Path Group:             **async_default**
  Path Type:              Removal (Min at Fast Process Corner)
  Requirement:            0.000ns  (clk rise@0.000ns - clk rise@0.000ns)
  Data Path Delay:        0.932ns  (logic 0.245ns (26.336%)  route 0.687ns (73.664%))
  Logic Levels:           2  (IBUF=1 LUT1=1)
  Input Delay:            0.500ns
  Clock Path Skew:        1.032ns (DCD - SCD - CPR)
    Destination Clock Delay (DCD):    1.032ns
    Source Clock Delay      (SCD):    0.000ns
    Clock Pessimism Removal (CPR):    -0.000ns
  Clock Uncertainty:      0.135ns  ((TSJ^2 + TIJ^2)^1/2 + DJ) / 2 + PE + UU
    Total System Jitter     (TSJ):    0.071ns
    Total Input Jitter      (TIJ):    0.000ns
    Discrete Jitter          (DJ):    0.000ns
    Phase Error              (PE):    0.000ns
    User Uncertainty         (UU):    0.100ns

    Location             Delay type                Incr(ns)  Path(ns)    Netlist Resource(s)
  -------------------------------------------------------------------    -------------------
                         (clock clk rise edge)        0.000     0.000 r
                         input delay                  0.500     0.500
                                                      0.000     0.500 r  rst_n (IN)
                         net (fo=0)                   0.000     0.500    rst_n
                         IBUF (Prop_ibuf_I_O)         0.200     0.700 r  rst_n_IBUF_inst/O
                         net (fo=6, unplaced)         0.337     1.038    u_sar_subconv/rst_n_IBUF
                         LUT1 (Prop_lut1_I0_O)        0.045     1.083 f  u_sar_subconv/ss_p1[7]_i_1/O
                         net (fo=15, unplaced)        0.349     1.432    u_cal_fsm/failure_latched_reg_0
                         FDCE                                         f  u_cal_fsm/ss_n1_reg[7]/CLR
  -------------------------------------------------------------------    -------------------

                         (clock clk rise edge)        0.000     0.000 r
                                                      0.000     0.000 r  clk (IN)
                         net (fo=0)                   0.000     0.000    clk
                         IBUF (Prop_ibuf_I_O)         0.389     0.389 r  clk_IBUF_inst/O
                         net (fo=1, unplaced)         0.355     0.744    clk_IBUF
                         BUFG (Prop_bufg_I_O)         0.029     0.773 r  clk_IBUF_BUFG_inst/O
                         net (fo=595, unplaced)       0.259     1.032    u_cal_fsm/CLK
                         FDCE                                         r  u_cal_fsm/ss_n1_reg[7]/C
                         clock pessimism              0.000     1.032
                         clock uncertainty            0.135     1.168
                         FDCE (Remov_fdce_C_CLR)     -0.088     1.080    u_cal_fsm/ss_n1_reg[7]
  -------------------------------------------------------------------
                         required time                         -1.080
                         arrival time                           1.432
  -------------------------------------------------------------------
                         slack                                  0.352

Slack (MET) :             0.352ns  (arrival time - required time)
  Source:                 rst_n
                            (input port clocked by clk  {rise@0.000ns fall@5.000ns period=10.000ns})
  Destination:            u_cal_fsm/ss_p0_reg[7]/CLR
                            (removal check against rising-edge clock clk  {rise@0.000ns fall@5.000ns period=10.000ns})
  Path Group:             **async_default**
  Path Type:              Removal (Min at Fast Process Corner)
  Requirement:            0.000ns  (clk rise@0.000ns - clk rise@0.000ns)
  Data Path Delay:        0.932ns  (logic 0.245ns (26.336%)  route 0.687ns (73.664%))
  Logic Levels:           2  (IBUF=1 LUT1=1)
  Input Delay:            0.500ns
  Clock Path Skew:        1.032ns (DCD - SCD - CPR)
    Destination Clock Delay (DCD):    1.032ns
    Source Clock Delay      (SCD):    0.000ns
    Clock Pessimism Removal (CPR):    -0.000ns
  Clock Uncertainty:      0.135ns  ((TSJ^2 + TIJ^2)^1/2 + DJ) / 2 + PE + UU
    Total System Jitter     (TSJ):    0.071ns
    Total Input Jitter      (TIJ):    0.000ns
    Discrete Jitter          (DJ):    0.000ns
    Phase Error              (PE):    0.000ns
    User Uncertainty         (UU):    0.100ns

    Location             Delay type                Incr(ns)  Path(ns)    Netlist Resource(s)
  -------------------------------------------------------------------    -------------------
                         (clock clk rise edge)        0.000     0.000 r
                         input delay                  0.500     0.500
                                                      0.000     0.500 r  rst_n (IN)
                         net (fo=0)                   0.000     0.500    rst_n
                         IBUF (Prop_ibuf_I_O)         0.200     0.700 r  rst_n_IBUF_inst/O
                         net (fo=6, unplaced)         0.337     1.038    u_sar_subconv/rst_n_IBUF
                         LUT1 (Prop_lut1_I0_O)        0.045     1.083 f  u_sar_subconv/ss_p1[7]_i_1/O
                         net (fo=15, unplaced)        0.349     1.432    u_cal_fsm/failure_latched_reg_0
                         FDCE                                         f  u_cal_fsm/ss_p0_reg[7]/CLR
  -------------------------------------------------------------------    -------------------

                         (clock clk rise edge)        0.000     0.000 r
                                                      0.000     0.000 r  clk (IN)
                         net (fo=0)                   0.000     0.000    clk
                         IBUF (Prop_ibuf_I_O)         0.389     0.389 r  clk_IBUF_inst/O
                         net (fo=1, unplaced)         0.355     0.744    clk_IBUF
                         BUFG (Prop_bufg_I_O)         0.029     0.773 r  clk_IBUF_BUFG_inst/O
                         net (fo=595, unplaced)       0.259     1.032    u_cal_fsm/CLK
                         FDCE                                         r  u_cal_fsm/ss_p0_reg[7]/C
                         clock pessimism              0.000     1.032
                         clock uncertainty            0.135     1.168
                         FDCE (Remov_fdce_C_CLR)     -0.088     1.080    u_cal_fsm/ss_p0_reg[7]
  -------------------------------------------------------------------
                         required time                         -1.080
                         arrival time                           1.432
  -------------------------------------------------------------------
                         slack                                  0.352

Slack (MET) :             0.352ns  (arrival time - required time)
  Source:                 rst_n
                            (input port clocked by clk  {rise@0.000ns fall@5.000ns period=10.000ns})
  Destination:            u_cal_fsm/ss_p1_reg[7]/CLR
                            (removal check against rising-edge clock clk  {rise@0.000ns fall@5.000ns period=10.000ns})
  Path Group:             **async_default**
  Path Type:              Removal (Min at Fast Process Corner)
  Requirement:            0.000ns  (clk rise@0.000ns - clk rise@0.000ns)
  Data Path Delay:        0.932ns  (logic 0.245ns (26.336%)  route 0.687ns (73.664%))
  Logic Levels:           2  (IBUF=1 LUT1=1)
  Input Delay:            0.500ns
  Clock Path Skew:        1.032ns (DCD - SCD - CPR)
    Destination Clock Delay (DCD):    1.032ns
    Source Clock Delay      (SCD):    0.000ns
    Clock Pessimism Removal (CPR):    -0.000ns
  Clock Uncertainty:      0.135ns  ((TSJ^2 + TIJ^2)^1/2 + DJ) / 2 + PE + UU
    Total System Jitter     (TSJ):    0.071ns
    Total Input Jitter      (TIJ):    0.000ns
    Discrete Jitter          (DJ):    0.000ns
    Phase Error              (PE):    0.000ns
    User Uncertainty         (UU):    0.100ns

    Location             Delay type                Incr(ns)  Path(ns)    Netlist Resource(s)
  -------------------------------------------------------------------    -------------------
                         (clock clk rise edge)        0.000     0.000 r
                         input delay                  0.500     0.500
                                                      0.000     0.500 r  rst_n (IN)
                         net (fo=0)                   0.000     0.500    rst_n
                         IBUF (Prop_ibuf_I_O)         0.200     0.700 r  rst_n_IBUF_inst/O
                         net (fo=6, unplaced)         0.337     1.038    u_sar_subconv/rst_n_IBUF
                         LUT1 (Prop_lut1_I0_O)        0.045     1.083 f  u_sar_subconv/ss_p1[7]_i_1/O
                         net (fo=15, unplaced)        0.349     1.432    u_cal_fsm/failure_latched_reg_0
                         FDCE                                         f  u_cal_fsm/ss_p1_reg[7]/CLR
  -------------------------------------------------------------------    -------------------

                         (clock clk rise edge)        0.000     0.000 r
                                                      0.000     0.000 r  clk (IN)
                         net (fo=0)                   0.000     0.000    clk
                         IBUF (Prop_ibuf_I_O)         0.389     0.389 r  clk_IBUF_inst/O
                         net (fo=1, unplaced)         0.355     0.744    clk_IBUF
                         BUFG (Prop_bufg_I_O)         0.029     0.773 r  clk_IBUF_BUFG_inst/O
                         net (fo=595, unplaced)       0.259     1.032    u_cal_fsm/CLK
                         FDCE                                         r  u_cal_fsm/ss_p1_reg[7]/C
                         clock pessimism              0.000     1.032
                         clock uncertainty            0.135     1.168
                         FDCE (Remov_fdce_C_CLR)     -0.088     1.080    u_cal_fsm/ss_p1_reg[7]
  -------------------------------------------------------------------
                         required time                         -1.080
                         arrival time                           1.432
  -------------------------------------------------------------------
                         slack                                  0.352

Slack (MET) :             0.352ns  (arrival time - required time)
  Source:                 rst_n
                            (input port clocked by clk  {rise@0.000ns fall@5.000ns period=10.000ns})
  Destination:            u_sar_subconv/sw_n_l_reg[1][1]/CLR
                            (removal check against rising-edge clock clk  {rise@0.000ns fall@5.000ns period=10.000ns})
  Path Group:             **async_default**
  Path Type:              Removal (Min at Fast Process Corner)
  Requirement:            0.000ns  (clk rise@0.000ns - clk rise@0.000ns)
  Data Path Delay:        0.932ns  (logic 0.245ns (26.336%)  route 0.687ns (73.664%))
  Logic Levels:           2  (IBUF=1 LUT1=1)
  Input Delay:            0.500ns
  Clock Path Skew:        1.032ns (DCD - SCD - CPR)
    Destination Clock Delay (DCD):    1.032ns
    Source Clock Delay      (SCD):    0.000ns
    Clock Pessimism Removal (CPR):    -0.000ns
  Clock Uncertainty:      0.135ns  ((TSJ^2 + TIJ^2)^1/2 + DJ) / 2 + PE + UU
    Total System Jitter     (TSJ):    0.071ns
    Total Input Jitter      (TIJ):    0.000ns
    Discrete Jitter          (DJ):    0.000ns
    Phase Error              (PE):    0.000ns
    User Uncertainty         (UU):    0.100ns

    Location             Delay type                Incr(ns)  Path(ns)    Netlist Resource(s)
  -------------------------------------------------------------------    -------------------
                         (clock clk rise edge)        0.000     0.000 r
                         input delay                  0.500     0.500
                                                      0.000     0.500 r  rst_n (IN)
                         net (fo=0)                   0.000     0.500    rst_n
                         IBUF (Prop_ibuf_I_O)         0.200     0.700 r  rst_n_IBUF_inst/O
                         net (fo=6, unplaced)         0.337     1.038    u_sar_subconv/rst_n_IBUF
                         LUT1 (Prop_lut1_I0_O)        0.045     1.083 f  u_sar_subconv/ss_p1[7]_i_1/O
                         net (fo=15, unplaced)        0.349     1.432    u_sar_subconv/rst_n
                         FDCE                                         f  u_sar_subconv/sw_n_l_reg[1][1]/CLR
  -------------------------------------------------------------------    -------------------

                         (clock clk rise edge)        0.000     0.000 r
                                                      0.000     0.000 r  clk (IN)
                         net (fo=0)                   0.000     0.000    clk
                         IBUF (Prop_ibuf_I_O)         0.389     0.389 r  clk_IBUF_inst/O
                         net (fo=1, unplaced)         0.355     0.744    clk_IBUF
                         BUFG (Prop_bufg_I_O)         0.029     0.773 r  clk_IBUF_BUFG_inst/O
                         net (fo=595, unplaced)       0.259     1.032    u_sar_subconv/CLK
                         FDCE                                         r  u_sar_subconv/sw_n_l_reg[1][1]/C
                         clock pessimism              0.000     1.032
                         clock uncertainty            0.135     1.168
                         FDCE (Remov_fdce_C_CLR)     -0.088     1.080    u_sar_subconv/sw_n_l_reg[1][1]
  -------------------------------------------------------------------
                         required time                         -1.080
                         arrival time                           1.432
  -------------------------------------------------------------------
                         slack                                  0.352

Slack (MET) :             0.352ns  (arrival time - required time)
  Source:                 rst_n
                            (input port clocked by clk  {rise@0.000ns fall@5.000ns period=10.000ns})
  Destination:            u_sar_subconv/sw_n_l_reg[2][1]/CLR
                            (removal check against rising-edge clock clk  {rise@0.000ns fall@5.000ns period=10.000ns})
  Path Group:             **async_default**
  Path Type:              Removal (Min at Fast Process Corner)
  Requirement:            0.000ns  (clk rise@0.000ns - clk rise@0.000ns)
  Data Path Delay:        0.932ns  (logic 0.245ns (26.336%)  route 0.687ns (73.664%))
  Logic Levels:           2  (IBUF=1 LUT1=1)
  Input Delay:            0.500ns
  Clock Path Skew:        1.032ns (DCD - SCD - CPR)
    Destination Clock Delay (DCD):    1.032ns
    Source Clock Delay      (SCD):    0.000ns
    Clock Pessimism Removal (CPR):    -0.000ns
  Clock Uncertainty:      0.135ns  ((TSJ^2 + TIJ^2)^1/2 + DJ) / 2 + PE + UU
    Total System Jitter     (TSJ):    0.071ns
    Total Input Jitter      (TIJ):    0.000ns
    Discrete Jitter          (DJ):    0.000ns
    Phase Error              (PE):    0.000ns
    User Uncertainty         (UU):    0.100ns

    Location             Delay type                Incr(ns)  Path(ns)    Netlist Resource(s)
  -------------------------------------------------------------------    -------------------
                         (clock clk rise edge)        0.000     0.000 r
                         input delay                  0.500     0.500
                                                      0.000     0.500 r  rst_n (IN)
                         net (fo=0)                   0.000     0.500    rst_n
                         IBUF (Prop_ibuf_I_O)         0.200     0.700 r  rst_n_IBUF_inst/O
                         net (fo=6, unplaced)         0.337     1.038    u_sar_subconv/rst_n_IBUF
                         LUT1 (Prop_lut1_I0_O)        0.045     1.083 f  u_sar_subconv/ss_p1[7]_i_1/O
                         net (fo=15, unplaced)        0.349     1.432    u_sar_subconv/rst_n
                         FDCE                                         f  u_sar_subconv/sw_n_l_reg[2][1]/CLR
  -------------------------------------------------------------------    -------------------

                         (clock clk rise edge)        0.000     0.000 r
                                                      0.000     0.000 r  clk (IN)
                         net (fo=0)                   0.000     0.000    clk
                         IBUF (Prop_ibuf_I_O)         0.389     0.389 r  clk_IBUF_inst/O
                         net (fo=1, unplaced)         0.355     0.744    clk_IBUF
                         BUFG (Prop_bufg_I_O)         0.029     0.773 r  clk_IBUF_BUFG_inst/O
                         net (fo=595, unplaced)       0.259     1.032    u_sar_subconv/CLK
                         FDCE                                         r  u_sar_subconv/sw_n_l_reg[2][1]/C
                         clock pessimism              0.000     1.032
                         clock uncertainty            0.135     1.168
                         FDCE (Remov_fdce_C_CLR)     -0.088     1.080    u_sar_subconv/sw_n_l_reg[2][1]
  -------------------------------------------------------------------
                         required time                         -1.080
                         arrival time                           1.432
  -------------------------------------------------------------------
                         slack                                  0.352

Slack (MET) :             0.352ns  (arrival time - required time)
  Source:                 rst_n
                            (input port clocked by clk  {rise@0.000ns fall@5.000ns period=10.000ns})
  Destination:            u_sar_subconv/sw_n_l_reg[3][1]/CLR
                            (removal check against rising-edge clock clk  {rise@0.000ns fall@5.000ns period=10.000ns})
  Path Group:             **async_default**
  Path Type:              Removal (Min at Fast Process Corner)
  Requirement:            0.000ns  (clk rise@0.000ns - clk rise@0.000ns)
  Data Path Delay:        0.932ns  (logic 0.245ns (26.336%)  route 0.687ns (73.664%))
  Logic Levels:           2  (IBUF=1 LUT1=1)
  Input Delay:            0.500ns
  Clock Path Skew:        1.032ns (DCD - SCD - CPR)
    Destination Clock Delay (DCD):    1.032ns
    Source Clock Delay      (SCD):    0.000ns
    Clock Pessimism Removal (CPR):    -0.000ns
  Clock Uncertainty:      0.135ns  ((TSJ^2 + TIJ^2)^1/2 + DJ) / 2 + PE + UU
    Total System Jitter     (TSJ):    0.071ns
    Total Input Jitter      (TIJ):    0.000ns
    Discrete Jitter          (DJ):    0.000ns
    Phase Error              (PE):    0.000ns
    User Uncertainty         (UU):    0.100ns

    Location             Delay type                Incr(ns)  Path(ns)    Netlist Resource(s)
  -------------------------------------------------------------------    -------------------
                         (clock clk rise edge)        0.000     0.000 r
                         input delay                  0.500     0.500
                                                      0.000     0.500 r  rst_n (IN)
                         net (fo=0)                   0.000     0.500    rst_n
                         IBUF (Prop_ibuf_I_O)         0.200     0.700 r  rst_n_IBUF_inst/O
                         net (fo=6, unplaced)         0.337     1.038    u_sar_subconv/rst_n_IBUF
                         LUT1 (Prop_lut1_I0_O)        0.045     1.083 f  u_sar_subconv/ss_p1[7]_i_1/O
                         net (fo=15, unplaced)        0.349     1.432    u_sar_subconv/rst_n
                         FDCE                                         f  u_sar_subconv/sw_n_l_reg[3][1]/CLR
  -------------------------------------------------------------------    -------------------

                         (clock clk rise edge)        0.000     0.000 r
                                                      0.000     0.000 r  clk (IN)
                         net (fo=0)                   0.000     0.000    clk
                         IBUF (Prop_ibuf_I_O)         0.389     0.389 r  clk_IBUF_inst/O
                         net (fo=1, unplaced)         0.355     0.744    clk_IBUF
                         BUFG (Prop_bufg_I_O)         0.029     0.773 r  clk_IBUF_BUFG_inst/O
                         net (fo=595, unplaced)       0.259     1.032    u_sar_subconv/CLK
                         FDCE                                         r  u_sar_subconv/sw_n_l_reg[3][1]/C
                         clock pessimism              0.000     1.032
                         clock uncertainty            0.135     1.168
                         FDCE (Remov_fdce_C_CLR)     -0.088     1.080    u_sar_subconv/sw_n_l_reg[3][1]
  -------------------------------------------------------------------
                         required time                         -1.080
                         arrival time                           1.432
  -------------------------------------------------------------------
                         slack                                  0.352

Slack (MET) :             0.352ns  (arrival time - required time)
  Source:                 rst_n
                            (input port clocked by clk  {rise@0.000ns fall@5.000ns period=10.000ns})
  Destination:            u_sar_subconv/sw_n_l_reg[4][1]/CLR
                            (removal check against rising-edge clock clk  {rise@0.000ns fall@5.000ns period=10.000ns})
  Path Group:             **async_default**
  Path Type:              Removal (Min at Fast Process Corner)
  Requirement:            0.000ns  (clk rise@0.000ns - clk rise@0.000ns)
  Data Path Delay:        0.932ns  (logic 0.245ns (26.336%)  route 0.687ns (73.664%))
  Logic Levels:           2  (IBUF=1 LUT1=1)
  Input Delay:            0.500ns
  Clock Path Skew:        1.032ns (DCD - SCD - CPR)
    Destination Clock Delay (DCD):    1.032ns
    Source Clock Delay      (SCD):    0.000ns
    Clock Pessimism Removal (CPR):    -0.000ns
  Clock Uncertainty:      0.135ns  ((TSJ^2 + TIJ^2)^1/2 + DJ) / 2 + PE + UU
    Total System Jitter     (TSJ):    0.071ns
    Total Input Jitter      (TIJ):    0.000ns
    Discrete Jitter          (DJ):    0.000ns
    Phase Error              (PE):    0.000ns
    User Uncertainty         (UU):    0.100ns

    Location             Delay type                Incr(ns)  Path(ns)    Netlist Resource(s)
  -------------------------------------------------------------------    -------------------
                         (clock clk rise edge)        0.000     0.000 r
                         input delay                  0.500     0.500
                                                      0.000     0.500 r  rst_n (IN)
                         net (fo=0)                   0.000     0.500    rst_n
                         IBUF (Prop_ibuf_I_O)         0.200     0.700 r  rst_n_IBUF_inst/O
                         net (fo=6, unplaced)         0.337     1.038    u_sar_subconv/rst_n_IBUF
                         LUT1 (Prop_lut1_I0_O)        0.045     1.083 f  u_sar_subconv/ss_p1[7]_i_1/O
                         net (fo=15, unplaced)        0.349     1.432    u_sar_subconv/rst_n
                         FDCE                                         f  u_sar_subconv/sw_n_l_reg[4][1]/CLR
  -------------------------------------------------------------------    -------------------

                         (clock clk rise edge)        0.000     0.000 r
                                                      0.000     0.000 r  clk (IN)
                         net (fo=0)                   0.000     0.000    clk
                         IBUF (Prop_ibuf_I_O)         0.389     0.389 r  clk_IBUF_inst/O
                         net (fo=1, unplaced)         0.355     0.744    clk_IBUF
                         BUFG (Prop_bufg_I_O)         0.029     0.773 r  clk_IBUF_BUFG_inst/O
                         net (fo=595, unplaced)       0.259     1.032    u_sar_subconv/CLK
                         FDCE                                         r  u_sar_subconv/sw_n_l_reg[4][1]/C
                         clock pessimism              0.000     1.032
                         clock uncertainty            0.135     1.168
                         FDCE (Remov_fdce_C_CLR)     -0.088     1.080    u_sar_subconv/sw_n_l_reg[4][1]
  -------------------------------------------------------------------
                         required time                         -1.080
                         arrival time                           1.432
  -------------------------------------------------------------------
                         slack                                  0.352

Slack (MET) :             0.352ns  (arrival time - required time)
  Source:                 rst_n
                            (input port clocked by clk  {rise@0.000ns fall@5.000ns period=10.000ns})
  Destination:            u_sar_subconv/sw_n_l_reg[6][1]/CLR
                            (removal check against rising-edge clock clk  {rise@0.000ns fall@5.000ns period=10.000ns})
  Path Group:             **async_default**
  Path Type:              Removal (Min at Fast Process Corner)
  Requirement:            0.000ns  (clk rise@0.000ns - clk rise@0.000ns)
  Data Path Delay:        0.932ns  (logic 0.245ns (26.336%)  route 0.687ns (73.664%))
  Logic Levels:           2  (IBUF=1 LUT1=1)
  Input Delay:            0.500ns
  Clock Path Skew:        1.032ns (DCD - SCD - CPR)
    Destination Clock Delay (DCD):    1.032ns
    Source Clock Delay      (SCD):    0.000ns
    Clock Pessimism Removal (CPR):    -0.000ns
  Clock Uncertainty:      0.135ns  ((TSJ^2 + TIJ^2)^1/2 + DJ) / 2 + PE + UU
    Total System Jitter     (TSJ):    0.071ns
    Total Input Jitter      (TIJ):    0.000ns
    Discrete Jitter          (DJ):    0.000ns
    Phase Error              (PE):    0.000ns
    User Uncertainty         (UU):    0.100ns

    Location             Delay type                Incr(ns)  Path(ns)    Netlist Resource(s)
  -------------------------------------------------------------------    -------------------
                         (clock clk rise edge)        0.000     0.000 r
                         input delay                  0.500     0.500
                                                      0.000     0.500 r  rst_n (IN)
                         net (fo=0)                   0.000     0.500    rst_n
                         IBUF (Prop_ibuf_I_O)         0.200     0.700 r  rst_n_IBUF_inst/O
                         net (fo=6, unplaced)         0.337     1.038    u_sar_subconv/rst_n_IBUF
                         LUT1 (Prop_lut1_I0_O)        0.045     1.083 f  u_sar_subconv/ss_p1[7]_i_1/O
                         net (fo=15, unplaced)        0.349     1.432    u_sar_subconv/rst_n
                         FDCE                                         f  u_sar_subconv/sw_n_l_reg[6][1]/CLR
  -------------------------------------------------------------------    -------------------

                         (clock clk rise edge)        0.000     0.000 r
                                                      0.000     0.000 r  clk (IN)
                         net (fo=0)                   0.000     0.000    clk
                         IBUF (Prop_ibuf_I_O)         0.389     0.389 r  clk_IBUF_inst/O
                         net (fo=1, unplaced)         0.355     0.744    clk_IBUF
                         BUFG (Prop_bufg_I_O)         0.029     0.773 r  clk_IBUF_BUFG_inst/O
                         net (fo=595, unplaced)       0.259     1.032    u_sar_subconv/CLK
                         FDCE                                         r  u_sar_subconv/sw_n_l_reg[6][1]/C
                         clock pessimism              0.000     1.032
                         clock uncertainty            0.135     1.168
                         FDCE (Remov_fdce_C_CLR)     -0.088     1.080    u_sar_subconv/sw_n_l_reg[6][1]
  -------------------------------------------------------------------
                         required time                         -1.080
                         arrival time                           1.432
  -------------------------------------------------------------------
                         slack                                  0.352
